2026-08-05 15:00:00 [DASHBOARD] 🚀 Run: 2026-08-05 15:00:00.092307
2026-08-05 15:00:46 [DASHBOARD] ✅ ALL_TOTAL success
2026-08-05 15:00:46 [DASHBOARD] ✅ fb-h5-a success
2026-08-05 15:00:46 [DASHBOARD] ✅ fb-pwa-b success
2026-08-05 15:00:46 [DASHBOARD] ✅ fb-ios success
2026-08-05 15:00:46 [DASHBOARD] ✅ fb-pwa-a success
2026-08-05 15:00:46 [DASHBOARD] ✅ fb-h5-b success
2026-08-05 15:00:46 [DASHBOARD] ✅ tt-pwa success
2026-08-05 15:00:46 [DASHBOARD] ✅ kwai-pwa success
2026-08-05 15:00:46 [DASHBOARD] ✅ fb-pwa success
2026-08-05 15:00:46 [DASHBOARD] ✅ 上架包 success
2026-08-05 15:00:46 [DASHBOARD] ✅ tt-h5 success
2026-08-05 15:00:46 [DASHBOARD] ✅ DL success
2026-08-05 15:00:46 [DASHBOARD] ✅ 其他 success
2026-08-05 15:00:46 [DASHBOARD] Brazil now : 2026-08-05 04:00:00.340056-03:00
2026-08-05 15:00:46 [DASHBOARD] Report day : 2026-08-05
2026-08-05 15:00:46 [DASHBOARD] Yesterday  : 2026-08-04
2026-08-05 15:00:46 [DASHBOARD] Hour start : 2026-08-04 03:00:00+00:00
2026-08-05 15:00:46 [DASHBOARD] Hour end   : 2026-08-04 06:59:59+00:00
2026-08-05 15:00:46 [DASHBOARD] Brazil now : 2026-08-05 04:00:00.340056-03:00
2026-08-05 15:00:46 [DASHBOARD] Hour start : 2026-08-04 03:00:00+00:00
2026-08-05 15:00:46 [DASHBOARD] Hour end   : 2026-08-04 06:59:59+00:00
2026-08-05 15:00:46 [DASHBOARD] ✅ hour ALL_TOTAL
2026-08-05 15:00:46 [DASHBOARD] ✅ hour fb-pwa-b
2026-08-05 15:00:46 [DASHBOARD] ✅ hour tt-h5
2026-08-05 15:00:46 [DASHBOARD] ✅ hour fb-pwa-a
2026-08-05 15:00:46 [DASHBOARD] ✅ hour fb-ios
2026-08-05 15:00:46 [DASHBOARD] ✅ hour tt-pwa
2026-08-05 15:00:46 [DASHBOARD] ✅ hour fb-h5-a
2026-08-05 15:00:46 [DASHBOARD] ✅ hour fb-pwa
2026-08-05 15:00:46 [DASHBOARD] ✅ hour kwai-pwa
2026-08-05 15:00:46 [DASHBOARD] ✅ hour 上架包
2026-08-05 15:00:46 [DASHBOARD] ✅ hour fb-h5-b
2026-08-05 15:00:46 [DASHBOARD] ✅ hour DL
2026-08-05 15:00:46 [DASHBOARD] ✅ hour 其他
2026-08-05 15:00:46 [DASHBOARD] ✅ retention ALL
2026-08-05 15:00:46 [DASHBOARD] ✅ retention fb-ios
2026-08-05 15:00:46 [DASHBOARD] ✅ retention tt-pwa
2026-08-05 15:00:46 [DASHBOARD] ✅ retention kwai-pwa
2026-08-05 15:00:46 [DASHBOARD] ✅ retention fb-pwa
2026-08-05 15:00:46 [DASHBOARD] ✅ retention tt-h5
2026-08-05 15:00:46 [DASHBOARD] ✅ retention 上架包
2026-08-05 15:00:46 [DASHBOARD] ✅ retention fb-h5-a
2026-08-05 15:00:46 [DASHBOARD] ✅ retention fb-h5-b
2026-08-05 15:00:46 [DASHBOARD] ✅ retention fb-pwa-a
2026-08-05 15:00:46 [DASHBOARD] ✅ retention fb-pwa-b
2026-08-05 15:00:46 [DASHBOARD] ✅ retention DL
2026-08-05 15:00:46 [DASHBOARD] ✅ retention 其他
2026-08-05 15:00:46 [DASHBOARD] Loading realtime data...
2026-08-05 15:00:46 [DASHBOARD] ✅ realtime 2026-08-05
2026-08-05 15:00:46 [DASHBOARD] ✅ realtime 2026-08-04
2026-08-05 15:00:46 [DASHBOARD] ✅ realtime 2026-08-03
2026-08-05 15:00:46 [DASHBOARD] ✅ realtime 2026-08-02
2026-08-05 15:00:46 [DASHBOARD] ✅ Saved: /Users/xiaoruan/Documents/76b-getdata/data.json
2026-08-05 15:00:46 [DASHBOARD] ✅ Commit success
2026-08-05 15:00:46 [DASHBOARD] ✅ GitHub updated
2026-08-05 15:01:22 [DASHBOARD] ✅ ALL_TOTAL success
2026-08-05 15:01:22 [DASHBOARD] ✅ tt-pwa success
2026-08-05 15:01:22 [DASHBOARD] ✅ fb-pwa success
2026-08-05 15:01:22 [DASHBOARD] ✅ fb-h5 success
2026-08-05 15:01:22 [DASHBOARD] ✅ fb-h5-a success
2026-08-05 15:01:22 [DASHBOARD] ✅ 其他 success
2026-08-05 15:01:22 [DASHBOARD] ✅ 回访 success
2026-08-05 15:01:22 [DASHBOARD] ✅ fb-pwa-a success
2026-08-05 15:01:22 [DASHBOARD] ✅ dsp-h5 success
2026-08-05 15:01:22 [DASHBOARD] ✅ kwai-pwa success
2026-08-05 15:01:22 [DASHBOARD] ✅ fb-ios success
2026-08-05 15:01:22 [DASHBOARD] ✅ ws-h5 success
2026-08-05 15:01:22 [DASHBOARD] Brazil now : 2026-08-05 04:00:46.607671-03:00
2026-08-05 15:01:22 [DASHBOARD] Report day : 2026-08-05
2026-08-05 15:01:22 [DASHBOARD] Yesterday  : 2026-08-04
2026-08-05 15:01:22 [DASHBOARD] Hour start : 2026-08-04 03:00:00+00:00
2026-08-05 15:01:22 [DASHBOARD] Hour end   : 2026-08-04 06:59:59+00:00
2026-08-05 15:01:22 [DASHBOARD] Brazil now : 2026-08-05 04:00:46.607671-03:00
2026-08-05 15:01:22 [DASHBOARD] Hour start : 2026-08-04 03:00:00+00:00
2026-08-05 15:01:22 [DASHBOARD] Hour end   : 2026-08-04 06:59:59+00:00
2026-08-05 15:01:22 [DASHBOARD] ✅ hour ALL_TOTAL
2026-08-05 15:01:22 [DASHBOARD] ✅ hour fb-h5-a
2026-08-05 15:01:22 [DASHBOARD] ✅ hour 回访
2026-08-05 15:01:22 [DASHBOARD] ✅ hour fb-pwa
2026-08-05 15:01:22 [DASHBOARD] ✅ hour kwai-pwa
2026-08-05 15:01:22 [DASHBOARD] ✅ hour tt-pwa
2026-08-05 15:01:22 [DASHBOARD] ✅ hour 其他
2026-08-05 15:01:22 [DASHBOARD] ✅ hour fb-ios
2026-08-05 15:01:22 [DASHBOARD] ✅ hour fb-pwa-a
2026-08-05 15:01:22 [DASHBOARD] ✅ hour ws-h5
2026-08-05 15:01:22 [DASHBOARD] ✅ hour dsp-h5
2026-08-05 15:01:22 [DASHBOARD] ✅ hour fb-h5
2026-08-05 15:01:22 [DASHBOARD] ✅ retention ALL
2026-08-05 15:01:22 [DASHBOARD] ✅ retention tt-pwa
2026-08-05 15:01:22 [DASHBOARD] ✅ retention 其他
2026-08-05 15:01:22 [DASHBOARD] ✅ retention fb-h5-a
2026-08-05 15:01:22 [DASHBOARD] ✅ retention dsp-h5
2026-08-05 15:01:22 [DASHBOARD] ✅ retention fb-pwa-a
2026-08-05 15:01:22 [DASHBOARD] ✅ retention kwai-pwa
2026-08-05 15:01:22 [DASHBOARD] ✅ retention fb-ios
2026-08-05 15:01:22 [DASHBOARD] ✅ retention fb-pwa
2026-08-05 15:01:22 [DASHBOARD] ✅ retention fb-h5
2026-08-05 15:01:22 [DASHBOARD] ✅ retention 回访
2026-08-05 15:01:22 [DASHBOARD] ✅ retention ws-h5
2026-08-05 15:01:22 [DASHBOARD] Loading realtime data...
2026-08-05 15:01:22 [DASHBOARD] ✅ realtime 2026-08-05
2026-08-05 15:01:22 [DASHBOARD] ✅ realtime 2026-08-04
2026-08-05 15:01:22 [DASHBOARD] ✅ realtime 2026-08-03
2026-08-05 15:01:22 [DASHBOARD] ✅ realtime 2026-08-02
2026-08-05 15:01:22 [DASHBOARD] ✅ Saved: /Users/xiaoruan/Documents/76b-getdata/nn22.json
2026-08-05 15:01:22 [DASHBOARD] ✅ Commit success
2026-08-05 15:01:22 [DASHBOARD] ✅ GitHub updated
2026-08-05 15:01:56 [DASHBOARD] ✅ ALL_TOTAL success
2026-08-05 15:01:56 [DASHBOARD] ✅ tt-pwa success
2026-08-05 15:01:56 [DASHBOARD] ✅ fb-pwa success
2026-08-05 15:01:56 [DASHBOARD] ✅ fb-pwa-a success
2026-08-05 15:01:56 [DASHBOARD] ✅ kwai-pwa success
2026-08-05 15:01:56 [DASHBOARD] ✅ fb-ios success
2026-08-05 15:01:56 [DASHBOARD] ✅ fb-h5 success
2026-08-05 15:01:56 [DASHBOARD] ✅ DL success
2026-08-05 15:01:56 [DASHBOARD] ✅ fb-pwa-b success
2026-08-05 15:01:56 [DASHBOARD] ✅ fb-h5-a success
2026-08-05 15:01:56 [DASHBOARD] ✅ 其他 success
2026-08-05 15:01:56 [DASHBOARD] ✅ ws-h5 success
2026-08-05 15:01:56 [DASHBOARD] ✅ 上架包 success
2026-08-05 15:01:56 [DASHBOARD] Brazil now : 2026-08-05 04:01:22.839357-03:00
2026-08-05 15:01:56 [DASHBOARD] Report day : 2026-08-05
2026-08-05 15:01:56 [DASHBOARD] Yesterday  : 2026-08-04
2026-08-05 15:01:56 [DASHBOARD] Hour start : 2026-08-04 03:00:00+00:00
2026-08-05 15:01:56 [DASHBOARD] Hour end   : 2026-08-04 06:59:59+00:00
2026-08-05 15:01:56 [DASHBOARD] Brazil now : 2026-08-05 04:01:22.839357-03:00
2026-08-05 15:01:56 [DASHBOARD] Hour start : 2026-08-04 03:00:00+00:00
2026-08-05 15:01:56 [DASHBOARD] Hour end   : 2026-08-04 06:59:59+00:00
2026-08-05 15:01:56 [DASHBOARD] ✅ hour ALL_TOTAL
2026-08-05 15:01:56 [DASHBOARD] ✅ hour fb-h5-a
2026-08-05 15:01:56 [DASHBOARD] ✅ hour fb-pwa
2026-08-05 15:01:56 [DASHBOARD] ✅ hour tt-pwa
2026-08-05 15:01:56 [DASHBOARD] ✅ hour fb-h5
2026-08-05 15:01:56 [DASHBOARD] ✅ hour fb-ios
2026-08-05 15:01:56 [DASHBOARD] ✅ hour fb-pwa-a
2026-08-05 15:01:56 [DASHBOARD] ✅ hour 其他
2026-08-05 15:01:56 [DASHBOARD] ✅ hour kwai-pwa
2026-08-05 15:01:56 [DASHBOARD] ✅ hour fb-pwa-b
2026-08-05 15:01:56 [DASHBOARD] ✅ hour DL
2026-08-05 15:01:56 [DASHBOARD] ✅ hour 上架包
2026-08-05 15:01:56 [DASHBOARD] ✅ hour ws-h5
2026-08-05 15:01:56 [DASHBOARD] ✅ retention ALL
2026-08-05 15:01:56 [DASHBOARD] ✅ retention fb-ios
2026-08-05 15:01:56 [DASHBOARD] ✅ retention fb-pwa
2026-08-05 15:01:56 [DASHBOARD] ✅ retention fb-pwa-b
2026-08-05 15:01:56 [DASHBOARD] ✅ retention 上架包
2026-08-05 15:01:56 [DASHBOARD] ✅ retention kwai-pwa
2026-08-05 15:01:56 [DASHBOARD] ✅ retention tt-pwa
2026-08-05 15:01:56 [DASHBOARD] ✅ retention fb-h5
2026-08-05 15:01:56 [DASHBOARD] ✅ retention fb-pwa-a
2026-08-05 15:01:56 [DASHBOARD] ✅ retention DL
2026-08-05 15:01:56 [DASHBOARD] ✅ retention fb-h5-a
2026-08-05 15:01:56 [DASHBOARD] ✅ retention ws-h5
2026-08-05 15:01:56 [DASHBOARD] ✅ retention 其他
2026-08-05 15:01:56 [DASHBOARD] Loading realtime data...
2026-08-05 15:01:56 [DASHBOARD] ✅ realtime 2026-08-05
2026-08-05 15:01:56 [DASHBOARD] ✅ realtime 2026-08-04
2026-08-05 15:01:56 [DASHBOARD] ✅ realtime 2026-08-03
2026-08-05 15:01:56 [DASHBOARD] ✅ realtime 2026-08-02
2026-08-05 15:01:56 [DASHBOARD] ✅ Saved: /Users/xiaoruan/Documents/76b-getdata/23a.json
2026-08-05 15:01:56 [DASHBOARD] ✅ Commit success
2026-08-05 15:01:56 [DASHBOARD] ✅ GitHub updated
2026-08-05 15:02:22 [DASHBOARD] ✅ ALL_TOTAL success
2026-08-05 15:02:22 [DASHBOARD] ✅ fb-pwa success
2026-08-05 15:02:22 [DASHBOARD] ✅ fb-pwa-a success
2026-08-05 15:02:22 [DASHBOARD] ✅ fb-h5 success
2026-08-05 15:02:22 [DASHBOARD] ✅ kwai-pwa success
2026-08-05 15:02:22 [DASHBOARD] ✅ 上架包 success
2026-08-05 15:02:22 [DASHBOARD] ✅ 其他 success
2026-08-05 15:02:22 [DASHBOARD] ✅ fb-pwa-b success
2026-08-05 15:02:22 [DASHBOARD] ✅ DL success
2026-08-05 15:02:22 [DASHBOARD] ✅ tt-pwa success
2026-08-05 15:02:22 [DASHBOARD] ✅ fb-ios success
2026-08-05 15:02:22 [DASHBOARD] Brazil now : 2026-08-05 04:01:56.802501-03:00
2026-08-05 15:02:22 [DASHBOARD] Report day : 2026-08-05
2026-08-05 15:02:22 [DASHBOARD] Yesterday  : 2026-08-04
2026-08-05 15:02:22 [DASHBOARD] Hour start : 2026-08-04 03:00:00+00:00
2026-08-05 15:02:22 [DASHBOARD] Hour end   : 2026-08-04 06:59:59+00:00
2026-08-05 15:02:22 [DASHBOARD] Brazil now : 2026-08-05 04:01:56.802501-03:00
2026-08-05 15:02:22 [DASHBOARD] Hour start : 2026-08-04 03:00:00+00:00
2026-08-05 15:02:22 [DASHBOARD] Hour end   : 2026-08-04 06:59:59+00:00
2026-08-05 15:02:22 [DASHBOARD] ✅ hour ALL_TOTAL
2026-08-05 15:02:22 [DASHBOARD] ✅ hour 其他
2026-08-05 15:02:22 [DASHBOARD] ✅ hour 上架包
2026-08-05 15:02:22 [DASHBOARD] ✅ hour DL
2026-08-05 15:02:22 [DASHBOARD] ✅ hour fb-pwa-b
2026-08-05 15:02:22 [DASHBOARD] ✅ hour kwai-pwa
2026-08-05 15:02:22 [DASHBOARD] ✅ hour fb-h5
2026-08-05 15:02:22 [DASHBOARD] ✅ hour fb-pwa-a
2026-08-05 15:02:22 [DASHBOARD] ✅ hour tt-pwa
2026-08-05 15:02:22 [DASHBOARD] ✅ hour fb-pwa
2026-08-05 15:02:22 [DASHBOARD] ✅ hour fb-ios
2026-08-05 15:02:22 [DASHBOARD] ✅ retention ALL
2026-08-05 15:02:22 [DASHBOARD] ✅ retention fb-ios
2026-08-05 15:02:22 [DASHBOARD] ✅ retention fb-pwa-a
2026-08-05 15:02:22 [DASHBOARD] ✅ retention fb-h5
2026-08-05 15:02:22 [DASHBOARD] ✅ retention fb-pwa-b
2026-08-05 15:02:22 [DASHBOARD] ✅ retention tt-pwa
2026-08-05 15:02:22 [DASHBOARD] ✅ retention kwai-pwa
2026-08-05 15:02:22 [DASHBOARD] ✅ retention 其他
2026-08-05 15:02:22 [DASHBOARD] ✅ retention DL
2026-08-05 15:02:22 [DASHBOARD] ✅ retention fb-pwa
2026-08-05 15:02:22 [DASHBOARD] ✅ retention 上架包
2026-08-05 15:02:22 [DASHBOARD] Loading realtime data...
2026-08-05 15:02:22 [DASHBOARD] ✅ realtime 2026-08-05
2026-08-05 15:02:22 [DASHBOARD] ✅ realtime 2026-08-04
2026-08-05 15:02:22 [DASHBOARD] ✅ realtime 2026-08-03
2026-08-05 15:02:22 [DASHBOARD] ✅ realtime 2026-08-02
2026-08-05 15:02:22 [DASHBOARD] ✅ Saved: /Users/xiaoruan/Documents/76b-getdata/23e.json
2026-08-05 15:02:22 [DASHBOARD] ✅ Commit success
2026-08-05 15:02:22 [DASHBOARD] ✅ GitHub updated
2026-08-05 15:02:22 [DASHBOARD] ✅ Done
2026-08-05 15:02:22 [DASHBOARD] ✅ 推广汇总更新完成
2026-08-05 15:32:04 [shujugenjin] ---> [1/25] 正在处理: Site 73J
2026-08-05 15:32:08 [shujugenjin] ---> [2/25] 正在处理: Site 23E
2026-08-05 15:32:12 [shujugenjin] ---> [3/25] 正在处理: Site 23A
2026-08-05 15:32:15 [shujugenjin] ---> [4/25] 正在处理: Site NN22
2026-08-05 15:32:18 [shujugenjin] ---> [5/25] 正在处理: Site 76B
2026-08-05 15:32:21 [shujugenjin] ---> [6/25] 正在处理: Site 5BBB
2026-08-05 15:32:25 [shujugenjin] ---> [7/25] 正在处理: Site XXX7
2026-08-05 15:32:28 [shujugenjin] ---> [8/25] 正在处理: Site WW33
2026-08-05 15:32:33 [shujugenjin] ---> [9/25] 正在处理: Site 55UU
2026-08-05 15:32:36 [shujugenjin] ---> [10/25] 正在处理: Site EE44
2026-08-05 15:32:39 [shujugenjin] ---> [11/25] 正在处理: Site BB22
2026-08-05 15:32:41 [shujugenjin] ---> [12/25] 正在处理: Site 7JJJ
2026-08-05 15:32:44 [shujugenjin] ---> [13/25] 正在处理: Site XXX1
2026-08-05 15:32:47 [shujugenjin] ---> [14/25] 正在处理: Site 44WW
2026-08-05 15:32:50 [shujugenjin] ---> [15/25] 正在处理: Site 33NN
2026-08-05 15:32:52 [shujugenjin] ---> [16/25] 正在处理: Site RR66
2026-08-05 15:32:55 [shujugenjin] ---> [17/25] 正在处理: Site KK44
2026-08-05 15:32:58 [shujugenjin] ---> [18/25] 正在处理: Site 33CC
2026-08-05 15:33:01 [shujugenjin] ---> [19/25] 正在处理: Site 22CC
2026-08-05 15:33:04 [shujugenjin] ---> [20/25] 正在处理: Site 77SS
2026-08-05 15:33:07 [shujugenjin] ---> [21/25] 正在处理: Site 11CC
2026-08-05 15:33:10 [shujugenjin] ---> [22/25] 正在处理: Site 99SS
2026-08-05 15:33:13 [shujugenjin] ---> [23/25] 正在处理: Site 66AA
2026-08-05 15:33:16 [shujugenjin] ---> [24/25] 正在处理: Site 77GG
2026-08-05 15:33:20 [shujugenjin] ---> [25/25] 正在处理: Site 77BB
2026-08-05 15:33:45 [shujugenjin] 🎉所有站点综合分析图片及文字报告已成功发送至 Telegram！
2026-08-05 16:00:00 [DASHBOARD] 🚀 Run: 2026-08-05 16:00:00.021448
2026-08-05 16:00:51 [DASHBOARD] ✅ ALL_TOTAL success
2026-08-05 16:00:51 [DASHBOARD] ✅ fb-pwa-a success
2026-08-05 16:00:51 [DASHBOARD] ✅ fb-ios success
2026-08-05 16:00:51 [DASHBOARD] ✅ fb-h5-b success
2026-08-05 16:00:51 [DASHBOARD] ✅ fb-pwa success
2026-08-05 16:00:51 [DASHBOARD] ✅ kwai-pwa success
2026-08-05 16:00:51 [DASHBOARD] ✅ fb-pwa-b success
2026-08-05 16:00:51 [DASHBOARD] ✅ 上架包 success
2026-08-05 16:00:51 [DASHBOARD] ✅ fb-h5-a success
2026-08-05 16:00:51 [DASHBOARD] ✅ tt-pwa success
2026-08-05 16:00:51 [DASHBOARD] ✅ tt-h5 success
2026-08-05 16:00:51 [DASHBOARD] ✅ 其他 success
2026-08-05 16:00:51 [DASHBOARD] ✅ DL success
2026-08-05 16:00:51 [DASHBOARD] Brazil now : 2026-08-05 05:00:00.222883-03:00
2026-08-05 16:00:51 [DASHBOARD] Report day : 2026-08-05
2026-08-05 16:00:51 [DASHBOARD] Yesterday  : 2026-08-04
2026-08-05 16:00:51 [DASHBOARD] Hour start : 2026-08-04 03:00:00+00:00
2026-08-05 16:00:51 [DASHBOARD] Hour end   : 2026-08-04 07:59:59+00:00
2026-08-05 16:00:51 [DASHBOARD] Brazil now : 2026-08-05 05:00:00.222883-03:00
2026-08-05 16:00:51 [DASHBOARD] Hour start : 2026-08-04 03:00:00+00:00
2026-08-05 16:00:51 [DASHBOARD] Hour end   : 2026-08-04 07:59:59+00:00
2026-08-05 16:00:51 [DASHBOARD] ✅ hour ALL_TOTAL
2026-08-05 16:00:51 [DASHBOARD] ✅ hour fb-pwa
2026-08-05 16:00:51 [DASHBOARD] ✅ hour fb-ios
2026-08-05 16:00:51 [DASHBOARD] ✅ hour tt-h5
2026-08-05 16:00:51 [DASHBOARD] ✅ hour fb-h5-a
2026-08-05 16:00:51 [DASHBOARD] ✅ hour kwai-pwa
2026-08-05 16:00:51 [DASHBOARD] ✅ hour 上架包
2026-08-05 16:00:51 [DASHBOARD] ✅ hour fb-pwa-b
2026-08-05 16:00:51 [DASHBOARD] ✅ hour fb-h5-b
2026-08-05 16:00:51 [DASHBOARD] ✅ hour fb-pwa-a
2026-08-05 16:00:51 [DASHBOARD] ✅ hour DL
2026-08-05 16:00:51 [DASHBOARD] ✅ hour tt-pwa
2026-08-05 16:00:51 [DASHBOARD] ✅ hour 其他
2026-08-05 16:00:51 [DASHBOARD] ✅ retention ALL
2026-08-05 16:00:51 [DASHBOARD] ✅ retention fb-h5-b
2026-08-05 16:00:51 [DASHBOARD] ✅ retention fb-pwa-a
2026-08-05 16:00:51 [DASHBOARD] ✅ retention 上架包
2026-08-05 16:00:51 [DASHBOARD] ✅ retention tt-pwa
2026-08-05 16:00:51 [DASHBOARD] ✅ retention fb-pwa-b
2026-08-05 16:00:51 [DASHBOARD] ✅ retention fb-ios
2026-08-05 16:00:51 [DASHBOARD] ✅ retention kwai-pwa
2026-08-05 16:00:51 [DASHBOARD] ✅ retention fb-h5-a
2026-08-05 16:00:51 [DASHBOARD] ✅ retention tt-h5
2026-08-05 16:00:51 [DASHBOARD] ✅ retention fb-pwa
2026-08-05 16:00:51 [DASHBOARD] ✅ retention DL
2026-08-05 16:00:51 [DASHBOARD] ✅ retention 其他
2026-08-05 16:00:51 [DASHBOARD] Loading realtime data...
2026-08-05 16:00:51 [DASHBOARD] ✅ realtime 2026-08-05
2026-08-05 16:00:51 [DASHBOARD] ✅ realtime 2026-08-04
2026-08-05 16:00:51 [DASHBOARD] ✅ realtime 2026-08-03
2026-08-05 16:00:51 [DASHBOARD] ✅ realtime 2026-08-02
2026-08-05 16:00:51 [DASHBOARD] ✅ Saved: /Users/xiaoruan/Documents/76b-getdata/data.json
2026-08-05 16:00:51 [DASHBOARD] ✅ Commit success
2026-08-05 16:00:51 [DASHBOARD] ✅ GitHub updated
2026-08-05 16:01:20 [DASHBOARD] ✅ ALL_TOTAL success
2026-08-05 16:01:20 [DASHBOARD] ✅ 其他 success
2026-08-05 16:01:20 [DASHBOARD] ✅ fb-pwa-a success
2026-08-05 16:01:20 [DASHBOARD] ✅ kwai-pwa success
2026-08-05 16:01:20 [DASHBOARD] ✅ 回访 success
2026-08-05 16:01:20 [DASHBOARD] ✅ dsp-h5 success
2026-08-05 16:01:20 [DASHBOARD] ✅ fb-h5-a success
2026-08-05 16:01:20 [DASHBOARD] ✅ fb-pwa success
2026-08-05 16:01:20 [DASHBOARD] ✅ fb-ios success
2026-08-05 16:01:20 [DASHBOARD] ✅ tt-pwa success
2026-08-05 16:01:20 [DASHBOARD] ✅ ws-h5 success
2026-08-05 16:01:20 [DASHBOARD] ✅ fb-h5 success
2026-08-05 16:01:20 [DASHBOARD] Brazil now : 2026-08-05 05:00:51.414082-03:00
2026-08-05 16:01:20 [DASHBOARD] Report day : 2026-08-05
2026-08-05 16:01:20 [DASHBOARD] Yesterday  : 2026-08-04
2026-08-05 16:01:20 [DASHBOARD] Hour start : 2026-08-04 03:00:00+00:00
2026-08-05 16:01:20 [DASHBOARD] Hour end   : 2026-08-04 07:59:59+00:00
2026-08-05 16:01:20 [DASHBOARD] Brazil now : 2026-08-05 05:00:51.414082-03:00
2026-08-05 16:01:20 [DASHBOARD] Hour start : 2026-08-04 03:00:00+00:00
2026-08-05 16:01:20 [DASHBOARD] Hour end   : 2026-08-04 07:59:59+00:00
2026-08-05 16:01:20 [DASHBOARD] ✅ hour ALL_TOTAL
2026-08-05 16:01:20 [DASHBOARD] ✅ hour fb-ios
2026-08-05 16:01:20 [DASHBOARD] ✅ hour fb-h5
2026-08-05 16:01:20 [DASHBOARD] ✅ hour fb-h5-a
2026-08-05 16:01:20 [DASHBOARD] ✅ hour fb-pwa-a
2026-08-05 16:01:20 [DASHBOARD] ✅ hour tt-pwa
2026-08-05 16:01:20 [DASHBOARD] ✅ hour dsp-h5
2026-08-05 16:01:20 [DASHBOARD] ✅ hour kwai-pwa
2026-08-05 16:01:20 [DASHBOARD] ✅ hour ws-h5
2026-08-05 16:01:20 [DASHBOARD] ✅ hour fb-pwa
2026-08-05 16:01:20 [DASHBOARD] ✅ hour 回访
2026-08-05 16:01:20 [DASHBOARD] ✅ hour 其他
2026-08-05 16:01:20 [DASHBOARD] ✅ retention ALL
2026-08-05 16:01:20 [DASHBOARD] ✅ retention 其他
2026-08-05 16:01:20 [DASHBOARD] ✅ retention kwai-pwa
2026-08-05 16:01:20 [DASHBOARD] ✅ retention fb-h5-a
2026-08-05 16:01:20 [DASHBOARD] ✅ retention fb-h5
2026-08-05 16:01:20 [DASHBOARD] ✅ retention fb-ios
2026-08-05 16:01:20 [DASHBOARD] ✅ retention dsp-h5
2026-08-05 16:01:20 [DASHBOARD] ✅ retention fb-pwa-a
2026-08-05 16:01:20 [DASHBOARD] ✅ retention 回访
2026-08-05 16:01:20 [DASHBOARD] ✅ retention fb-pwa
2026-08-05 16:01:20 [DASHBOARD] ✅ retention ws-h5
2026-08-05 16:01:20 [DASHBOARD] ✅ retention tt-pwa
2026-08-05 16:01:20 [DASHBOARD] Loading realtime data...
2026-08-05 16:01:20 [DASHBOARD] ✅ realtime 2026-08-05
2026-08-05 16:01:20 [DASHBOARD] ✅ realtime 2026-08-04
2026-08-05 16:01:20 [DASHBOARD] ✅ realtime 2026-08-03
2026-08-05 16:01:20 [DASHBOARD] ✅ realtime 2026-08-02
2026-08-05 16:01:20 [DASHBOARD] ✅ Saved: /Users/xiaoruan/Documents/76b-getdata/nn22.json
2026-08-05 16:01:20 [DASHBOARD] ✅ Commit success
2026-08-05 16:01:20 [DASHBOARD] ✅ GitHub updated
2026-08-05 16:01:45 [DASHBOARD] ✅ ALL_TOTAL success
2026-08-05 16:01:45 [DASHBOARD] ✅ tt-pwa success
2026-08-05 16:01:45 [DASHBOARD] ✅ fb-pwa-a success
2026-08-05 16:01:45 [DASHBOARD] ✅ kwai-pwa success
2026-08-05 16:01:45 [DASHBOARD] ✅ fb-h5 success
2026-08-05 16:01:45 [DASHBOARD] ✅ fb-pwa success
2026-08-05 16:01:45 [DASHBOARD] ✅ fb-h5-a success
2026-08-05 16:01:45 [DASHBOARD] ✅ fb-ios success
2026-08-05 16:01:45 [DASHBOARD] ✅ fb-pwa-b success
2026-08-05 16:01:45 [DASHBOARD] ✅ DL success
2026-08-05 16:01:45 [DASHBOARD] ✅ 上架包 success
2026-08-05 16:01:45 [DASHBOARD] ✅ 其他 success
2026-08-05 16:01:45 [DASHBOARD] ✅ ws-h5 success
2026-08-05 16:01:45 [DASHBOARD] Brazil now : 2026-08-05 05:01:20.837530-03:00
2026-08-05 16:01:45 [DASHBOARD] Report day : 2026-08-05
2026-08-05 16:01:45 [DASHBOARD] Yesterday  : 2026-08-04
2026-08-05 16:01:45 [DASHBOARD] Hour start : 2026-08-04 03:00:00+00:00
2026-08-05 16:01:45 [DASHBOARD] Hour end   : 2026-08-04 07:59:59+00:00
2026-08-05 16:01:45 [DASHBOARD] Brazil now : 2026-08-05 05:01:20.837530-03:00
2026-08-05 16:01:45 [DASHBOARD] Hour start : 2026-08-04 03:00:00+00:00
2026-08-05 16:01:45 [DASHBOARD] Hour end   : 2026-08-04 07:59:59+00:00
2026-08-05 16:01:45 [DASHBOARD] ✅ hour ALL_TOTAL
2026-08-05 16:01:45 [DASHBOARD] ✅ hour fb-ios
2026-08-05 16:01:45 [DASHBOARD] ✅ hour fb-pwa
2026-08-05 16:01:45 [DASHBOARD] ✅ hour fb-pwa-a
2026-08-05 16:01:45 [DASHBOARD] ✅ hour tt-pwa
2026-08-05 16:01:45 [DASHBOARD] ✅ hour DL
2026-08-05 16:01:45 [DASHBOARD] ✅ hour kwai-pwa
2026-08-05 16:01:45 [DASHBOARD] ✅ hour fb-h5
2026-08-05 16:01:45 [DASHBOARD] ✅ hour fb-pwa-b
2026-08-05 16:01:45 [DASHBOARD] ✅ hour 上架包
2026-08-05 16:01:45 [DASHBOARD] ✅ hour fb-h5-a
2026-08-05 16:01:45 [DASHBOARD] ✅ hour 其他
2026-08-05 16:01:45 [DASHBOARD] ✅ hour ws-h5
2026-08-05 16:01:45 [DASHBOARD] ✅ retention ALL
2026-08-05 16:01:45 [DASHBOARD] ✅ retention fb-ios
2026-08-05 16:01:45 [DASHBOARD] ✅ retention 上架包
2026-08-05 16:01:45 [DASHBOARD] ✅ retention kwai-pwa
2026-08-05 16:01:45 [DASHBOARD] ✅ retention fb-h5-a
2026-08-05 16:01:45 [DASHBOARD] ✅ retention fb-pwa
2026-08-05 16:01:45 [DASHBOARD] ✅ retention fb-pwa-b
2026-08-05 16:01:45 [DASHBOARD] ✅ retention fb-pwa-a
2026-08-05 16:01:45 [DASHBOARD] ✅ retention tt-pwa
2026-08-05 16:01:45 [DASHBOARD] ✅ retention DL
2026-08-05 16:01:45 [DASHBOARD] ✅ retention fb-h5
2026-08-05 16:01:45 [DASHBOARD] ✅ retention ws-h5
2026-08-05 16:01:45 [DASHBOARD] ✅ retention 其他
2026-08-05 16:01:45 [DASHBOARD] Loading realtime data...
2026-08-05 16:01:45 [DASHBOARD] ✅ realtime 2026-08-05
2026-08-05 16:01:45 [DASHBOARD] ✅ realtime 2026-08-04
2026-08-05 16:01:45 [DASHBOARD] ✅ realtime 2026-08-03
2026-08-05 16:01:45 [DASHBOARD] ✅ realtime 2026-08-02
2026-08-05 16:01:45 [DASHBOARD] ✅ Saved: /Users/xiaoruan/Documents/76b-getdata/23a.json
2026-08-05 16:01:45 [DASHBOARD] ✅ Commit success
2026-08-05 16:01:45 [DASHBOARD] ✅ GitHub updated
2026-08-05 16:02:05 [DASHBOARD] ✅ ALL_TOTAL success
2026-08-05 16:02:05 [DASHBOARD] ✅ kwai-pwa success
2026-08-05 16:02:05 [DASHBOARD] ✅ 其他 success
2026-08-05 16:02:05 [DASHBOARD] ✅ fb-pwa-b success
2026-08-05 16:02:05 [DASHBOARD] ✅ 上架包 success
2026-08-05 16:02:05 [DASHBOARD] ✅ fb-ios success
2026-08-05 16:02:05 [DASHBOARD] ✅ fb-pwa-a success
2026-08-05 16:02:05 [DASHBOARD] ✅ tt-pwa success
2026-08-05 16:02:05 [DASHBOARD] ✅ fb-h5 success
2026-08-05 16:02:05 [DASHBOARD] ✅ fb-pwa success
2026-08-05 16:02:05 [DASHBOARD] ✅ DL success
2026-08-05 16:02:05 [DASHBOARD] Brazil now : 2026-08-05 05:01:45.464562-03:00
2026-08-05 16:02:05 [DASHBOARD] Report day : 2026-08-05
2026-08-05 16:02:05 [DASHBOARD] Yesterday  : 2026-08-04
2026-08-05 16:02:05 [DASHBOARD] Hour start : 2026-08-04 03:00:00+00:00
2026-08-05 16:02:05 [DASHBOARD] Hour end   : 2026-08-04 07:59:59+00:00
2026-08-05 16:02:05 [DASHBOARD] Brazil now : 2026-08-05 05:01:45.464562-03:00
2026-08-05 16:02:05 [DASHBOARD] Hour start : 2026-08-04 03:00:00+00:00
2026-08-05 16:02:05 [DASHBOARD] Hour end   : 2026-08-04 07:59:59+00:00
2026-08-05 16:02:05 [DASHBOARD] ✅ hour ALL_TOTAL
2026-08-05 16:02:05 [DASHBOARD] ✅ hour 上架包
2026-08-05 16:02:05 [DASHBOARD] ✅ hour fb-pwa
2026-08-05 16:02:05 [DASHBOARD] ✅ hour DL
2026-08-05 16:02:05 [DASHBOARD] ✅ hour 其他
2026-08-05 16:02:05 [DASHBOARD] ✅ hour fb-pwa-b
2026-08-05 16:02:05 [DASHBOARD] ✅ hour fb-ios
2026-08-05 16:02:05 [DASHBOARD] ✅ hour kwai-pwa
2026-08-05 16:02:05 [DASHBOARD] ✅ hour fb-h5
2026-08-05 16:02:05 [DASHBOARD] ✅ hour fb-pwa-a
2026-08-05 16:02:05 [DASHBOARD] ✅ hour tt-pwa
2026-08-05 16:02:05 [DASHBOARD] ✅ retention ALL
2026-08-05 16:02:05 [DASHBOARD] ✅ retention fb-pwa-a
2026-08-05 16:02:05 [DASHBOARD] ✅ retention fb-pwa
2026-08-05 16:02:05 [DASHBOARD] ✅ retention kwai-pwa
2026-08-05 16:02:05 [DASHBOARD] ✅ retention fb-h5
2026-08-05 16:02:05 [DASHBOARD] ✅ retention fb-pwa-b
2026-08-05 16:02:05 [DASHBOARD] ✅ retention 其他
2026-08-05 16:02:05 [DASHBOARD] ✅ retention fb-ios
2026-08-05 16:02:05 [DASHBOARD] ✅ retention DL
2026-08-05 16:02:05 [DASHBOARD] ✅ retention 上架包
2026-08-05 16:02:05 [DASHBOARD] ✅ retention tt-pwa
2026-08-05 16:02:05 [DASHBOARD] Loading realtime data...
2026-08-05 16:02:05 [DASHBOARD] ✅ realtime 2026-08-05
2026-08-05 16:02:05 [DASHBOARD] ✅ realtime 2026-08-04
2026-08-05 16:02:05 [DASHBOARD] ✅ realtime 2026-08-03
2026-08-05 16:02:05 [DASHBOARD] ✅ realtime 2026-08-02
2026-08-05 16:02:05 [DASHBOARD] ✅ Saved: /Users/xiaoruan/Documents/76b-getdata/23e.json
2026-08-05 16:02:05 [DASHBOARD] ✅ Commit success
2026-08-05 16:02:05 [DASHBOARD] ✅ GitHub updated
2026-08-05 16:02:05 [DASHBOARD] ✅ Done
2026-08-05 16:02:05 [DASHBOARD] ✅ 推广汇总更新完成
2026-08-05 17:00:00 [DASHBOARD] 🚀 Run: 2026-08-05 17:00:00.041952
2026-08-05 17:01:05 [DASHBOARD] ✅ ALL_TOTAL success
2026-08-05 17:01:05 [DASHBOARD] ✅ tt-h5 success
2026-08-05 17:01:05 [DASHBOARD] ✅ fb-pwa success
2026-08-05 17:01:05 [DASHBOARD] ✅ fb-ios success
2026-08-05 17:01:05 [DASHBOARD] ✅ kwai-pwa success
2026-08-05 17:01:05 [DASHBOARD] ✅ fb-h5-b success
2026-08-05 17:01:05 [DASHBOARD] ✅ 上架包 success
2026-08-05 17:01:05 [DASHBOARD] ✅ fb-h5-a success
2026-08-05 17:01:05 [DASHBOARD] ✅ fb-pwa-b success
2026-08-05 17:01:05 [DASHBOARD] ✅ fb-pwa-a success
2026-08-05 17:01:05 [DASHBOARD] ✅ DL success
2026-08-05 17:01:05 [DASHBOARD] ✅ 其他 success
2026-08-05 17:01:05 [DASHBOARD] ✅ tt-pwa success
2026-08-05 17:01:05 [DASHBOARD] Brazil now : 2026-08-05 06:00:00.249333-03:00
2026-08-05 17:01:05 [DASHBOARD] Report day : 2026-08-05
2026-08-05 17:01:05 [DASHBOARD] Yesterday  : 2026-08-04
2026-08-05 17:01:05 [DASHBOARD] Hour start : 2026-08-04 03:00:00+00:00
2026-08-05 17:01:05 [DASHBOARD] Hour end   : 2026-08-04 08:59:59+00:00
2026-08-05 17:01:05 [DASHBOARD] Brazil now : 2026-08-05 06:00:00.249333-03:00
2026-08-05 17:01:05 [DASHBOARD] Hour start : 2026-08-04 03:00:00+00:00
2026-08-05 17:01:05 [DASHBOARD] Hour end   : 2026-08-04 08:59:59+00:00
2026-08-05 17:01:05 [DASHBOARD] ✅ hour ALL_TOTAL
2026-08-05 17:01:05 [DASHBOARD] ✅ hour tt-h5
2026-08-05 17:01:05 [DASHBOARD] ✅ hour fb-pwa
2026-08-05 17:01:05 [DASHBOARD] ❌ hour fb-h5-a HTTPSConnectionPool(host='api5.v-n-r-1.com', port=443): Read timed out. (read timeout=20)
2026-08-05 17:01:05 [DASHBOARD] ❌ hour fb-h5-b HTTPSConnectionPool(host='api5.v-n-r-1.com', port=443): Read timed out. (read timeout=20)
2026-08-05 17:01:05 [DASHBOARD] ❌ hour kwai-pwa HTTPSConnectionPool(host='api5.v-n-r-1.com', port=443): Read timed out. (read timeout=20)
2026-08-05 17:01:05 [DASHBOARD] ❌ hour fb-pwa-b HTTPSConnectionPool(host='api5.v-n-r-1.com', port=443): Read timed out. (read timeout=20)
2026-08-05 17:01:05 [DASHBOARD] ❌ hour fb-pwa-a HTTPSConnectionPool(host='api5.v-n-r-1.com', port=443): Read timed out. (read timeout=20)
2026-08-05 17:01:05 [DASHBOARD] ❌ hour 上架包 HTTPSConnectionPool(host='api5.v-n-r-1.com', port=443): Read timed out. (read timeout=20)
2026-08-05 17:01:05 [DASHBOARD] ❌ hour tt-pwa HTTPSConnectionPool(host='api5.v-n-r-1.com', port=443): Read timed out. (read timeout=20)
2026-08-05 17:01:05 [DASHBOARD] ❌ hour fb-ios HTTPSConnectionPool(host='api5.v-n-r-1.com', port=443): Read timed out. (read timeout=20)
2026-08-05 17:01:05 [DASHBOARD] ✅ hour DL
2026-08-05 17:01:05 [DASHBOARD] ✅ hour 其他
2026-08-05 17:01:05 [DASHBOARD] ✅ retention ALL
2026-08-05 17:01:05 [DASHBOARD] ✅ retention kwai-pwa
2026-08-05 17:01:05 [DASHBOARD] ✅ retention fb-pwa
2026-08-05 17:01:05 [DASHBOARD] ✅ retention 上架包
2026-08-05 17:01:05 [DASHBOARD] ✅ retention fb-h5-b
2026-08-05 17:01:05 [DASHBOARD] ✅ retention fb-pwa-b
2026-08-05 17:01:05 [DASHBOARD] ✅ retention tt-h5
2026-08-05 17:01:05 [DASHBOARD] ✅ retention tt-pwa
2026-08-05 17:01:05 [DASHBOARD] ✅ retention fb-h5-a
2026-08-05 17:01:05 [DASHBOARD] ✅ retention fb-ios
2026-08-05 17:01:05 [DASHBOARD] ✅ retention fb-pwa-a
2026-08-05 17:01:05 [DASHBOARD] ✅ retention DL
2026-08-05 17:01:05 [DASHBOARD] ✅ retention 其他
2026-08-05 17:01:05 [DASHBOARD] Loading realtime data...
2026-08-05 17:01:05 [DASHBOARD] ✅ realtime 2026-08-05
2026-08-05 17:01:05 [DASHBOARD] ✅ realtime 2026-08-04
2026-08-05 17:01:05 [DASHBOARD] ✅ realtime 2026-08-03
2026-08-05 17:01:05 [DASHBOARD] ✅ realtime 2026-08-02
2026-08-05 17:01:05 [DASHBOARD] ✅ Saved: /Users/xiaoruan/Documents/76b-getdata/data.json
2026-08-05 17:01:05 [DASHBOARD] ✅ Commit success
2026-08-05 17:01:05 [DASHBOARD] ✅ GitHub updated
2026-08-05 17:01:38 [DASHBOARD] ✅ ALL_TOTAL success
2026-08-05 17:01:38 [DASHBOARD] ✅ fb-h5-a success
2026-08-05 17:01:38 [DASHBOARD] ✅ 其他 success
2026-08-05 17:01:38 [DASHBOARD] ✅ dsp-h5 success
2026-08-05 17:01:38 [DASHBOARD] ✅ kwai-pwa success
2026-08-05 17:01:38 [DASHBOARD] ✅ fb-pwa-a success
2026-08-05 17:01:38 [DASHBOARD] ✅ tt-pwa success
2026-08-05 17:01:38 [DASHBOARD] ✅ fb-pwa success
2026-08-05 17:01:38 [DASHBOARD] ✅ 回访 success
2026-08-05 17:01:38 [DASHBOARD] ✅ ws-h5 success
2026-08-05 17:01:38 [DASHBOARD] ✅ fb-h5 success
2026-08-05 17:01:38 [DASHBOARD] ✅ fb-ios success
2026-08-05 17:01:38 [DASHBOARD] Brazil now : 2026-08-05 06:01:05.700535-03:00
2026-08-05 17:01:38 [DASHBOARD] Report day : 2026-08-05
2026-08-05 17:01:38 [DASHBOARD] Yesterday  : 2026-08-04
2026-08-05 17:01:38 [DASHBOARD] Hour start : 2026-08-04 03:00:00+00:00
2026-08-05 17:01:38 [DASHBOARD] Hour end   : 2026-08-04 08:59:59+00:00
2026-08-05 17:01:38 [DASHBOARD] Brazil now : 2026-08-05 06:01:05.700535-03:00
2026-08-05 17:01:38 [DASHBOARD] Hour start : 2026-08-04 03:00:00+00:00
2026-08-05 17:01:38 [DASHBOARD] Hour end   : 2026-08-04 08:59:59+00:00
2026-08-05 17:01:38 [DASHBOARD] ✅ hour ALL_TOTAL
2026-08-05 17:01:38 [DASHBOARD] ✅ hour fb-h5
2026-08-05 17:01:38 [DASHBOARD] ✅ hour dsp-h5
2026-08-05 17:01:38 [DASHBOARD] ✅ hour fb-ios
2026-08-05 17:01:38 [DASHBOARD] ✅ hour tt-pwa
2026-08-05 17:01:38 [DASHBOARD] ✅ hour 其他
2026-08-05 17:01:38 [DASHBOARD] ✅ hour fb-h5-a
2026-08-05 17:01:38 [DASHBOARD] ✅ hour 回访
2026-08-05 17:01:38 [DASHBOARD] ✅ hour fb-pwa
2026-08-05 17:01:38 [DASHBOARD] ✅ hour kwai-pwa
2026-08-05 17:01:38 [DASHBOARD] ✅ hour fb-pwa-a
2026-08-05 17:01:38 [DASHBOARD] ✅ hour ws-h5
2026-08-05 17:01:38 [DASHBOARD] ✅ retention ALL
2026-08-05 17:01:38 [DASHBOARD] ✅ retention tt-pwa
2026-08-05 17:01:38 [DASHBOARD] ✅ retention 回访
2026-08-05 17:01:38 [DASHBOARD] ✅ retention fb-h5
2026-08-05 17:01:38 [DASHBOARD] ✅ retention kwai-pwa
2026-08-05 17:01:38 [DASHBOARD] ✅ retention fb-ios
2026-08-05 17:01:38 [DASHBOARD] ✅ retention dsp-h5
2026-08-05 17:01:38 [DASHBOARD] ✅ retention fb-h5-a
2026-08-05 17:01:38 [DASHBOARD] ✅ retention 其他
2026-08-05 17:01:38 [DASHBOARD] ✅ retention fb-pwa
2026-08-05 17:01:38 [DASHBOARD] ✅ retention ws-h5
2026-08-05 17:01:38 [DASHBOARD] ✅ retention fb-pwa-a
2026-08-05 17:01:38 [DASHBOARD] Loading realtime data...
2026-08-05 17:01:38 [DASHBOARD] ✅ realtime 2026-08-05
2026-08-05 17:01:38 [DASHBOARD] ✅ realtime 2026-08-04
2026-08-05 17:01:38 [DASHBOARD] ✅ realtime 2026-08-03
2026-08-05 17:01:38 [DASHBOARD] ✅ realtime 2026-08-02
2026-08-05 17:01:38 [DASHBOARD] ✅ Saved: /Users/xiaoruan/Documents/76b-getdata/nn22.json
2026-08-05 17:01:38 [DASHBOARD] ✅ Commit success
2026-08-05 17:01:38 [DASHBOARD] ✅ GitHub updated
2026-08-05 17:02:04 [DASHBOARD] ✅ ALL_TOTAL success
2026-08-05 17:02:04 [DASHBOARD] ✅ 上架包 success
2026-08-05 17:02:04 [DASHBOARD] ✅ fb-h5-a success
2026-08-05 17:02:04 [DASHBOARD] ✅ fb-h5 success
2026-08-05 17:02:04 [DASHBOARD] ✅ fb-pwa-b success
2026-08-05 17:02:04 [DASHBOARD] ✅ fb-ios success
2026-08-05 17:02:04 [DASHBOARD] ✅ kwai-pwa success
2026-08-05 17:02:04 [DASHBOARD] ✅ DL success
2026-08-05 17:02:04 [DASHBOARD] ✅ fb-pwa success
2026-08-05 17:02:04 [DASHBOARD] ✅ fb-pwa-a success
2026-08-05 17:02:04 [DASHBOARD] ✅ ws-h5 success
2026-08-05 17:02:04 [DASHBOARD] ✅ 其他 success
2026-08-05 17:02:04 [DASHBOARD] ✅ tt-pwa success
2026-08-05 17:02:04 [DASHBOARD] Brazil now : 2026-08-05 06:01:38.194936-03:00
2026-08-05 17:02:04 [DASHBOARD] Report day : 2026-08-05
2026-08-05 17:02:04 [DASHBOARD] Yesterday  : 2026-08-04
2026-08-05 17:02:04 [DASHBOARD] Hour start : 2026-08-04 03:00:00+00:00
2026-08-05 17:02:04 [DASHBOARD] Hour end   : 2026-08-04 08:59:59+00:00
2026-08-05 17:02:04 [DASHBOARD] Brazil now : 2026-08-05 06:01:38.194936-03:00
2026-08-05 17:02:04 [DASHBOARD] Hour start : 2026-08-04 03:00:00+00:00
2026-08-05 17:02:04 [DASHBOARD] Hour end   : 2026-08-04 08:59:59+00:00
2026-08-05 17:02:04 [DASHBOARD] ✅ hour ALL_TOTAL
2026-08-05 17:02:04 [DASHBOARD] ✅ hour kwai-pwa
2026-08-05 17:02:04 [DASHBOARD] ✅ hour 上架包
2026-08-05 17:02:04 [DASHBOARD] ✅ hour fb-h5-a
2026-08-05 17:02:04 [DASHBOARD] ✅ hour DL
2026-08-05 17:02:04 [DASHBOARD] ✅ hour fb-pwa-b
2026-08-05 17:02:04 [DASHBOARD] ✅ hour fb-h5
2026-08-05 17:02:04 [DASHBOARD] ✅ hour tt-pwa
2026-08-05 17:02:04 [DASHBOARD] ✅ hour fb-pwa
2026-08-05 17:02:04 [DASHBOARD] ✅ hour fb-pwa-a
2026-08-05 17:02:04 [DASHBOARD] ✅ hour fb-ios
2026-08-05 17:02:04 [DASHBOARD] ✅ hour 其他
2026-08-05 17:02:04 [DASHBOARD] ✅ hour ws-h5
2026-08-05 17:02:04 [DASHBOARD] ✅ retention ALL
2026-08-05 17:02:04 [DASHBOARD] ✅ retention fb-pwa
2026-08-05 17:02:04 [DASHBOARD] ✅ retention tt-pwa
2026-08-05 17:02:04 [DASHBOARD] ✅ retention fb-ios
2026-08-05 17:02:04 [DASHBOARD] ✅ retention kwai-pwa
2026-08-05 17:02:04 [DASHBOARD] ✅ retention fb-pwa-b
2026-08-05 17:02:04 [DASHBOARD] ✅ retention fb-h5
2026-08-05 17:02:04 [DASHBOARD] ✅ retention fb-h5-a
2026-08-05 17:02:04 [DASHBOARD] ✅ retention 上架包
2026-08-05 17:02:04 [DASHBOARD] ✅ retention DL
2026-08-05 17:02:04 [DASHBOARD] ✅ retention ws-h5
2026-08-05 17:02:04 [DASHBOARD] ✅ retention fb-pwa-a
2026-08-05 17:02:04 [DASHBOARD] ✅ retention 其他
2026-08-05 17:02:04 [DASHBOARD] Loading realtime data...
2026-08-05 17:02:04 [DASHBOARD] ✅ realtime 2026-08-05
2026-08-05 17:02:04 [DASHBOARD] ✅ realtime 2026-08-04
2026-08-05 17:02:04 [DASHBOARD] ✅ realtime 2026-08-03
2026-08-05 17:02:04 [DASHBOARD] ✅ realtime 2026-08-02
2026-08-05 17:02:04 [DASHBOARD] ✅ Saved: /Users/xiaoruan/Documents/76b-getdata/23a.json
2026-08-05 17:02:04 [DASHBOARD] ✅ Commit success
2026-08-05 17:02:04 [DASHBOARD] ✅ GitHub updated
2026-08-05 17:02:30 [DASHBOARD] ✅ ALL_TOTAL success
2026-08-05 17:02:30 [DASHBOARD] ✅ fb-pwa success
2026-08-05 17:02:30 [DASHBOARD] ✅ fb-h5 success
2026-08-05 17:02:30 [DASHBOARD] ✅ fb-pwa-b success
2026-08-05 17:02:30 [DASHBOARD] ✅ fb-ios success
2026-08-05 17:02:30 [DASHBOARD] ✅ 上架包 success
2026-08-05 17:02:30 [DASHBOARD] ✅ kwai-pwa success
2026-08-05 17:02:30 [DASHBOARD] ✅ fb-pwa-a success
2026-08-05 17:02:30 [DASHBOARD] ✅ tt-pwa success
2026-08-05 17:02:30 [DASHBOARD] ✅ 其他 success
2026-08-05 17:02:30 [DASHBOARD] ✅ DL success
2026-08-05 17:02:30 [DASHBOARD] Brazil now : 2026-08-05 06:02:05.085423-03:00
2026-08-05 17:02:30 [DASHBOARD] Report day : 2026-08-05
2026-08-05 17:02:30 [DASHBOARD] Yesterday  : 2026-08-04
2026-08-05 17:02:30 [DASHBOARD] Hour start : 2026-08-04 03:00:00+00:00
2026-08-05 17:02:30 [DASHBOARD] Hour end   : 2026-08-04 08:59:59+00:00
2026-08-05 17:02:30 [DASHBOARD] Brazil now : 2026-08-05 06:02:05.085423-03:00
2026-08-05 17:02:30 [DASHBOARD] Hour start : 2026-08-04 03:00:00+00:00
2026-08-05 17:02:30 [DASHBOARD] Hour end   : 2026-08-04 08:59:59+00:00
2026-08-05 17:02:30 [DASHBOARD] ✅ hour ALL_TOTAL
2026-08-05 17:02:30 [DASHBOARD] ✅ hour fb-pwa
2026-08-05 17:02:30 [DASHBOARD] ✅ hour fb-pwa-a
2026-08-05 17:02:30 [DASHBOARD] ✅ hour fb-ios
2026-08-05 17:02:30 [DASHBOARD] ✅ hour kwai-pwa
2026-08-05 17:02:30 [DASHBOARD] ✅ hour fb-h5
2026-08-05 17:02:30 [DASHBOARD] ✅ hour 上架包
2026-08-05 17:02:30 [DASHBOARD] ✅ hour DL
2026-08-05 17:02:30 [DASHBOARD] ✅ hour tt-pwa
2026-08-05 17:02:30 [DASHBOARD] ✅ hour fb-pwa-b
2026-08-05 17:02:30 [DASHBOARD] ✅ hour 其他
2026-08-05 17:02:30 [DASHBOARD] ✅ retention ALL
2026-08-05 17:02:30 [DASHBOARD] ✅ retention 其他
2026-08-05 17:02:30 [DASHBOARD] ✅ retention kwai-pwa
2026-08-05 17:02:30 [DASHBOARD] ✅ retention 上架包
2026-08-05 17:02:30 [DASHBOARD] ✅ retention fb-pwa-a
2026-08-05 17:02:30 [DASHBOARD] ✅ retention tt-pwa
2026-08-05 17:02:30 [DASHBOARD] ✅ retention fb-ios
2026-08-05 17:02:30 [DASHBOARD] ✅ retention fb-pwa-b
2026-08-05 17:02:30 [DASHBOARD] ✅ retention DL
2026-08-05 17:02:30 [DASHBOARD] ✅ retention fb-h5
2026-08-05 17:02:30 [DASHBOARD] ✅ retention fb-pwa
2026-08-05 17:02:30 [DASHBOARD] Loading realtime data...
2026-08-05 17:02:30 [DASHBOARD] ✅ realtime 2026-08-05
2026-08-05 17:02:30 [DASHBOARD] ✅ realtime 2026-08-04
2026-08-05 17:02:30 [DASHBOARD] ✅ realtime 2026-08-03
2026-08-05 17:02:30 [DASHBOARD] ✅ realtime 2026-08-02
2026-08-05 17:02:30 [DASHBOARD] ✅ Saved: /Users/xiaoruan/Documents/76b-getdata/23e.json
2026-08-05 17:02:30 [DASHBOARD] ✅ Commit success
2026-08-05 17:02:30 [DASHBOARD] ✅ GitHub updated
2026-08-05 17:02:30 [DASHBOARD] ✅ Done
2026-08-05 17:02:30 [DASHBOARD] ✅ 推广汇总更新完成
2026-08-05 17:05:41 [shujugenjin] ---> [1/25] 正在处理: Site 73J
2026-08-05 17:05:44 [shujugenjin] ---> [2/25] 正在处理: Site 23E
2026-08-05 17:05:47 [shujugenjin] ---> [3/25] 正在处理: Site 23A
2026-08-05 17:05:50 [shujugenjin] ---> [4/25] 正在处理: Site NN22
2026-08-05 17:05:52 [shujugenjin] ---> [5/25] 正在处理: Site 76B
2026-08-05 17:05:55 [shujugenjin] ---> [6/25] 正在处理: Site 5BBB
2026-08-05 17:05:58 [shujugenjin] ---> [7/25] 正在处理: Site XXX7
2026-08-05 17:06:01 [shujugenjin] ---> [8/25] 正在处理: Site WW33
2026-08-05 17:06:05 [shujugenjin] ---> [9/25] 正在处理: Site 55UU
2026-08-05 17:06:07 [shujugenjin] ---> [10/25] 正在处理: Site EE44
2026-08-05 17:06:10 [shujugenjin] ---> [11/25] 正在处理: Site BB22
2026-08-05 17:06:13 [shujugenjin] ---> [12/25] 正在处理: Site 7JJJ
2026-08-05 17:06:16 [shujugenjin] ---> [13/25] 正在处理: Site XXX1
2026-08-05 17:06:19 [shujugenjin] ---> [14/25] 正在处理: Site 44WW
2026-08-05 17:06:22 [shujugenjin] ---> [15/25] 正在处理: Site 33NN
2026-08-05 17:06:25 [shujugenjin] ---> [16/25] 正在处理: Site RR66
2026-08-05 17:06:28 [shujugenjin] ---> [17/25] 正在处理: Site KK44
2026-08-05 17:06:30 [shujugenjin] ---> [18/25] 正在处理: Site 33CC
2026-08-05 17:06:34 [shujugenjin] ---> [19/25] 正在处理: Site 22CC
2026-08-05 17:06:37 [shujugenjin] ---> [20/25] 正在处理: Site 77SS
2026-08-05 17:06:40 [shujugenjin] ---> [21/25] 正在处理: Site 11CC
2026-08-05 17:06:43 [shujugenjin] ---> [22/25] 正在处理: Site 99SS
2026-08-05 17:06:46 [shujugenjin] ---> [23/25] 正在处理: Site 66AA
2026-08-05 17:06:49 [shujugenjin] ---> [24/25] 正在处理: Site 77GG
2026-08-05 17:06:53 [shujugenjin] ---> [25/25] 正在处理: Site 77BB
2026-08-05 17:07:25 [shujugenjin] 🎉所有站点综合分析图片及文字报告已成功发送至 Telegram！
2026-08-05 18:00:00 [DASHBOARD] 🚀 Run: 2026-08-05 18:00:00.067404
2026-08-05 18:00:35 [shujugenjin] ---> [1/25] 正在处理: Site 73J
2026-08-05 18:00:40 [shujugenjin] ---> [2/25] 正在处理: Site 23E
2026-08-05 18:00:43 [shujugenjin] ---> [3/25] 正在处理: Site 23A
2026-08-05 18:00:46 [shujugenjin] ---> [4/25] 正在处理: Site NN22
2026-08-05 18:00:49 [shujugenjin] ---> [5/25] 正在处理: Site 76B
2026-08-05 18:00:52 [shujugenjin] ---> [6/25] 正在处理: Site 5BBB
2026-08-05 18:00:56 [shujugenjin] ---> [7/25] 正在处理: Site XXX7
2026-08-05 18:01:01 [shujugenjin] ---> [8/25] 正在处理: Site WW33
2026-08-05 18:01:04 [shujugenjin] ---> [9/25] 正在处理: Site 55UU
2026-08-05 18:01:04 [DASHBOARD] ✅ ALL_TOTAL success
2026-08-05 18:01:04 [DASHBOARD] ✅ kwai-pwa success
2026-08-05 18:01:04 [DASHBOARD] ✅ fb-h5-a success
2026-08-05 18:01:04 [DASHBOARD] ✅ fb-pwa-b success
2026-08-05 18:01:04 [DASHBOARD] ✅ fb-pwa-a success
2026-08-05 18:01:04 [DASHBOARD] ✅ fb-ios success
2026-08-05 18:01:04 [DASHBOARD] ✅ fb-h5-b success
2026-08-05 18:01:04 [DASHBOARD] ✅ 上架包 success
2026-08-05 18:01:04 [DASHBOARD] ✅ tt-pwa success
2026-08-05 18:01:04 [DASHBOARD] ✅ tt-h5 success
2026-08-05 18:01:04 [DASHBOARD] ✅ fb-pwa success
2026-08-05 18:01:04 [DASHBOARD] ✅ 其他 success
2026-08-05 18:01:04 [DASHBOARD] ✅ DL success
2026-08-05 18:01:04 [DASHBOARD] Brazil now : 2026-08-05 07:00:00.225970-03:00
2026-08-05 18:01:04 [DASHBOARD] Report day : 2026-08-05
2026-08-05 18:01:04 [DASHBOARD] Yesterday  : 2026-08-04
2026-08-05 18:01:04 [DASHBOARD] Hour start : 2026-08-04 03:00:00+00:00
2026-08-05 18:01:04 [DASHBOARD] Hour end   : 2026-08-04 09:59:59+00:00
2026-08-05 18:01:04 [DASHBOARD] Brazil now : 2026-08-05 07:00:00.225970-03:00
2026-08-05 18:01:04 [DASHBOARD] Hour start : 2026-08-04 03:00:00+00:00
2026-08-05 18:01:04 [DASHBOARD] Hour end   : 2026-08-04 09:59:59+00:00
2026-08-05 18:01:04 [DASHBOARD] ✅ hour ALL_TOTAL
2026-08-05 18:01:04 [DASHBOARD] ✅ hour kwai-pwa
2026-08-05 18:01:04 [DASHBOARD] ✅ hour fb-h5-a
2026-08-05 18:01:04 [DASHBOARD] ✅ hour fb-h5-b
2026-08-05 18:01:04 [DASHBOARD] ✅ hour 上架包
2026-08-05 18:01:04 [DASHBOARD] ✅ hour fb-pwa-a
2026-08-05 18:01:04 [DASHBOARD] ✅ hour fb-pwa-b
2026-08-05 18:01:04 [DASHBOARD] ✅ hour fb-ios
2026-08-05 18:01:04 [DASHBOARD] ✅ hour tt-pwa
2026-08-05 18:01:04 [DASHBOARD] ✅ hour tt-h5
2026-08-05 18:01:04 [DASHBOARD] ✅ hour 其他
2026-08-05 18:01:04 [DASHBOARD] ✅ hour fb-pwa
2026-08-05 18:01:04 [DASHBOARD] ✅ hour DL
2026-08-05 18:01:04 [DASHBOARD] ✅ retention ALL
2026-08-05 18:01:04 [DASHBOARD] ✅ retention fb-ios
2026-08-05 18:01:04 [DASHBOARD] ✅ retention 上架包
2026-08-05 18:01:04 [DASHBOARD] ✅ retention fb-pwa-b
2026-08-05 18:01:04 [DASHBOARD] ✅ retention fb-pwa-a
2026-08-05 18:01:04 [DASHBOARD] ✅ retention fb-pwa
2026-08-05 18:01:04 [DASHBOARD] ✅ retention fb-h5-b
2026-08-05 18:01:04 [DASHBOARD] ✅ retention kwai-pwa
2026-08-05 18:01:04 [DASHBOARD] ✅ retention tt-pwa
2026-08-05 18:01:04 [DASHBOARD] ✅ retention tt-h5
2026-08-05 18:01:04 [DASHBOARD] ✅ retention fb-h5-a
2026-08-05 18:01:04 [DASHBOARD] ✅ retention DL
2026-08-05 18:01:04 [DASHBOARD] ✅ retention 其他
2026-08-05 18:01:04 [DASHBOARD] Loading realtime data...
2026-08-05 18:01:04 [DASHBOARD] ✅ realtime 2026-08-05
2026-08-05 18:01:04 [DASHBOARD] ✅ realtime 2026-08-04
2026-08-05 18:01:04 [DASHBOARD] ✅ realtime 2026-08-03
2026-08-05 18:01:04 [DASHBOARD] ✅ realtime 2026-08-02
2026-08-05 18:01:04 [DASHBOARD] ✅ Saved: /Users/xiaoruan/Documents/76b-getdata/data.json
2026-08-05 18:01:04 [DASHBOARD] ✅ Commit success
2026-08-05 18:01:04 [DASHBOARD] ✅ GitHub updated
2026-08-05 18:01:07 [shujugenjin] ---> [10/25] 正在处理: Site EE44
2026-08-05 18:01:10 [shujugenjin] ---> [11/25] 正在处理: Site BB22
2026-08-05 18:01:14 [shujugenjin] ---> [12/25] 正在处理: Site 7JJJ
2026-08-05 18:01:18 [shujugenjin] ---> [13/25] 正在处理: Site XXX1
2026-08-05 18:01:21 [shujugenjin] ---> [14/25] 正在处理: Site 44WW
2026-08-05 18:01:26 [shujugenjin] ---> [15/25] 正在处理: Site 33NN
2026-08-05 18:01:29 [shujugenjin] ---> [16/25] 正在处理: Site RR66
2026-08-05 18:01:32 [shujugenjin] ---> [17/25] 正在处理: Site KK44
2026-08-05 18:01:33 [DASHBOARD] ✅ ALL_TOTAL success
2026-08-05 18:01:33 [DASHBOARD] ✅ 其他 success
2026-08-05 18:01:33 [DASHBOARD] ✅ fb-h5 success
2026-08-05 18:01:33 [DASHBOARD] ✅ fb-h5-a success
2026-08-05 18:01:33 [DASHBOARD] ✅ fb-ios success
2026-08-05 18:01:33 [DASHBOARD] ✅ tt-pwa success
2026-08-05 18:01:33 [DASHBOARD] ✅ 回访 success
2026-08-05 18:01:33 [DASHBOARD] ✅ ws-h5 success
2026-08-05 18:01:33 [DASHBOARD] ✅ fb-pwa-a success
2026-08-05 18:01:33 [DASHBOARD] ✅ fb-pwa success
2026-08-05 18:01:33 [DASHBOARD] ✅ kwai-pwa success
2026-08-05 18:01:33 [DASHBOARD] ✅ dsp-h5 success
2026-08-05 18:01:33 [DASHBOARD] Brazil now : 2026-08-05 07:01:05.055423-03:00
2026-08-05 18:01:33 [DASHBOARD] Report day : 2026-08-05
2026-08-05 18:01:33 [DASHBOARD] Yesterday  : 2026-08-04
2026-08-05 18:01:33 [DASHBOARD] Hour start : 2026-08-04 03:00:00+00:00
2026-08-05 18:01:33 [DASHBOARD] Hour end   : 2026-08-04 09:59:59+00:00
2026-08-05 18:01:33 [DASHBOARD] Brazil now : 2026-08-05 07:01:05.055423-03:00
2026-08-05 18:01:33 [DASHBOARD] Hour start : 2026-08-04 03:00:00+00:00
2026-08-05 18:01:33 [DASHBOARD] Hour end   : 2026-08-04 09:59:59+00:00
2026-08-05 18:01:33 [DASHBOARD] ✅ hour ALL_TOTAL
2026-08-05 18:01:33 [DASHBOARD] ✅ hour fb-ios
2026-08-05 18:01:33 [DASHBOARD] ✅ hour 回访
2026-08-05 18:01:33 [DASHBOARD] ✅ hour kwai-pwa
2026-08-05 18:01:33 [DASHBOARD] ✅ hour 其他
2026-08-05 18:01:33 [DASHBOARD] ✅ hour fb-h5-a
2026-08-05 18:01:33 [DASHBOARD] ✅ hour dsp-h5
2026-08-05 18:01:33 [DASHBOARD] ✅ hour fb-h5
2026-08-05 18:01:33 [DASHBOARD] ✅ hour tt-pwa
2026-08-05 18:01:33 [DASHBOARD] ✅ hour fb-pwa
2026-08-05 18:01:33 [DASHBOARD] ✅ hour fb-pwa-a
2026-08-05 18:01:33 [DASHBOARD] ✅ hour ws-h5
2026-08-05 18:01:33 [DASHBOARD] ✅ retention ALL
2026-08-05 18:01:33 [DASHBOARD] ✅ retention fb-pwa-a
2026-08-05 18:01:33 [DASHBOARD] ✅ retention fb-h5
2026-08-05 18:01:33 [DASHBOARD] ✅ retention dsp-h5
2026-08-05 18:01:33 [DASHBOARD] ✅ retention fb-h5-a
2026-08-05 18:01:33 [DASHBOARD] ✅ retention kwai-pwa
2026-08-05 18:01:33 [DASHBOARD] ✅ retention 回访
2026-08-05 18:01:33 [DASHBOARD] ✅ retention tt-pwa
2026-08-05 18:01:33 [DASHBOARD] ✅ retention fb-pwa
2026-08-05 18:01:33 [DASHBOARD] ✅ retention fb-ios
2026-08-05 18:01:33 [DASHBOARD] ✅ retention ws-h5
2026-08-05 18:01:33 [DASHBOARD] ✅ retention 其他
2026-08-05 18:01:33 [DASHBOARD] Loading realtime data...
2026-08-05 18:01:33 [DASHBOARD] ✅ realtime 2026-08-05
2026-08-05 18:01:33 [DASHBOARD] ✅ realtime 2026-08-04
2026-08-05 18:01:33 [DASHBOARD] ✅ realtime 2026-08-03
2026-08-05 18:01:33 [DASHBOARD] ✅ realtime 2026-08-02
2026-08-05 18:01:33 [DASHBOARD] ✅ Saved: /Users/xiaoruan/Documents/76b-getdata/nn22.json
2026-08-05 18:01:33 [DASHBOARD] ✅ Commit success
2026-08-05 18:01:33 [DASHBOARD] ✅ GitHub updated
2026-08-05 18:01:36 [shujugenjin] ---> [18/25] 正在处理: Site 33CC
2026-08-05 18:01:41 [shujugenjin] ---> [19/25] 正在处理: Site 22CC
2026-08-05 18:01:44 [shujugenjin] ---> [20/25] 正在处理: Site 77SS
2026-08-05 18:01:48 [shujugenjin] ---> [21/25] 正在处理: Site 11CC
2026-08-05 18:01:50 [shujugenjin] ---> [22/25] 正在处理: Site 99SS
2026-08-05 18:01:53 [shujugenjin] ---> [23/25] 正在处理: Site 66AA
2026-08-05 18:01:56 [shujugenjin] ---> [24/25] 正在处理: Site 77GG
2026-08-05 18:01:59 [shujugenjin] ---> [25/25] 正在处理: Site 77BB
2026-08-05 18:02:04 [DASHBOARD] ✅ ALL_TOTAL success
2026-08-05 18:02:04 [DASHBOARD] ✅ fb-h5 success
2026-08-05 18:02:04 [DASHBOARD] ✅ fb-pwa-a success
2026-08-05 18:02:04 [DASHBOARD] ✅ fb-h5-a success
2026-08-05 18:02:04 [DASHBOARD] ✅ fb-pwa-b success
2026-08-05 18:02:04 [DASHBOARD] ✅ DL success
2026-08-05 18:02:04 [DASHBOARD] ✅ kwai-pwa success
2026-08-05 18:02:04 [DASHBOARD] ✅ fb-ios success
2026-08-05 18:02:04 [DASHBOARD] ✅ fb-pwa success
2026-08-05 18:02:04 [DASHBOARD] ✅ 其他 success
2026-08-05 18:02:04 [DASHBOARD] ✅ ws-h5 success
2026-08-05 18:02:04 [DASHBOARD] ✅ 上架包 success
2026-08-05 18:02:04 [DASHBOARD] ✅ tt-pwa success
2026-08-05 18:02:04 [DASHBOARD] Brazil now : 2026-08-05 07:01:33.782654-03:00
2026-08-05 18:02:04 [DASHBOARD] Report day : 2026-08-05
2026-08-05 18:02:04 [DASHBOARD] Yesterday  : 2026-08-04
2026-08-05 18:02:04 [DASHBOARD] Hour start : 2026-08-04 03:00:00+00:00
2026-08-05 18:02:04 [DASHBOARD] Hour end   : 2026-08-04 09:59:59+00:00
2026-08-05 18:02:04 [DASHBOARD] Brazil now : 2026-08-05 07:01:33.782654-03:00
2026-08-05 18:02:04 [DASHBOARD] Hour start : 2026-08-04 03:00:00+00:00
2026-08-05 18:02:04 [DASHBOARD] Hour end   : 2026-08-04 09:59:59+00:00
2026-08-05 18:02:04 [DASHBOARD] ✅ hour ALL_TOTAL
2026-08-05 18:02:04 [DASHBOARD] ✅ hour kwai-pwa
2026-08-05 18:02:04 [DASHBOARD] ✅ hour fb-pwa-b
2026-08-05 18:02:04 [DASHBOARD] ✅ hour tt-pwa
2026-08-05 18:02:04 [DASHBOARD] ✅ hour fb-pwa
2026-08-05 18:02:04 [DASHBOARD] ✅ hour fb-ios
2026-08-05 18:02:04 [DASHBOARD] ✅ hour fb-h5-a
2026-08-05 18:02:04 [DASHBOARD] ✅ hour 上架包
2026-08-05 18:02:04 [DASHBOARD] ✅ hour DL
2026-08-05 18:02:04 [DASHBOARD] ✅ hour fb-h5
2026-08-05 18:02:04 [DASHBOARD] ✅ hour 其他
2026-08-05 18:02:04 [DASHBOARD] ✅ hour ws-h5
2026-08-05 18:02:04 [DASHBOARD] ✅ hour fb-pwa-a
2026-08-05 18:02:04 [DASHBOARD] ✅ retention ALL
2026-08-05 18:02:04 [DASHBOARD] ✅ retention fb-pwa-b
2026-08-05 18:02:04 [DASHBOARD] ✅ retention fb-pwa
2026-08-05 18:02:04 [DASHBOARD] ✅ retention DL
2026-08-05 18:02:04 [DASHBOARD] ✅ retention fb-ios
2026-08-05 18:02:04 [DASHBOARD] ✅ retention 上架包
2026-08-05 18:02:04 [DASHBOARD] ✅ retention fb-pwa-a
2026-08-05 18:02:04 [DASHBOARD] ✅ retention fb-h5-a
2026-08-05 18:02:04 [DASHBOARD] ✅ retention kwai-pwa
2026-08-05 18:02:04 [DASHBOARD] ✅ retention fb-h5
2026-08-05 18:02:04 [DASHBOARD] ✅ retention tt-pwa
2026-08-05 18:02:04 [DASHBOARD] ✅ retention 其他
2026-08-05 18:02:04 [DASHBOARD] ✅ retention ws-h5
2026-08-05 18:02:04 [DASHBOARD] Loading realtime data...
2026-08-05 18:02:04 [DASHBOARD] ✅ realtime 2026-08-05
2026-08-05 18:02:04 [DASHBOARD] ✅ realtime 2026-08-04
2026-08-05 18:02:04 [DASHBOARD] ✅ realtime 2026-08-03
2026-08-05 18:02:04 [DASHBOARD] ✅ realtime 2026-08-02
2026-08-05 18:02:04 [DASHBOARD] ✅ Saved: /Users/xiaoruan/Documents/76b-getdata/23a.json
2026-08-05 18:02:04 [DASHBOARD] ✅ Commit success
2026-08-05 18:02:04 [DASHBOARD] ✅ GitHub updated
2026-08-05 18:02:29 [shujugenjin] 🎉所有站点综合分析图片及文字报告已成功发送至 Telegram！
2026-08-05 18:02:35 [DASHBOARD] ✅ ALL_TOTAL success
2026-08-05 18:02:35 [DASHBOARD] ✅ fb-h5 success
2026-08-05 18:02:35 [DASHBOARD] ✅ fb-ios success
2026-08-05 18:02:35 [DASHBOARD] ✅ fb-pwa success
2026-08-05 18:02:35 [DASHBOARD] ✅ 其他 success
2026-08-05 18:02:35 [DASHBOARD] ✅ fb-pwa-b success
2026-08-05 18:02:35 [DASHBOARD] ✅ DL success
2026-08-05 18:02:35 [DASHBOARD] ✅ 上架包 success
2026-08-05 18:02:35 [DASHBOARD] ✅ tt-pwa success
2026-08-05 18:02:35 [DASHBOARD] ✅ fb-pwa-a success
2026-08-05 18:02:35 [DASHBOARD] ✅ kwai-pwa success
2026-08-05 18:02:35 [DASHBOARD] Brazil now : 2026-08-05 07:02:04.511770-03:00
2026-08-05 18:02:35 [DASHBOARD] Report day : 2026-08-05
2026-08-05 18:02:35 [DASHBOARD] Yesterday  : 2026-08-04
2026-08-05 18:02:35 [DASHBOARD] Hour start : 2026-08-04 03:00:00+00:00
2026-08-05 18:02:35 [DASHBOARD] Hour end   : 2026-08-04 09:59:59+00:00
2026-08-05 18:02:35 [DASHBOARD] Brazil now : 2026-08-05 07:02:04.511770-03:00
2026-08-05 18:02:35 [DASHBOARD] Hour start : 2026-08-04 03:00:00+00:00
2026-08-05 18:02:35 [DASHBOARD] Hour end   : 2026-08-04 09:59:59+00:00
2026-08-05 18:02:35 [DASHBOARD] ✅ hour ALL_TOTAL
2026-08-05 18:02:35 [DASHBOARD] ✅ hour fb-pwa
2026-08-05 18:02:35 [DASHBOARD] ✅ hour tt-pwa
2026-08-05 18:02:35 [DASHBOARD] ✅ hour 上架包
2026-08-05 18:02:35 [DASHBOARD] ✅ hour kwai-pwa
2026-08-05 18:02:35 [DASHBOARD] ✅ hour fb-ios
2026-08-05 18:02:35 [DASHBOARD] ✅ hour 其他
2026-08-05 18:02:35 [DASHBOARD] ✅ hour fb-pwa-b
2026-08-05 18:02:35 [DASHBOARD] ✅ hour fb-pwa-a
2026-08-05 18:02:35 [DASHBOARD] ✅ hour DL
2026-08-05 18:02:35 [DASHBOARD] ✅ hour fb-h5
2026-08-05 18:02:35 [DASHBOARD] ✅ retention ALL
2026-08-05 18:02:35 [DASHBOARD] ✅ retention fb-ios
2026-08-05 18:02:35 [DASHBOARD] ✅ retention fb-pwa-a
2026-08-05 18:02:35 [DASHBOARD] ✅ retention DL
2026-08-05 18:02:35 [DASHBOARD] ✅ retention fb-pwa-b
2026-08-05 18:02:35 [DASHBOARD] ✅ retention tt-pwa
2026-08-05 18:02:35 [DASHBOARD] ✅ retention fb-h5
2026-08-05 18:02:35 [DASHBOARD] ✅ retention 其他
2026-08-05 18:02:35 [DASHBOARD] ✅ retention kwai-pwa
2026-08-05 18:02:35 [DASHBOARD] ✅ retention 上架包
2026-08-05 18:02:35 [DASHBOARD] ✅ retention fb-pwa
2026-08-05 18:02:35 [DASHBOARD] Loading realtime data...
2026-08-05 18:02:35 [DASHBOARD] ✅ realtime 2026-08-05
2026-08-05 18:02:35 [DASHBOARD] ✅ realtime 2026-08-04
2026-08-05 18:02:35 [DASHBOARD] ✅ realtime 2026-08-03
2026-08-05 18:02:35 [DASHBOARD] ✅ realtime 2026-08-02
2026-08-05 18:02:35 [DASHBOARD] ✅ Saved: /Users/xiaoruan/Documents/76b-getdata/23e.json
2026-08-05 18:02:35 [DASHBOARD] ✅ Commit success
2026-08-05 18:02:35 [DASHBOARD] ✅ GitHub updated
2026-08-05 18:02:35 [DASHBOARD] ✅ Done
2026-08-05 18:02:35 [DASHBOARD] ✅ 推广汇总更新完成
2026-08-05 18:59:59 [DASHBOARD] 🚀 Run: 2026-08-05 18:59:59.960488
2026-08-05 19:00:52 [DASHBOARD] ✅ ALL_TOTAL success
2026-08-05 19:00:52 [DASHBOARD] ✅ fb-pwa-b success
2026-08-05 19:00:52 [DASHBOARD] ✅ tt-pwa success
2026-08-05 19:00:52 [DASHBOARD] ✅ fb-pwa success
2026-08-05 19:00:52 [DASHBOARD] ✅ kwai-pwa success
2026-08-05 19:00:52 [DASHBOARD] ✅ fb-h5-a success
2026-08-05 19:00:52 [DASHBOARD] ✅ fb-pwa-a success
2026-08-05 19:00:52 [DASHBOARD] ✅ fb-h5-b success
2026-08-05 19:00:52 [DASHBOARD] ✅ tt-h5 success
2026-08-05 19:00:52 [DASHBOARD] ✅ fb-ios success
2026-08-05 19:00:52 [DASHBOARD] ✅ 上架包 success
2026-08-05 19:00:52 [DASHBOARD] ✅ 其他 success
2026-08-05 19:00:52 [DASHBOARD] ✅ DL success
2026-08-05 19:00:52 [DASHBOARD] Brazil now : 2026-08-05 08:00:00.123665-03:00
2026-08-05 19:00:52 [DASHBOARD] Report day : 2026-08-05
2026-08-05 19:00:52 [DASHBOARD] Yesterday  : 2026-08-04
2026-08-05 19:00:52 [DASHBOARD] Hour start : 2026-08-04 03:00:00+00:00
2026-08-05 19:00:52 [DASHBOARD] Hour end   : 2026-08-04 10:59:59+00:00
2026-08-05 19:00:52 [DASHBOARD] Brazil now : 2026-08-05 08:00:00.123665-03:00
2026-08-05 19:00:52 [DASHBOARD] Hour start : 2026-08-04 03:00:00+00:00
2026-08-05 19:00:52 [DASHBOARD] Hour end   : 2026-08-04 10:59:59+00:00
2026-08-05 19:00:52 [DASHBOARD] ✅ hour ALL_TOTAL
2026-08-05 19:00:52 [DASHBOARD] ✅ hour fb-h5-b
2026-08-05 19:00:52 [DASHBOARD] ✅ hour fb-pwa-b
2026-08-05 19:00:52 [DASHBOARD] ✅ hour tt-pwa
2026-08-05 19:00:52 [DASHBOARD] ✅ hour 上架包
2026-08-05 19:00:52 [DASHBOARD] ✅ hour tt-h5
2026-08-05 19:00:52 [DASHBOARD] ✅ hour fb-ios
2026-08-05 19:00:52 [DASHBOARD] ✅ hour fb-h5-a
2026-08-05 19:00:52 [DASHBOARD] ✅ hour fb-pwa-a
2026-08-05 19:00:52 [DASHBOARD] ✅ hour fb-pwa
2026-08-05 19:00:52 [DASHBOARD] ✅ hour DL
2026-08-05 19:00:52 [DASHBOARD] ✅ hour kwai-pwa
2026-08-05 19:00:52 [DASHBOARD] ✅ hour 其他
2026-08-05 19:00:52 [DASHBOARD] ✅ retention ALL
2026-08-05 19:00:52 [DASHBOARD] ✅ retention tt-pwa
2026-08-05 19:00:52 [DASHBOARD] ✅ retention fb-h5-b
2026-08-05 19:00:52 [DASHBOARD] ✅ retention kwai-pwa
2026-08-05 19:00:52 [DASHBOARD] ✅ retention fb-pwa-b
2026-08-05 19:00:52 [DASHBOARD] ✅ retention 上架包
2026-08-05 19:00:52 [DASHBOARD] ✅ retention fb-pwa
2026-08-05 19:00:52 [DASHBOARD] ✅ retention fb-ios
2026-08-05 19:00:52 [DASHBOARD] ✅ retention tt-h5
2026-08-05 19:00:52 [DASHBOARD] ✅ retention fb-pwa-a
2026-08-05 19:00:52 [DASHBOARD] ✅ retention fb-h5-a
2026-08-05 19:00:52 [DASHBOARD] ✅ retention DL
2026-08-05 19:00:52 [DASHBOARD] ✅ retention 其他
2026-08-05 19:00:52 [DASHBOARD] Loading realtime data...
2026-08-05 19:00:52 [DASHBOARD] ✅ realtime 2026-08-05
2026-08-05 19:00:52 [DASHBOARD] ✅ realtime 2026-08-04
2026-08-05 19:00:52 [DASHBOARD] ✅ realtime 2026-08-03
2026-08-05 19:00:52 [DASHBOARD] ✅ realtime 2026-08-02
2026-08-05 19:00:52 [DASHBOARD] ✅ Saved: /Users/xiaoruan/Documents/76b-getdata/data.json
2026-08-05 19:00:52 [DASHBOARD] ✅ Commit success
2026-08-05 19:00:52 [DASHBOARD] ✅ GitHub updated
2026-08-05 19:01:19 [DASHBOARD] ✅ ALL_TOTAL success
2026-08-05 19:01:19 [DASHBOARD] ✅ dsp-h5 success
2026-08-05 19:01:19 [DASHBOARD] ✅ tt-pwa success
2026-08-05 19:01:19 [DASHBOARD] ✅ fb-h5 success
2026-08-05 19:01:19 [DASHBOARD] ✅ fb-pwa success
2026-08-05 19:01:19 [DASHBOARD] ✅ 回访 success
2026-08-05 19:01:19 [DASHBOARD] ✅ kwai-pwa success
2026-08-05 19:01:19 [DASHBOARD] ✅ fb-h5-a success
2026-08-05 19:01:19 [DASHBOARD] ✅ fb-pwa-a success
2026-08-05 19:01:19 [DASHBOARD] ✅ 其他 success
2026-08-05 19:01:19 [DASHBOARD] ✅ fb-ios success
2026-08-05 19:01:19 [DASHBOARD] ✅ ws-h5 success
2026-08-05 19:01:19 [DASHBOARD] Brazil now : 2026-08-05 08:00:52.841126-03:00
2026-08-05 19:01:19 [DASHBOARD] Report day : 2026-08-05
2026-08-05 19:01:19 [DASHBOARD] Yesterday  : 2026-08-04
2026-08-05 19:01:19 [DASHBOARD] Hour start : 2026-08-04 03:00:00+00:00
2026-08-05 19:01:19 [DASHBOARD] Hour end   : 2026-08-04 10:59:59+00:00
2026-08-05 19:01:19 [DASHBOARD] Brazil now : 2026-08-05 08:00:52.841126-03:00
2026-08-05 19:01:19 [DASHBOARD] Hour start : 2026-08-04 03:00:00+00:00
2026-08-05 19:01:19 [DASHBOARD] Hour end   : 2026-08-04 10:59:59+00:00
2026-08-05 19:01:19 [DASHBOARD] ✅ hour ALL_TOTAL
2026-08-05 19:01:19 [DASHBOARD] ✅ hour tt-pwa
2026-08-05 19:01:19 [DASHBOARD] ✅ hour dsp-h5
2026-08-05 19:01:19 [DASHBOARD] ✅ hour fb-pwa-a
2026-08-05 19:01:19 [DASHBOARD] ✅ hour kwai-pwa
2026-08-05 19:01:19 [DASHBOARD] ✅ hour 其他
2026-08-05 19:01:19 [DASHBOARD] ✅ hour fb-pwa
2026-08-05 19:01:19 [DASHBOARD] ✅ hour fb-h5-a
2026-08-05 19:01:19 [DASHBOARD] ✅ hour 回访
2026-08-05 19:01:19 [DASHBOARD] ✅ hour fb-h5
2026-08-05 19:01:19 [DASHBOARD] ✅ hour fb-ios
2026-08-05 19:01:19 [DASHBOARD] ✅ hour ws-h5
2026-08-05 19:01:19 [DASHBOARD] ✅ retention ALL
2026-08-05 19:01:19 [DASHBOARD] ✅ retention tt-pwa
2026-08-05 19:01:19 [DASHBOARD] ✅ retention fb-ios
2026-08-05 19:01:19 [DASHBOARD] ✅ retention 回访
2026-08-05 19:01:19 [DASHBOARD] ✅ retention fb-h5-a
2026-08-05 19:01:19 [DASHBOARD] ✅ retention fb-pwa
2026-08-05 19:01:19 [DASHBOARD] ✅ retention 其他
2026-08-05 19:01:19 [DASHBOARD] ✅ retention dsp-h5
2026-08-05 19:01:19 [DASHBOARD] ✅ retention fb-h5
2026-08-05 19:01:19 [DASHBOARD] ✅ retention fb-pwa-a
2026-08-05 19:01:19 [DASHBOARD] ✅ retention ws-h5
2026-08-05 19:01:19 [DASHBOARD] ✅ retention kwai-pwa
2026-08-05 19:01:19 [DASHBOARD] Loading realtime data...
2026-08-05 19:01:19 [DASHBOARD] ✅ realtime 2026-08-05
2026-08-05 19:01:19 [DASHBOARD] ✅ realtime 2026-08-04
2026-08-05 19:01:19 [DASHBOARD] ✅ realtime 2026-08-03
2026-08-05 19:01:19 [DASHBOARD] ✅ realtime 2026-08-02
2026-08-05 19:01:19 [DASHBOARD] ✅ Saved: /Users/xiaoruan/Documents/76b-getdata/nn22.json
2026-08-05 19:01:19 [DASHBOARD] ✅ Commit success
2026-08-05 19:01:19 [DASHBOARD] ✅ GitHub updated
2026-08-05 19:01:52 [DASHBOARD] ✅ ALL_TOTAL success
2026-08-05 19:01:52 [DASHBOARD] ✅ fb-h5-a success
2026-08-05 19:01:52 [DASHBOARD] ✅ fb-pwa success
2026-08-05 19:01:52 [DASHBOARD] ✅ fb-pwa-a success
2026-08-05 19:01:52 [DASHBOARD] ✅ DL success
2026-08-05 19:01:52 [DASHBOARD] ✅ fb-ios success
2026-08-05 19:01:52 [DASHBOARD] ✅ fb-pwa-b success
2026-08-05 19:01:52 [DASHBOARD] ✅ 其他 success
2026-08-05 19:01:52 [DASHBOARD] ✅ 上架包 success
2026-08-05 19:01:52 [DASHBOARD] ✅ fb-h5 success
2026-08-05 19:01:52 [DASHBOARD] ✅ kwai-pwa success
2026-08-05 19:01:52 [DASHBOARD] ✅ tt-pwa success
2026-08-05 19:01:52 [DASHBOARD] ✅ ws-h5 success
2026-08-05 19:01:52 [DASHBOARD] Brazil now : 2026-08-05 08:01:19.551878-03:00
2026-08-05 19:01:52 [DASHBOARD] Report day : 2026-08-05
2026-08-05 19:01:52 [DASHBOARD] Yesterday  : 2026-08-04
2026-08-05 19:01:52 [DASHBOARD] Hour start : 2026-08-04 03:00:00+00:00
2026-08-05 19:01:52 [DASHBOARD] Hour end   : 2026-08-04 10:59:59+00:00
2026-08-05 19:01:52 [DASHBOARD] Brazil now : 2026-08-05 08:01:19.551878-03:00
2026-08-05 19:01:52 [DASHBOARD] Hour start : 2026-08-04 03:00:00+00:00
2026-08-05 19:01:52 [DASHBOARD] Hour end   : 2026-08-04 10:59:59+00:00
2026-08-05 19:01:52 [DASHBOARD] ✅ hour ALL_TOTAL
2026-08-05 19:01:52 [DASHBOARD] ✅ hour fb-ios
2026-08-05 19:01:52 [DASHBOARD] ✅ hour fb-h5-a
2026-08-05 19:01:52 [DASHBOARD] ✅ hour fb-pwa
2026-08-05 19:01:52 [DASHBOARD] ✅ hour fb-pwa-a
2026-08-05 19:01:52 [DASHBOARD] ✅ hour kwai-pwa
2026-08-05 19:01:52 [DASHBOARD] ✅ hour tt-pwa
2026-08-05 19:01:52 [DASHBOARD] ✅ hour fb-h5
2026-08-05 19:01:52 [DASHBOARD] ✅ hour ws-h5
2026-08-05 19:01:52 [DASHBOARD] ✅ hour DL
2026-08-05 19:01:52 [DASHBOARD] ✅ hour 其他
2026-08-05 19:01:52 [DASHBOARD] ✅ hour fb-pwa-b
2026-08-05 19:01:52 [DASHBOARD] ✅ hour 上架包
2026-08-05 19:01:52 [DASHBOARD] ✅ retention ALL
2026-08-05 19:01:52 [DASHBOARD] ✅ retention 上架包
2026-08-05 19:01:52 [DASHBOARD] ✅ retention kwai-pwa
2026-08-05 19:01:52 [DASHBOARD] ✅ retention fb-ios
2026-08-05 19:01:52 [DASHBOARD] ✅ retention fb-h5-a
2026-08-05 19:01:52 [DASHBOARD] ✅ retention fb-h5
2026-08-05 19:01:52 [DASHBOARD] ✅ retention fb-pwa-a
2026-08-05 19:01:52 [DASHBOARD] ✅ retention fb-pwa
2026-08-05 19:01:52 [DASHBOARD] ✅ retention fb-pwa-b
2026-08-05 19:01:52 [DASHBOARD] ✅ retention DL
2026-08-05 19:01:52 [DASHBOARD] ✅ retention ws-h5
2026-08-05 19:01:52 [DASHBOARD] ✅ retention tt-pwa
2026-08-05 19:01:52 [DASHBOARD] ✅ retention 其他
2026-08-05 19:01:52 [DASHBOARD] Loading realtime data...
2026-08-05 19:01:52 [DASHBOARD] ✅ realtime 2026-08-05
2026-08-05 19:01:52 [DASHBOARD] ✅ realtime 2026-08-04
2026-08-05 19:01:52 [DASHBOARD] ✅ realtime 2026-08-03
2026-08-05 19:01:52 [DASHBOARD] ✅ realtime 2026-08-02
2026-08-05 19:01:52 [DASHBOARD] ✅ Saved: /Users/xiaoruan/Documents/76b-getdata/23a.json
2026-08-05 19:01:52 [DASHBOARD] ✅ Commit success
2026-08-05 19:01:52 [DASHBOARD] ✅ GitHub updated
2026-08-05 19:02:18 [DASHBOARD] ✅ ALL_TOTAL success
2026-08-05 19:02:18 [DASHBOARD] ✅ fb-ios success
2026-08-05 19:02:18 [DASHBOARD] ✅ kwai-pwa success
2026-08-05 19:02:18 [DASHBOARD] ✅ fb-pwa-a success
2026-08-05 19:02:18 [DASHBOARD] ✅ tt-pwa success
2026-08-05 19:02:18 [DASHBOARD] ✅ DL success
2026-08-05 19:02:18 [DASHBOARD] ✅ 上架包 success
2026-08-05 19:02:18 [DASHBOARD] ✅ 其他 success
2026-08-05 19:02:18 [DASHBOARD] ✅ fb-h5 success
2026-08-05 19:02:18 [DASHBOARD] ✅ fb-pwa-b success
2026-08-05 19:02:18 [DASHBOARD] ✅ fb-pwa success
2026-08-05 19:02:18 [DASHBOARD] Brazil now : 2026-08-05 08:01:53.184726-03:00
2026-08-05 19:02:18 [DASHBOARD] Report day : 2026-08-05
2026-08-05 19:02:18 [DASHBOARD] Yesterday  : 2026-08-04
2026-08-05 19:02:18 [DASHBOARD] Hour start : 2026-08-04 03:00:00+00:00
2026-08-05 19:02:18 [DASHBOARD] Hour end   : 2026-08-04 10:59:59+00:00
2026-08-05 19:02:18 [DASHBOARD] Brazil now : 2026-08-05 08:01:53.184726-03:00
2026-08-05 19:02:18 [DASHBOARD] Hour start : 2026-08-04 03:00:00+00:00
2026-08-05 19:02:18 [DASHBOARD] Hour end   : 2026-08-04 10:59:59+00:00
2026-08-05 19:02:18 [DASHBOARD] ✅ hour ALL_TOTAL
2026-08-05 19:02:18 [DASHBOARD] ✅ hour fb-pwa-b
2026-08-05 19:02:18 [DASHBOARD] ✅ hour 上架包
2026-08-05 19:02:18 [DASHBOARD] ✅ hour 其他
2026-08-05 19:02:18 [DASHBOARD] ✅ hour fb-h5
2026-08-05 19:02:18 [DASHBOARD] ✅ hour fb-pwa
2026-08-05 19:02:18 [DASHBOARD] ✅ hour DL
2026-08-05 19:02:18 [DASHBOARD] ✅ hour kwai-pwa
2026-08-05 19:02:18 [DASHBOARD] ✅ hour fb-ios
2026-08-05 19:02:18 [DASHBOARD] ✅ hour tt-pwa
2026-08-05 19:02:18 [DASHBOARD] ✅ hour fb-pwa-a
2026-08-05 19:02:18 [DASHBOARD] ✅ retention ALL
2026-08-05 19:02:18 [DASHBOARD] ✅ retention DL
2026-08-05 19:02:18 [DASHBOARD] ✅ retention fb-pwa-a
2026-08-05 19:02:18 [DASHBOARD] ✅ retention tt-pwa
2026-08-05 19:02:18 [DASHBOARD] ✅ retention fb-pwa-b
2026-08-05 19:02:18 [DASHBOARD] ✅ retention fb-h5
2026-08-05 19:02:18 [DASHBOARD] ✅ retention 上架包
2026-08-05 19:02:18 [DASHBOARD] ✅ retention fb-pwa
2026-08-05 19:02:18 [DASHBOARD] ✅ retention kwai-pwa
2026-08-05 19:02:18 [DASHBOARD] ✅ retention fb-ios
2026-08-05 19:02:18 [DASHBOARD] ✅ retention 其他
2026-08-05 19:02:18 [DASHBOARD] Loading realtime data...
2026-08-05 19:02:18 [DASHBOARD] ✅ realtime 2026-08-05
2026-08-05 19:02:18 [DASHBOARD] ✅ realtime 2026-08-04
2026-08-05 19:02:18 [DASHBOARD] ✅ realtime 2026-08-03
2026-08-05 19:02:18 [DASHBOARD] ✅ realtime 2026-08-02
2026-08-05 19:02:18 [DASHBOARD] ✅ Saved: /Users/xiaoruan/Documents/76b-getdata/23e.json
2026-08-05 19:02:18 [DASHBOARD] ✅ Commit success
2026-08-05 19:02:18 [DASHBOARD] ✅ GitHub updated
2026-08-05 19:02:18 [DASHBOARD] ✅ Done
2026-08-05 19:02:18 [DASHBOARD] ✅ 推广汇总更新完成
2026-08-05 20:00:00 [DASHBOARD] 🚀 Run: 2026-08-05 20:00:00.023778
2026-08-05 20:00:57 [DASHBOARD] ✅ ALL_TOTAL success
2026-08-05 20:00:57 [DASHBOARD] ✅ fb-h5-b success
2026-08-05 20:00:57 [DASHBOARD] ✅ tt-h5 success
2026-08-05 20:00:57 [DASHBOARD] ✅ fb-h5-a success
2026-08-05 20:00:57 [DASHBOARD] ✅ fb-pwa-a success
2026-08-05 20:00:57 [DASHBOARD] ✅ kwai-pwa success
2026-08-05 20:00:57 [DASHBOARD] ✅ fb-ios success
2026-08-05 20:00:57 [DASHBOARD] ✅ fb-pwa-b success
2026-08-05 20:00:57 [DASHBOARD] ✅ tt-pwa success
2026-08-05 20:00:57 [DASHBOARD] ✅ 上架包 success
2026-08-05 20:00:57 [DASHBOARD] ✅ fb-pwa success
2026-08-05 20:00:57 [DASHBOARD] ✅ DL success
2026-08-05 20:00:57 [DASHBOARD] ✅ 其他 success
2026-08-05 20:00:57 [DASHBOARD] Brazil now : 2026-08-05 09:00:00.201390-03:00
2026-08-05 20:00:57 [DASHBOARD] Report day : 2026-08-05
2026-08-05 20:00:57 [DASHBOARD] Yesterday  : 2026-08-04
2026-08-05 20:00:57 [DASHBOARD] Hour start : 2026-08-04 03:00:00+00:00
2026-08-05 20:00:57 [DASHBOARD] Hour end   : 2026-08-04 11:59:59+00:00
2026-08-05 20:00:57 [DASHBOARD] Brazil now : 2026-08-05 09:00:00.201390-03:00
2026-08-05 20:00:57 [DASHBOARD] Hour start : 2026-08-04 03:00:00+00:00
2026-08-05 20:00:57 [DASHBOARD] Hour end   : 2026-08-04 11:59:59+00:00
2026-08-05 20:00:57 [DASHBOARD] ✅ hour ALL_TOTAL
2026-08-05 20:00:57 [DASHBOARD] ✅ hour tt-h5
2026-08-05 20:00:57 [DASHBOARD] ✅ hour fb-ios
2026-08-05 20:00:57 [DASHBOARD] ✅ hour fb-pwa
2026-08-05 20:00:57 [DASHBOARD] ✅ hour fb-pwa-b
2026-08-05 20:00:57 [DASHBOARD] ✅ hour fb-h5-a
2026-08-05 20:00:57 [DASHBOARD] ✅ hour kwai-pwa
2026-08-05 20:00:57 [DASHBOARD] ✅ hour fb-h5-b
2026-08-05 20:00:57 [DASHBOARD] ✅ hour 上架包
2026-08-05 20:00:57 [DASHBOARD] ✅ hour tt-pwa
2026-08-05 20:00:57 [DASHBOARD] ✅ hour fb-pwa-a
2026-08-05 20:00:57 [DASHBOARD] ✅ hour 其他
2026-08-05 20:00:57 [DASHBOARD] ✅ hour DL
2026-08-05 20:00:57 [DASHBOARD] ✅ retention ALL
2026-08-05 20:00:57 [DASHBOARD] ✅ retention fb-h5-a
2026-08-05 20:00:57 [DASHBOARD] ✅ retention tt-h5
2026-08-05 20:00:57 [DASHBOARD] ✅ retention kwai-pwa
2026-08-05 20:00:57 [DASHBOARD] ✅ retention 上架包
2026-08-05 20:00:57 [DASHBOARD] ✅ retention tt-pwa
2026-08-05 20:00:57 [DASHBOARD] ✅ retention fb-pwa-a
2026-08-05 20:00:57 [DASHBOARD] ✅ retention fb-ios
2026-08-05 20:00:57 [DASHBOARD] ✅ retention fb-pwa-b
2026-08-05 20:00:57 [DASHBOARD] ✅ retention fb-h5-b
2026-08-05 20:00:57 [DASHBOARD] ✅ retention fb-pwa
2026-08-05 20:00:57 [DASHBOARD] ✅ retention DL
2026-08-05 20:00:57 [DASHBOARD] ✅ retention 其他
2026-08-05 20:00:57 [DASHBOARD] Loading realtime data...
2026-08-05 20:00:57 [DASHBOARD] ✅ realtime 2026-08-05
2026-08-05 20:00:57 [DASHBOARD] ✅ realtime 2026-08-04
2026-08-05 20:00:57 [DASHBOARD] ✅ realtime 2026-08-03
2026-08-05 20:00:57 [DASHBOARD] ✅ realtime 2026-08-02
2026-08-05 20:00:57 [DASHBOARD] ✅ Saved: /Users/xiaoruan/Documents/76b-getdata/data.json
2026-08-05 20:00:57 [DASHBOARD] ✅ Commit success
2026-08-05 20:00:57 [DASHBOARD] ✅ GitHub updated
2026-08-05 20:01:28 [DASHBOARD] ✅ ALL_TOTAL success
2026-08-05 20:01:28 [DASHBOARD] ✅ 回访 success
2026-08-05 20:01:28 [DASHBOARD] ✅ 其他 success
2026-08-05 20:01:28 [DASHBOARD] ✅ fb-h5-a success
2026-08-05 20:01:28 [DASHBOARD] ✅ fb-pwa-a success
2026-08-05 20:01:28 [DASHBOARD] ✅ fb-h5 success
2026-08-05 20:01:28 [DASHBOARD] ✅ fb-ios success
2026-08-05 20:01:28 [DASHBOARD] ✅ tt-pwa success
2026-08-05 20:01:28 [DASHBOARD] ✅ fb-pwa success
2026-08-05 20:01:28 [DASHBOARD] ✅ kwai-pwa success
2026-08-05 20:01:28 [DASHBOARD] ✅ ws-h5 success
2026-08-05 20:01:28 [DASHBOARD] ✅ dsp-h5 success
2026-08-05 20:01:28 [DASHBOARD] Brazil now : 2026-08-05 09:00:58.065217-03:00
2026-08-05 20:01:28 [DASHBOARD] Report day : 2026-08-05
2026-08-05 20:01:28 [DASHBOARD] Yesterday  : 2026-08-04
2026-08-05 20:01:28 [DASHBOARD] Hour start : 2026-08-04 03:00:00+00:00
2026-08-05 20:01:28 [DASHBOARD] Hour end   : 2026-08-04 11:59:59+00:00
2026-08-05 20:01:28 [DASHBOARD] Brazil now : 2026-08-05 09:00:58.065217-03:00
2026-08-05 20:01:28 [DASHBOARD] Hour start : 2026-08-04 03:00:00+00:00
2026-08-05 20:01:28 [DASHBOARD] Hour end   : 2026-08-04 11:59:59+00:00
2026-08-05 20:01:28 [DASHBOARD] ✅ hour ALL_TOTAL
2026-08-05 20:01:28 [DASHBOARD] ✅ hour tt-pwa
2026-08-05 20:01:28 [DASHBOARD] ✅ hour fb-h5-a
2026-08-05 20:01:28 [DASHBOARD] ✅ hour kwai-pwa
2026-08-05 20:01:28 [DASHBOARD] ✅ hour fb-ios
2026-08-05 20:01:28 [DASHBOARD] ✅ hour 回访
2026-08-05 20:01:28 [DASHBOARD] ✅ hour fb-pwa
2026-08-05 20:01:28 [DASHBOARD] ✅ hour dsp-h5
2026-08-05 20:01:28 [DASHBOARD] ✅ hour 其他
2026-08-05 20:01:28 [DASHBOARD] ✅ hour fb-h5
2026-08-05 20:01:28 [DASHBOARD] ✅ hour fb-pwa-a
2026-08-05 20:01:28 [DASHBOARD] ✅ hour ws-h5
2026-08-05 20:01:28 [DASHBOARD] ✅ retention ALL
2026-08-05 20:01:28 [DASHBOARD] ✅ retention 其他
2026-08-05 20:01:28 [DASHBOARD] ✅ retention fb-h5
2026-08-05 20:01:28 [DASHBOARD] ✅ retention tt-pwa
2026-08-05 20:01:28 [DASHBOARD] ✅ retention dsp-h5
2026-08-05 20:01:28 [DASHBOARD] ✅ retention 回访
2026-08-05 20:01:28 [DASHBOARD] ✅ retention fb-pwa-a
2026-08-05 20:01:28 [DASHBOARD] ✅ retention fb-h5-a
2026-08-05 20:01:28 [DASHBOARD] ✅ retention fb-pwa
2026-08-05 20:01:28 [DASHBOARD] ✅ retention fb-ios
2026-08-05 20:01:28 [DASHBOARD] ✅ retention ws-h5
2026-08-05 20:01:28 [DASHBOARD] ✅ retention kwai-pwa
2026-08-05 20:01:28 [DASHBOARD] Loading realtime data...
2026-08-05 20:01:28 [DASHBOARD] ✅ realtime 2026-08-05
2026-08-05 20:01:28 [DASHBOARD] ✅ realtime 2026-08-04
2026-08-05 20:01:28 [DASHBOARD] ✅ realtime 2026-08-03
2026-08-05 20:01:28 [DASHBOARD] ✅ realtime 2026-08-02
2026-08-05 20:01:28 [DASHBOARD] ✅ Saved: /Users/xiaoruan/Documents/76b-getdata/nn22.json
2026-08-05 20:01:28 [DASHBOARD] ✅ Commit success
2026-08-05 20:01:28 [DASHBOARD] ✅ GitHub updated
2026-08-05 20:02:00 [DASHBOARD] ✅ ALL_TOTAL success
2026-08-05 20:02:00 [DASHBOARD] ✅ tt-pwa success
2026-08-05 20:02:00 [DASHBOARD] ✅ fb-pwa-a success
2026-08-05 20:02:00 [DASHBOARD] ✅ fb-ios success
2026-08-05 20:02:00 [DASHBOARD] ✅ 上架包 success
2026-08-05 20:02:00 [DASHBOARD] ✅ DL success
2026-08-05 20:02:00 [DASHBOARD] ✅ fb-h5 success
2026-08-05 20:02:00 [DASHBOARD] ✅ kwai-pwa success
2026-08-05 20:02:00 [DASHBOARD] ✅ fb-pwa-b success
2026-08-05 20:02:00 [DASHBOARD] ✅ 其他 success
2026-08-05 20:02:00 [DASHBOARD] ✅ ws-h5 success
2026-08-05 20:02:00 [DASHBOARD] ✅ fb-h5-a success
2026-08-05 20:02:00 [DASHBOARD] ✅ fb-pwa success
2026-08-05 20:02:00 [DASHBOARD] Brazil now : 2026-08-05 09:01:28.663555-03:00
2026-08-05 20:02:00 [DASHBOARD] Report day : 2026-08-05
2026-08-05 20:02:00 [DASHBOARD] Yesterday  : 2026-08-04
2026-08-05 20:02:00 [DASHBOARD] Hour start : 2026-08-04 03:00:00+00:00
2026-08-05 20:02:00 [DASHBOARD] Hour end   : 2026-08-04 11:59:59+00:00
2026-08-05 20:02:00 [DASHBOARD] Brazil now : 2026-08-05 09:01:28.663555-03:00
2026-08-05 20:02:00 [DASHBOARD] Hour start : 2026-08-04 03:00:00+00:00
2026-08-05 20:02:00 [DASHBOARD] Hour end   : 2026-08-04 11:59:59+00:00
2026-08-05 20:02:00 [DASHBOARD] ✅ hour ALL_TOTAL
2026-08-05 20:02:00 [DASHBOARD] ✅ hour fb-pwa-a
2026-08-05 20:02:00 [DASHBOARD] ✅ hour 上架包
2026-08-05 20:02:00 [DASHBOARD] ✅ hour fb-h5-a
2026-08-05 20:02:00 [DASHBOARD] ✅ hour kwai-pwa
2026-08-05 20:02:00 [DASHBOARD] ✅ hour fb-h5
2026-08-05 20:02:00 [DASHBOARD] ✅ hour tt-pwa
2026-08-05 20:02:00 [DASHBOARD] ✅ hour fb-pwa-b
2026-08-05 20:02:00 [DASHBOARD] ✅ hour fb-ios
2026-08-05 20:02:00 [DASHBOARD] ✅ hour DL
2026-08-05 20:02:00 [DASHBOARD] ✅ hour 其他
2026-08-05 20:02:00 [DASHBOARD] ✅ hour ws-h5
2026-08-05 20:02:00 [DASHBOARD] ✅ hour fb-pwa
2026-08-05 20:02:00 [DASHBOARD] ✅ retention ALL
2026-08-05 20:02:00 [DASHBOARD] ✅ retention tt-pwa
2026-08-05 20:02:00 [DASHBOARD] ✅ retention DL
2026-08-05 20:02:00 [DASHBOARD] ✅ retention fb-h5-a
2026-08-05 20:02:00 [DASHBOARD] ✅ retention fb-pwa
2026-08-05 20:02:00 [DASHBOARD] ✅ retention fb-pwa-a
2026-08-05 20:02:00 [DASHBOARD] ✅ retention kwai-pwa
2026-08-05 20:02:00 [DASHBOARD] ✅ retention fb-h5
2026-08-05 20:02:00 [DASHBOARD] ✅ retention fb-ios
2026-08-05 20:02:00 [DASHBOARD] ✅ retention ws-h5
2026-08-05 20:02:00 [DASHBOARD] ✅ retention 上架包
2026-08-05 20:02:00 [DASHBOARD] ✅ retention fb-pwa-b
2026-08-05 20:02:00 [DASHBOARD] ✅ retention 其他
2026-08-05 20:02:00 [DASHBOARD] Loading realtime data...
2026-08-05 20:02:00 [DASHBOARD] ✅ realtime 2026-08-05
2026-08-05 20:02:00 [DASHBOARD] ✅ realtime 2026-08-04
2026-08-05 20:02:00 [DASHBOARD] ✅ realtime 2026-08-03
2026-08-05 20:02:00 [DASHBOARD] ✅ realtime 2026-08-02
2026-08-05 20:02:00 [DASHBOARD] ✅ Saved: /Users/xiaoruan/Documents/76b-getdata/23a.json
2026-08-05 20:02:00 [DASHBOARD] ✅ Commit success
2026-08-05 20:02:00 [DASHBOARD] ✅ GitHub updated
2026-08-05 20:02:24 [DASHBOARD] ✅ ALL_TOTAL success
2026-08-05 20:02:24 [DASHBOARD] ✅ fb-h5 success
2026-08-05 20:02:24 [DASHBOARD] ✅ fb-pwa success
2026-08-05 20:02:24 [DASHBOARD] ✅ DL success
2026-08-05 20:02:24 [DASHBOARD] ✅ kwai-pwa success
2026-08-05 20:02:24 [DASHBOARD] ✅ fb-pwa-b success
2026-08-05 20:02:24 [DASHBOARD] ✅ 上架包 success
2026-08-05 20:02:24 [DASHBOARD] ✅ fb-pwa-a success
2026-08-05 20:02:24 [DASHBOARD] ✅ tt-pwa success
2026-08-05 20:02:24 [DASHBOARD] ✅ fb-ios success
2026-08-05 20:02:24 [DASHBOARD] ✅ 其他 success
2026-08-05 20:02:24 [DASHBOARD] Brazil now : 2026-08-05 09:02:00.177423-03:00
2026-08-05 20:02:24 [DASHBOARD] Report day : 2026-08-05
2026-08-05 20:02:24 [DASHBOARD] Yesterday  : 2026-08-04
2026-08-05 20:02:24 [DASHBOARD] Hour start : 2026-08-04 03:00:00+00:00
2026-08-05 20:02:24 [DASHBOARD] Hour end   : 2026-08-04 11:59:59+00:00
2026-08-05 20:02:24 [DASHBOARD] Brazil now : 2026-08-05 09:02:00.177423-03:00
2026-08-05 20:02:24 [DASHBOARD] Hour start : 2026-08-04 03:00:00+00:00
2026-08-05 20:02:24 [DASHBOARD] Hour end   : 2026-08-04 11:59:59+00:00
2026-08-05 20:02:24 [DASHBOARD] ✅ hour ALL_TOTAL
2026-08-05 20:02:24 [DASHBOARD] ✅ hour fb-ios
2026-08-05 20:02:24 [DASHBOARD] ✅ hour fb-pwa-a
2026-08-05 20:02:24 [DASHBOARD] ✅ hour fb-h5
2026-08-05 20:02:24 [DASHBOARD] ✅ hour DL
2026-08-05 20:02:24 [DASHBOARD] ✅ hour fb-pwa
2026-08-05 20:02:24 [DASHBOARD] ✅ hour 其他
2026-08-05 20:02:24 [DASHBOARD] ✅ hour kwai-pwa
2026-08-05 20:02:24 [DASHBOARD] ✅ hour fb-pwa-b
2026-08-05 20:02:24 [DASHBOARD] ✅ hour tt-pwa
2026-08-05 20:02:24 [DASHBOARD] ✅ hour 上架包
2026-08-05 20:02:24 [DASHBOARD] ✅ retention ALL
2026-08-05 20:02:24 [DASHBOARD] ✅ retention fb-pwa
2026-08-05 20:02:24 [DASHBOARD] ✅ retention 其他
2026-08-05 20:02:24 [DASHBOARD] ✅ retention fb-pwa-b
2026-08-05 20:02:24 [DASHBOARD] ✅ retention fb-h5
2026-08-05 20:02:24 [DASHBOARD] ✅ retention fb-ios
2026-08-05 20:02:24 [DASHBOARD] ✅ retention 上架包
2026-08-05 20:02:24 [DASHBOARD] ✅ retention kwai-pwa
2026-08-05 20:02:24 [DASHBOARD] ✅ retention tt-pwa
2026-08-05 20:02:24 [DASHBOARD] ✅ retention DL
2026-08-05 20:02:24 [DASHBOARD] ✅ retention fb-pwa-a
2026-08-05 20:02:24 [DASHBOARD] Loading realtime data...
2026-08-05 20:02:24 [DASHBOARD] ✅ realtime 2026-08-05
2026-08-05 20:02:24 [DASHBOARD] ✅ realtime 2026-08-04
2026-08-05 20:02:24 [DASHBOARD] ✅ realtime 2026-08-03
2026-08-05 20:02:24 [DASHBOARD] ✅ realtime 2026-08-02
2026-08-05 20:02:24 [DASHBOARD] ✅ Saved: /Users/xiaoruan/Documents/76b-getdata/23e.json
2026-08-05 20:02:24 [DASHBOARD] ✅ Commit success
2026-08-05 20:02:24 [DASHBOARD] ✅ GitHub updated
2026-08-05 20:02:24 [DASHBOARD] ✅ Done
2026-08-05 20:02:24 [DASHBOARD] ✅ 推广汇总更新完成
2026-08-05 20:02:49 [shujugenjin] ---> [1/25] 正在处理: Site 73J
2026-08-05 20:02:55 [shujugenjin] ---> [2/25] 正在处理: Site 23E
2026-08-05 20:02:58 [shujugenjin] ---> [3/25] 正在处理: Site 23A
2026-08-05 20:03:01 [shujugenjin] ---> [4/25] 正在处理: Site NN22
2026-08-05 20:03:04 [shujugenjin] ---> [5/25] 正在处理: Site 76B
2026-08-05 20:03:09 [shujugenjin] ---> [6/25] 正在处理: Site 5BBB
2026-08-05 20:03:12 [shujugenjin] ---> [7/25] 正在处理: Site XXX7
2026-08-05 20:03:16 [shujugenjin] ---> [8/25] 正在处理: Site WW33
2026-08-05 20:03:20 [shujugenjin] ---> [9/25] 正在处理: Site 55UU
2026-08-05 20:03:26 [shujugenjin] ---> [10/25] 正在处理: Site EE44
2026-08-05 20:03:29 [shujugenjin] ---> [11/25] 正在处理: Site BB22
2026-08-05 20:03:32 [shujugenjin] ---> [12/25] 正在处理: Site 7JJJ
2026-08-05 20:03:36 [shujugenjin] ---> [13/25] 正在处理: Site XXX1
2026-08-05 20:03:40 [shujugenjin] ---> [14/25] 正在处理: Site 44WW
2026-08-05 20:03:43 [shujugenjin] ---> [15/25] 正在处理: Site 33NN
2026-08-05 20:03:47 [shujugenjin] ---> [16/25] 正在处理: Site RR66
2026-08-05 20:03:50 [shujugenjin] ---> [17/25] 正在处理: Site KK44
2026-08-05 20:03:55 [shujugenjin] ---> [18/25] 正在处理: Site 33CC
2026-08-05 20:03:58 [shujugenjin] ---> [19/25] 正在处理: Site 22CC
2026-08-05 20:04:01 [shujugenjin] ---> [20/25] 正在处理: Site 77SS
2026-08-05 20:04:04 [shujugenjin] ---> [21/25] 正在处理: Site 11CC
2026-08-05 20:04:07 [shujugenjin] ---> [22/25] 正在处理: Site 99SS
2026-08-05 20:04:10 [shujugenjin] ---> [23/25] 正在处理: Site 66AA
2026-08-05 20:04:12 [shujugenjin] ---> [24/25] 正在处理: Site 77GG
2026-08-05 20:04:16 [shujugenjin] ---> [25/25] 正在处理: Site 77BB
2026-08-05 20:04:43 [shujugenjin] 🎉所有站点综合分析图片及文字报告已成功发送至 Telegram！
2026-08-05 21:00:00 [DASHBOARD] 🚀 Run: 2026-08-05 21:00:00.020253
2026-08-05 21:01:05 [DASHBOARD] ✅ ALL_TOTAL success
2026-08-05 21:01:05 [DASHBOARD] ✅ tt-h5 success
2026-08-05 21:01:05 [DASHBOARD] ✅ fb-pwa-a success
2026-08-05 21:01:05 [DASHBOARD] ✅ fb-pwa-b success
2026-08-05 21:01:05 [DASHBOARD] ✅ tt-pwa success
2026-08-05 21:01:05 [DASHBOARD] ✅ fb-h5-a success
2026-08-05 21:01:05 [DASHBOARD] ✅ fb-pwa success
2026-08-05 21:01:05 [DASHBOARD] ✅ fb-h5-b success
2026-08-05 21:01:05 [DASHBOARD] ✅ 上架包 success
2026-08-05 21:01:05 [DASHBOARD] ✅ fb-ios success
2026-08-05 21:01:05 [DASHBOARD] ✅ kwai-pwa success
2026-08-05 21:01:05 [DASHBOARD] ✅ DL success
2026-08-05 21:01:05 [DASHBOARD] ✅ 其他 success
2026-08-05 21:01:05 [DASHBOARD] Brazil now : 2026-08-05 10:00:00.185375-03:00
2026-08-05 21:01:05 [DASHBOARD] Report day : 2026-08-05
2026-08-05 21:01:05 [DASHBOARD] Yesterday  : 2026-08-04
2026-08-05 21:01:05 [DASHBOARD] Hour start : 2026-08-04 03:00:00+00:00
2026-08-05 21:01:05 [DASHBOARD] Hour end   : 2026-08-04 12:59:59+00:00
2026-08-05 21:01:05 [DASHBOARD] Brazil now : 2026-08-05 10:00:00.185375-03:00
2026-08-05 21:01:05 [DASHBOARD] Hour start : 2026-08-04 03:00:00+00:00
2026-08-05 21:01:05 [DASHBOARD] Hour end   : 2026-08-04 12:59:59+00:00
2026-08-05 21:01:05 [DASHBOARD] ✅ hour ALL_TOTAL
2026-08-05 21:01:05 [DASHBOARD] ✅ hour fb-ios
2026-08-05 21:01:05 [DASHBOARD] ✅ hour tt-h5
2026-08-05 21:01:05 [DASHBOARD] ✅ hour kwai-pwa
2026-08-05 21:01:05 [DASHBOARD] ✅ hour fb-h5-b
2026-08-05 21:01:05 [DASHBOARD] ✅ hour fb-pwa
2026-08-05 21:01:05 [DASHBOARD] ✅ hour tt-pwa
2026-08-05 21:01:05 [DASHBOARD] ✅ hour fb-h5-a
2026-08-05 21:01:05 [DASHBOARD] ✅ hour 上架包
2026-08-05 21:01:05 [DASHBOARD] ✅ hour fb-pwa-b
2026-08-05 21:01:05 [DASHBOARD] ✅ hour fb-pwa-a
2026-08-05 21:01:05 [DASHBOARD] ✅ hour DL
2026-08-05 21:01:05 [DASHBOARD] ✅ hour 其他
2026-08-05 21:01:05 [DASHBOARD] ✅ retention ALL
2026-08-05 21:01:05 [DASHBOARD] ✅ retention fb-pwa
2026-08-05 21:01:05 [DASHBOARD] ✅ retention fb-pwa-b
2026-08-05 21:01:05 [DASHBOARD] ✅ retention kwai-pwa
2026-08-05 21:01:05 [DASHBOARD] ✅ retention tt-pwa
2026-08-05 21:01:05 [DASHBOARD] ✅ retention 上架包
2026-08-05 21:01:05 [DASHBOARD] ✅ retention fb-h5-b
2026-08-05 21:01:05 [DASHBOARD] ✅ retention fb-h5-a
2026-08-05 21:01:05 [DASHBOARD] ✅ retention tt-h5
2026-08-05 21:01:05 [DASHBOARD] ✅ retention fb-ios
2026-08-05 21:01:05 [DASHBOARD] ✅ retention fb-pwa-a
2026-08-05 21:01:05 [DASHBOARD] ✅ retention DL
2026-08-05 21:01:05 [DASHBOARD] ✅ retention 其他
2026-08-05 21:01:05 [DASHBOARD] Loading realtime data...
2026-08-05 21:01:05 [DASHBOARD] ✅ realtime 2026-08-05
2026-08-05 21:01:05 [DASHBOARD] ✅ realtime 2026-08-04
2026-08-05 21:01:05 [DASHBOARD] ✅ realtime 2026-08-03
2026-08-05 21:01:05 [DASHBOARD] ✅ realtime 2026-08-02
2026-08-05 21:01:05 [DASHBOARD] ✅ Saved: /Users/xiaoruan/Documents/76b-getdata/data.json
2026-08-05 21:01:05 [DASHBOARD] ✅ Commit success
2026-08-05 21:01:05 [DASHBOARD] ✅ GitHub updated
2026-08-05 21:01:33 [DASHBOARD] ✅ ALL_TOTAL success
2026-08-05 21:01:33 [DASHBOARD] ✅ dsp-h5 success
2026-08-05 21:01:33 [DASHBOARD] ✅ tt-pwa success
2026-08-05 21:01:33 [DASHBOARD] ✅ fb-h5-a success
2026-08-05 21:01:33 [DASHBOARD] ✅ fb-h5 success
2026-08-05 21:01:33 [DASHBOARD] ✅ fb-pwa success
2026-08-05 21:01:33 [DASHBOARD] ✅ kwai-pwa success
2026-08-05 21:01:33 [DASHBOARD] ✅ fb-pwa-a success
2026-08-05 21:01:33 [DASHBOARD] ✅ 回访 success
2026-08-05 21:01:33 [DASHBOARD] ✅ fb-ios success
2026-08-05 21:01:33 [DASHBOARD] ✅ 其他 success
2026-08-05 21:01:33 [DASHBOARD] ✅ ws-h5 success
2026-08-05 21:01:33 [DASHBOARD] Brazil now : 2026-08-05 10:01:05.170283-03:00
2026-08-05 21:01:33 [DASHBOARD] Report day : 2026-08-05
2026-08-05 21:01:33 [DASHBOARD] Yesterday  : 2026-08-04
2026-08-05 21:01:33 [DASHBOARD] Hour start : 2026-08-04 03:00:00+00:00
2026-08-05 21:01:33 [DASHBOARD] Hour end   : 2026-08-04 12:59:59+00:00
2026-08-05 21:01:33 [DASHBOARD] Brazil now : 2026-08-05 10:01:05.170283-03:00
2026-08-05 21:01:33 [DASHBOARD] Hour start : 2026-08-04 03:00:00+00:00
2026-08-05 21:01:33 [DASHBOARD] Hour end   : 2026-08-04 12:59:59+00:00
2026-08-05 21:01:33 [DASHBOARD] ✅ hour ALL_TOTAL
2026-08-05 21:01:33 [DASHBOARD] ✅ hour fb-ios
2026-08-05 21:01:33 [DASHBOARD] ✅ hour 其他
2026-08-05 21:01:33 [DASHBOARD] ✅ hour dsp-h5
2026-08-05 21:01:33 [DASHBOARD] ✅ hour fb-h5-a
2026-08-05 21:01:33 [DASHBOARD] ✅ hour fb-pwa-a
2026-08-05 21:01:33 [DASHBOARD] ✅ hour kwai-pwa
2026-08-05 21:01:33 [DASHBOARD] ✅ hour tt-pwa
2026-08-05 21:01:33 [DASHBOARD] ✅ hour 回访
2026-08-05 21:01:33 [DASHBOARD] ✅ hour fb-pwa
2026-08-05 21:01:33 [DASHBOARD] ✅ hour fb-h5
2026-08-05 21:01:33 [DASHBOARD] ✅ hour ws-h5
2026-08-05 21:01:33 [DASHBOARD] ✅ retention ALL
2026-08-05 21:01:33 [DASHBOARD] ✅ retention fb-h5
2026-08-05 21:01:33 [DASHBOARD] ✅ retention dsp-h5
2026-08-05 21:01:33 [DASHBOARD] ✅ retention kwai-pwa
2026-08-05 21:01:33 [DASHBOARD] ✅ retention fb-h5-a
2026-08-05 21:01:33 [DASHBOARD] ✅ retention fb-pwa
2026-08-05 21:01:33 [DASHBOARD] ✅ retention tt-pwa
2026-08-05 21:01:33 [DASHBOARD] ✅ retention 回访
2026-08-05 21:01:33 [DASHBOARD] ✅ retention fb-ios
2026-08-05 21:01:33 [DASHBOARD] ✅ retention fb-pwa-a
2026-08-05 21:01:33 [DASHBOARD] ✅ retention 其他
2026-08-05 21:01:33 [DASHBOARD] ✅ retention ws-h5
2026-08-05 21:01:33 [DASHBOARD] Loading realtime data...
2026-08-05 21:01:33 [DASHBOARD] ✅ realtime 2026-08-05
2026-08-05 21:01:33 [DASHBOARD] ✅ realtime 2026-08-04
2026-08-05 21:01:33 [DASHBOARD] ✅ realtime 2026-08-03
2026-08-05 21:01:33 [DASHBOARD] ✅ realtime 2026-08-02
2026-08-05 21:01:33 [DASHBOARD] ✅ Saved: /Users/xiaoruan/Documents/76b-getdata/nn22.json
2026-08-05 21:01:33 [DASHBOARD] ✅ Commit success
2026-08-05 21:01:33 [DASHBOARD] ✅ GitHub updated
2026-08-05 21:01:59 [DASHBOARD] ✅ ALL_TOTAL success
2026-08-05 21:01:59 [DASHBOARD] ✅ fb-h5 success
2026-08-05 21:01:59 [DASHBOARD] ✅ tt-pwa success
2026-08-05 21:01:59 [DASHBOARD] ✅ 上架包 success
2026-08-05 21:01:59 [DASHBOARD] ✅ fb-pwa success
2026-08-05 21:01:59 [DASHBOARD] ✅ DL success
2026-08-05 21:01:59 [DASHBOARD] ✅ fb-ios success
2026-08-05 21:01:59 [DASHBOARD] ✅ fb-h5-a success
2026-08-05 21:01:59 [DASHBOARD] ✅ kwai-pwa success
2026-08-05 21:01:59 [DASHBOARD] ✅ fb-pwa-b success
2026-08-05 21:01:59 [DASHBOARD] ✅ fb-pwa-a success
2026-08-05 21:01:59 [DASHBOARD] ✅ ws-h5 success
2026-08-05 21:01:59 [DASHBOARD] ✅ 其他 success
2026-08-05 21:01:59 [DASHBOARD] Brazil now : 2026-08-05 10:01:33.553635-03:00
2026-08-05 21:01:59 [DASHBOARD] Report day : 2026-08-05
2026-08-05 21:01:59 [DASHBOARD] Yesterday  : 2026-08-04
2026-08-05 21:01:59 [DASHBOARD] Hour start : 2026-08-04 03:00:00+00:00
2026-08-05 21:01:59 [DASHBOARD] Hour end   : 2026-08-04 12:59:59+00:00
2026-08-05 21:01:59 [DASHBOARD] Brazil now : 2026-08-05 10:01:33.553635-03:00
2026-08-05 21:01:59 [DASHBOARD] Hour start : 2026-08-04 03:00:00+00:00
2026-08-05 21:01:59 [DASHBOARD] Hour end   : 2026-08-04 12:59:59+00:00
2026-08-05 21:01:59 [DASHBOARD] ✅ hour ALL_TOTAL
2026-08-05 21:01:59 [DASHBOARD] ✅ hour tt-pwa
2026-08-05 21:01:59 [DASHBOARD] ✅ hour kwai-pwa
2026-08-05 21:01:59 [DASHBOARD] ✅ hour fb-h5
2026-08-05 21:01:59 [DASHBOARD] ✅ hour DL
2026-08-05 21:01:59 [DASHBOARD] ✅ hour fb-pwa
2026-08-05 21:01:59 [DASHBOARD] ✅ hour fb-pwa-a
2026-08-05 21:01:59 [DASHBOARD] ✅ hour 上架包
2026-08-05 21:01:59 [DASHBOARD] ✅ hour fb-ios
2026-08-05 21:01:59 [DASHBOARD] ✅ hour ws-h5
2026-08-05 21:01:59 [DASHBOARD] ✅ hour fb-pwa-b
2026-08-05 21:01:59 [DASHBOARD] ✅ hour fb-h5-a
2026-08-05 21:01:59 [DASHBOARD] ✅ hour 其他
2026-08-05 21:01:59 [DASHBOARD] ✅ retention ALL
2026-08-05 21:01:59 [DASHBOARD] ✅ retention fb-ios
2026-08-05 21:01:59 [DASHBOARD] ✅ retention DL
2026-08-05 21:01:59 [DASHBOARD] ✅ retention fb-h5
2026-08-05 21:01:59 [DASHBOARD] ✅ retention 上架包
2026-08-05 21:01:59 [DASHBOARD] ✅ retention fb-h5-a
2026-08-05 21:01:59 [DASHBOARD] ✅ retention fb-pwa-b
2026-08-05 21:01:59 [DASHBOARD] ✅ retention kwai-pwa
2026-08-05 21:01:59 [DASHBOARD] ✅ retention fb-pwa-a
2026-08-05 21:01:59 [DASHBOARD] ✅ retention fb-pwa
2026-08-05 21:01:59 [DASHBOARD] ✅ retention tt-pwa
2026-08-05 21:01:59 [DASHBOARD] ✅ retention 其他
2026-08-05 21:01:59 [DASHBOARD] ✅ retention ws-h5
2026-08-05 21:01:59 [DASHBOARD] Loading realtime data...
2026-08-05 21:01:59 [DASHBOARD] ✅ realtime 2026-08-05
2026-08-05 21:01:59 [DASHBOARD] ✅ realtime 2026-08-04
2026-08-05 21:01:59 [DASHBOARD] ✅ realtime 2026-08-03
2026-08-05 21:01:59 [DASHBOARD] ✅ realtime 2026-08-02
2026-08-05 21:01:59 [DASHBOARD] ✅ Saved: /Users/xiaoruan/Documents/76b-getdata/23a.json
2026-08-05 21:01:59 [DASHBOARD] ✅ Commit success
2026-08-05 21:01:59 [DASHBOARD] ✅ GitHub updated
2026-08-05 21:02:27 [DASHBOARD] ✅ ALL_TOTAL success
2026-08-05 21:02:27 [DASHBOARD] ✅ fb-h5 success
2026-08-05 21:02:27 [DASHBOARD] ✅ fb-pwa-b success
2026-08-05 21:02:27 [DASHBOARD] ✅ fb-ios success
2026-08-05 21:02:27 [DASHBOARD] ✅ 其他 success
2026-08-05 21:02:27 [DASHBOARD] ✅ tt-pwa success
2026-08-05 21:02:27 [DASHBOARD] ✅ 上架包 success
2026-08-05 21:02:27 [DASHBOARD] ✅ DL success
2026-08-05 21:02:27 [DASHBOARD] ✅ fb-pwa success
2026-08-05 21:02:27 [DASHBOARD] ✅ kwai-pwa success
2026-08-05 21:02:27 [DASHBOARD] ✅ fb-pwa-a success
2026-08-05 21:02:27 [DASHBOARD] Brazil now : 2026-08-05 10:01:59.903904-03:00
2026-08-05 21:02:27 [DASHBOARD] Report day : 2026-08-05
2026-08-05 21:02:27 [DASHBOARD] Yesterday  : 2026-08-04
2026-08-05 21:02:27 [DASHBOARD] Hour start : 2026-08-04 03:00:00+00:00
2026-08-05 21:02:27 [DASHBOARD] Hour end   : 2026-08-04 12:59:59+00:00
2026-08-05 21:02:27 [DASHBOARD] Brazil now : 2026-08-05 10:01:59.903904-03:00
2026-08-05 21:02:27 [DASHBOARD] Hour start : 2026-08-04 03:00:00+00:00
2026-08-05 21:02:27 [DASHBOARD] Hour end   : 2026-08-04 12:59:59+00:00
2026-08-05 21:02:27 [DASHBOARD] ✅ hour ALL_TOTAL
2026-08-05 21:02:27 [DASHBOARD] ✅ hour fb-pwa
2026-08-05 21:02:27 [DASHBOARD] ✅ hour 其他
2026-08-05 21:02:27 [DASHBOARD] ✅ hour fb-h5
2026-08-05 21:02:27 [DASHBOARD] ✅ hour tt-pwa
2026-08-05 21:02:27 [DASHBOARD] ✅ hour fb-pwa-a
2026-08-05 21:02:27 [DASHBOARD] ✅ hour 上架包
2026-08-05 21:02:27 [DASHBOARD] ✅ hour fb-pwa-b
2026-08-05 21:02:27 [DASHBOARD] ✅ hour kwai-pwa
2026-08-05 21:02:27 [DASHBOARD] ✅ hour fb-ios
2026-08-05 21:02:27 [DASHBOARD] ✅ hour DL
2026-08-05 21:02:27 [DASHBOARD] ✅ retention ALL
2026-08-05 21:02:27 [DASHBOARD] ✅ retention DL
2026-08-05 21:02:27 [DASHBOARD] ✅ retention fb-pwa
2026-08-05 21:02:27 [DASHBOARD] ✅ retention tt-pwa
2026-08-05 21:02:27 [DASHBOARD] ✅ retention 上架包
2026-08-05 21:02:27 [DASHBOARD] ✅ retention fb-pwa-b
2026-08-05 21:02:27 [DASHBOARD] ✅ retention fb-h5
2026-08-05 21:02:27 [DASHBOARD] ✅ retention fb-pwa-a
2026-08-05 21:02:27 [DASHBOARD] ✅ retention kwai-pwa
2026-08-05 21:02:27 [DASHBOARD] ✅ retention 其他
2026-08-05 21:02:27 [DASHBOARD] ✅ retention fb-ios
2026-08-05 21:02:27 [DASHBOARD] Loading realtime data...
2026-08-05 21:02:27 [DASHBOARD] ✅ realtime 2026-08-05
2026-08-05 21:02:27 [DASHBOARD] ✅ realtime 2026-08-04
2026-08-05 21:02:27 [DASHBOARD] ✅ realtime 2026-08-03
2026-08-05 21:02:27 [DASHBOARD] ✅ realtime 2026-08-02
2026-08-05 21:02:27 [DASHBOARD] ✅ Saved: /Users/xiaoruan/Documents/76b-getdata/23e.json
2026-08-05 21:02:27 [DASHBOARD] ✅ Commit success
2026-08-05 21:02:27 [DASHBOARD] ✅ GitHub updated
2026-08-05 21:02:27 [DASHBOARD] ✅ Done
2026-08-05 21:02:27 [DASHBOARD] ✅ 推广汇总更新完成
2026-08-05 21:50:20 [shujugenjin] ---> [1/25] 正在处理: Site 73J
2026-08-05 21:50:24 [shujugenjin] ---> [2/25] 正在处理: Site 23E
2026-08-05 21:50:27 [shujugenjin] ---> [3/25] 正在处理: Site 23A
2026-08-05 21:50:29 [shujugenjin] ---> [4/25] 正在处理: Site NN22
2026-08-05 21:50:33 [shujugenjin] ---> [5/25] 正在处理: Site 76B
2026-08-05 21:50:37 [shujugenjin] ---> [6/25] 正在处理: Site 5BBB
2026-08-05 21:50:41 [shujugenjin] ---> [7/25] 正在处理: Site XXX7
2026-08-05 21:50:44 [shujugenjin] ---> [8/25] 正在处理: Site WW33
2026-08-05 21:50:47 [shujugenjin] ---> [9/25] 正在处理: Site 55UU
2026-08-05 21:50:50 [shujugenjin] ---> [10/25] 正在处理: Site EE44
2026-08-05 21:50:53 [shujugenjin] ---> [11/25] 正在处理: Site BB22
2026-08-05 21:50:56 [shujugenjin] ---> [12/25] 正在处理: Site 7JJJ
2026-08-05 21:50:59 [shujugenjin] ---> [13/25] 正在处理: Site XXX1
2026-08-05 21:51:02 [shujugenjin] ---> [14/25] 正在处理: Site 44WW
2026-08-05 21:51:05 [shujugenjin] ---> [15/25] 正在处理: Site 33NN
2026-08-05 21:51:09 [shujugenjin] ---> [16/25] 正在处理: Site RR66
2026-08-05 21:51:12 [shujugenjin] ---> [17/25] 正在处理: Site KK44
2026-08-05 21:51:15 [shujugenjin] ---> [18/25] 正在处理: Site 33CC
2026-08-05 21:51:18 [shujugenjin] ---> [19/25] 正在处理: Site 22CC
2026-08-05 21:51:21 [shujugenjin] ---> [20/25] 正在处理: Site 77SS
2026-08-05 21:51:24 [shujugenjin] ---> [21/25] 正在处理: Site 11CC
2026-08-05 21:51:27 [shujugenjin] ---> [22/25] 正在处理: Site 99SS
2026-08-05 21:51:29 [shujugenjin] ---> [23/25] 正在处理: Site 66AA
2026-08-05 21:51:33 [shujugenjin] ---> [24/25] 正在处理: Site 77GG
2026-08-05 21:51:36 [shujugenjin] ---> [25/25] 正在处理: Site 77BB
2026-08-05 21:52:03 [shujugenjin] 🎉所有站点综合分析图片及文字报告已成功发送至 Telegram！
2026-08-05 21:59:59 [DASHBOARD] 🚀 Run: 2026-08-05 21:59:59.956143
2026-08-05 22:00:48 [DASHBOARD] ✅ ALL_TOTAL success
2026-08-05 22:00:48 [DASHBOARD] ✅ fb-h5-b success
2026-08-05 22:00:48 [DASHBOARD] ✅ tt-h5 success
2026-08-05 22:00:48 [DASHBOARD] ✅ fb-ios success
2026-08-05 22:00:48 [DASHBOARD] ✅ 上架包 success
2026-08-05 22:00:48 [DASHBOARD] ✅ fb-h5-a success
2026-08-05 22:00:48 [DASHBOARD] ✅ fb-pwa-b success
2026-08-05 22:00:48 [DASHBOARD] ✅ fb-pwa success
2026-08-05 22:00:48 [DASHBOARD] ✅ kwai-pwa success
2026-08-05 22:00:48 [DASHBOARD] ✅ fb-pwa-a success
2026-08-05 22:00:48 [DASHBOARD] ✅ tt-pwa success
2026-08-05 22:00:48 [DASHBOARD] ✅ 其他 success
2026-08-05 22:00:48 [DASHBOARD] ✅ DL success
2026-08-05 22:00:48 [DASHBOARD] Brazil now : 2026-08-05 11:00:00.119683-03:00
2026-08-05 22:00:48 [DASHBOARD] Report day : 2026-08-05
2026-08-05 22:00:48 [DASHBOARD] Yesterday  : 2026-08-04
2026-08-05 22:00:48 [DASHBOARD] Hour start : 2026-08-04 03:00:00+00:00
2026-08-05 22:00:48 [DASHBOARD] Hour end   : 2026-08-04 13:59:59+00:00
2026-08-05 22:00:48 [DASHBOARD] Brazil now : 2026-08-05 11:00:00.119683-03:00
2026-08-05 22:00:48 [DASHBOARD] Hour start : 2026-08-04 03:00:00+00:00
2026-08-05 22:00:48 [DASHBOARD] Hour end   : 2026-08-04 13:59:59+00:00
2026-08-05 22:00:48 [DASHBOARD] ✅ hour ALL_TOTAL
2026-08-05 22:00:48 [DASHBOARD] ✅ hour fb-h5-a
2026-08-05 22:00:48 [DASHBOARD] ✅ hour fb-pwa-a
2026-08-05 22:00:48 [DASHBOARD] ✅ hour tt-pwa
2026-08-05 22:00:48 [DASHBOARD] ✅ hour fb-h5-b
2026-08-05 22:00:48 [DASHBOARD] ✅ hour fb-ios
2026-08-05 22:00:48 [DASHBOARD] ✅ hour 上架包
2026-08-05 22:00:48 [DASHBOARD] ✅ hour fb-pwa-b
2026-08-05 22:00:48 [DASHBOARD] ✅ hour kwai-pwa
2026-08-05 22:00:48 [DASHBOARD] ✅ hour fb-pwa
2026-08-05 22:00:48 [DASHBOARD] ✅ hour tt-h5
2026-08-05 22:00:48 [DASHBOARD] ✅ hour DL
2026-08-05 22:00:48 [DASHBOARD] ✅ hour 其他
2026-08-05 22:00:48 [DASHBOARD] ✅ retention ALL
2026-08-05 22:00:48 [DASHBOARD] ✅ retention fb-ios
2026-08-05 22:00:48 [DASHBOARD] ✅ retention 上架包
2026-08-05 22:00:48 [DASHBOARD] ✅ retention fb-h5-b
2026-08-05 22:00:48 [DASHBOARD] ✅ retention tt-pwa
2026-08-05 22:00:48 [DASHBOARD] ✅ retention fb-pwa-a
2026-08-05 22:00:48 [DASHBOARD] ✅ retention fb-h5-a
2026-08-05 22:00:48 [DASHBOARD] ✅ retention fb-pwa
2026-08-05 22:00:48 [DASHBOARD] ✅ retention fb-pwa-b
2026-08-05 22:00:48 [DASHBOARD] ✅ retention tt-h5
2026-08-05 22:00:48 [DASHBOARD] ✅ retention kwai-pwa
2026-08-05 22:00:48 [DASHBOARD] ✅ retention DL
2026-08-05 22:00:48 [DASHBOARD] ✅ retention 其他
2026-08-05 22:00:48 [DASHBOARD] Loading realtime data...
2026-08-05 22:00:48 [DASHBOARD] ✅ realtime 2026-08-05
2026-08-05 22:00:48 [DASHBOARD] ✅ realtime 2026-08-04
2026-08-05 22:00:48 [DASHBOARD] ✅ realtime 2026-08-03
2026-08-05 22:00:48 [DASHBOARD] ✅ realtime 2026-08-02
2026-08-05 22:00:48 [DASHBOARD] ✅ Saved: /Users/xiaoruan/Documents/76b-getdata/data.json
2026-08-05 22:00:48 [DASHBOARD] ✅ Commit success
2026-08-05 22:00:48 [DASHBOARD] ✅ GitHub updated
2026-08-05 22:01:39 [DASHBOARD] ✅ ALL_TOTAL success
2026-08-05 22:01:39 [DASHBOARD] ✅ kwai-pwa success
2026-08-05 22:01:39 [DASHBOARD] ✅ tt-pwa success
2026-08-05 22:01:39 [DASHBOARD] ✅ 其他 success
2026-08-05 22:01:39 [DASHBOARD] ✅ dsp-h5 success
2026-08-05 22:01:39 [DASHBOARD] ✅ fb-h5-a success
2026-08-05 22:01:39 [DASHBOARD] ✅ 回访 success
2026-08-05 22:01:39 [DASHBOARD] ✅ fb-pwa-a success
2026-08-05 22:01:39 [DASHBOARD] ✅ fb-pwa success
2026-08-05 22:01:39 [DASHBOARD] ✅ fb-ios success
2026-08-05 22:01:39 [DASHBOARD] ✅ ws-h5 success
2026-08-05 22:01:39 [DASHBOARD] ✅ fb-h5 success
2026-08-05 22:01:39 [DASHBOARD] Brazil now : 2026-08-05 11:00:48.983401-03:00
2026-08-05 22:01:39 [DASHBOARD] Report day : 2026-08-05
2026-08-05 22:01:39 [DASHBOARD] Yesterday  : 2026-08-04
2026-08-05 22:01:39 [DASHBOARD] Hour start : 2026-08-04 03:00:00+00:00
2026-08-05 22:01:39 [DASHBOARD] Hour end   : 2026-08-04 13:59:59+00:00
2026-08-05 22:01:39 [DASHBOARD] Brazil now : 2026-08-05 11:00:48.983401-03:00
2026-08-05 22:01:39 [DASHBOARD] Hour start : 2026-08-04 03:00:00+00:00
2026-08-05 22:01:39 [DASHBOARD] Hour end   : 2026-08-04 13:59:59+00:00
2026-08-05 22:01:39 [DASHBOARD] ✅ hour ALL_TOTAL
2026-08-05 22:01:39 [DASHBOARD] ✅ hour tt-pwa
2026-08-05 22:01:39 [DASHBOARD] ✅ hour fb-h5
2026-08-05 22:01:39 [DASHBOARD] ✅ hour dsp-h5
2026-08-05 22:01:39 [DASHBOARD] ✅ hour fb-h5-a
2026-08-05 22:01:39 [DASHBOARD] ✅ hour kwai-pwa
2026-08-05 22:01:39 [DASHBOARD] ✅ hour fb-pwa
2026-08-05 22:01:39 [DASHBOARD] ✅ hour 其他
2026-08-05 22:01:39 [DASHBOARD] ✅ hour 回访
2026-08-05 22:01:39 [DASHBOARD] ✅ hour ws-h5
2026-08-05 22:01:39 [DASHBOARD] ❌ hour fb-pwa-a HTTPSConnectionPool(host='api6.o-9-d-4.com', port=443): Read timed out. (read timeout=20)
2026-08-05 22:01:39 [DASHBOARD] ❌ hour fb-ios HTTPSConnectionPool(host='api6.o-9-d-4.com', port=443): Read timed out. (read timeout=20)
2026-08-05 22:01:39 [DASHBOARD] ✅ retention ALL
2026-08-05 22:01:39 [DASHBOARD] ✅ retention fb-pwa-a
2026-08-05 22:01:39 [DASHBOARD] ✅ retention dsp-h5
2026-08-05 22:01:39 [DASHBOARD] ✅ retention tt-pwa
2026-08-05 22:01:39 [DASHBOARD] ✅ retention fb-ios
2026-08-05 22:01:39 [DASHBOARD] ✅ retention 回访
2026-08-05 22:01:39 [DASHBOARD] ✅ retention fb-pwa
2026-08-05 22:01:39 [DASHBOARD] ✅ retention 其他
2026-08-05 22:01:39 [DASHBOARD] ✅ retention kwai-pwa
2026-08-05 22:01:39 [DASHBOARD] ✅ retention fb-h5
2026-08-05 22:01:39 [DASHBOARD] ✅ retention fb-h5-a
2026-08-05 22:01:39 [DASHBOARD] ✅ retention ws-h5
2026-08-05 22:01:39 [DASHBOARD] Loading realtime data...
2026-08-05 22:01:39 [DASHBOARD] ✅ realtime 2026-08-05
2026-08-05 22:01:39 [DASHBOARD] ✅ realtime 2026-08-04
2026-08-05 22:01:39 [DASHBOARD] ✅ realtime 2026-08-03
2026-08-05 22:01:39 [DASHBOARD] ✅ realtime 2026-08-02
2026-08-05 22:01:39 [DASHBOARD] ✅ Saved: /Users/xiaoruan/Documents/76b-getdata/nn22.json
2026-08-05 22:01:39 [DASHBOARD] ✅ Commit success
2026-08-05 22:01:39 [DASHBOARD] ✅ GitHub updated
2026-08-05 22:02:16 [shujugenjin] ---> [1/25] 正在处理: Site 73J
2026-08-05 22:02:16 [DASHBOARD] ✅ ALL_TOTAL success
2026-08-05 22:02:16 [DASHBOARD] ✅ fb-h5 success
2026-08-05 22:02:16 [DASHBOARD] ✅ fb-ios success
2026-08-05 22:02:16 [DASHBOARD] ✅ 上架包 success
2026-08-05 22:02:16 [DASHBOARD] ✅ tt-pwa success
2026-08-05 22:02:16 [DASHBOARD] ✅ kwai-pwa success
2026-08-05 22:02:16 [DASHBOARD] ✅ fb-pwa success
2026-08-05 22:02:16 [DASHBOARD] ✅ DL success
2026-08-05 22:02:16 [DASHBOARD] ✅ fb-pwa-a success
2026-08-05 22:02:16 [DASHBOARD] ✅ 其他 success
2026-08-05 22:02:16 [DASHBOARD] ✅ ws-h5 success
2026-08-05 22:02:16 [DASHBOARD] ✅ fb-h5-a success
2026-08-05 22:02:16 [DASHBOARD] ✅ fb-pwa-b success
2026-08-05 22:02:16 [DASHBOARD] Brazil now : 2026-08-05 11:01:40.096009-03:00
2026-08-05 22:02:16 [DASHBOARD] Report day : 2026-08-05
2026-08-05 22:02:16 [DASHBOARD] Yesterday  : 2026-08-04
2026-08-05 22:02:16 [DASHBOARD] Hour start : 2026-08-04 03:00:00+00:00
2026-08-05 22:02:16 [DASHBOARD] Hour end   : 2026-08-04 13:59:59+00:00
2026-08-05 22:02:16 [DASHBOARD] Brazil now : 2026-08-05 11:01:40.096009-03:00
2026-08-05 22:02:16 [DASHBOARD] Hour start : 2026-08-04 03:00:00+00:00
2026-08-05 22:02:16 [DASHBOARD] Hour end   : 2026-08-04 13:59:59+00:00
2026-08-05 22:02:16 [DASHBOARD] ✅ hour ALL_TOTAL
2026-08-05 22:02:16 [DASHBOARD] ✅ hour fb-ios
2026-08-05 22:02:16 [DASHBOARD] ✅ hour DL
2026-08-05 22:02:16 [DASHBOARD] ✅ hour 上架包
2026-08-05 22:02:16 [DASHBOARD] ✅ hour fb-pwa
2026-08-05 22:02:16 [DASHBOARD] ✅ hour kwai-pwa
2026-08-05 22:02:16 [DASHBOARD] ✅ hour fb-h5-a
2026-08-05 22:02:16 [DASHBOARD] ✅ hour fb-pwa-b
2026-08-05 22:02:16 [DASHBOARD] ✅ hour tt-pwa
2026-08-05 22:02:16 [DASHBOARD] ✅ hour fb-pwa-a
2026-08-05 22:02:16 [DASHBOARD] ✅ hour fb-h5
2026-08-05 22:02:16 [DASHBOARD] ✅ hour ws-h5
2026-08-05 22:02:16 [DASHBOARD] ✅ hour 其他
2026-08-05 22:02:16 [DASHBOARD] ✅ retention ALL
2026-08-05 22:02:16 [DASHBOARD] ✅ retention 上架包
2026-08-05 22:02:16 [DASHBOARD] ✅ retention fb-ios
2026-08-05 22:02:16 [DASHBOARD] ✅ retention fb-h5-a
2026-08-05 22:02:16 [DASHBOARD] ✅ retention fb-h5
2026-08-05 22:02:16 [DASHBOARD] ✅ retention fb-pwa-b
2026-08-05 22:02:16 [DASHBOARD] ✅ retention DL
2026-08-05 22:02:16 [DASHBOARD] ✅ retention tt-pwa
2026-08-05 22:02:16 [DASHBOARD] ✅ retention kwai-pwa
2026-08-05 22:02:16 [DASHBOARD] ✅ retention fb-pwa-a
2026-08-05 22:02:16 [DASHBOARD] ✅ retention fb-pwa
2026-08-05 22:02:16 [DASHBOARD] ✅ retention ws-h5
2026-08-05 22:02:16 [DASHBOARD] ✅ retention 其他
2026-08-05 22:02:16 [DASHBOARD] Loading realtime data...
2026-08-05 22:02:16 [DASHBOARD] ✅ realtime 2026-08-05
2026-08-05 22:02:16 [DASHBOARD] ✅ realtime 2026-08-04
2026-08-05 22:02:16 [DASHBOARD] ✅ realtime 2026-08-03
2026-08-05 22:02:16 [DASHBOARD] ✅ realtime 2026-08-02
2026-08-05 22:02:16 [DASHBOARD] ✅ Saved: /Users/xiaoruan/Documents/76b-getdata/23a.json
2026-08-05 22:02:16 [DASHBOARD] ✅ Commit success
2026-08-05 22:02:16 [DASHBOARD] ✅ GitHub updated
2026-08-05 22:02:20 [shujugenjin] ---> [2/25] 正在处理: Site 23E
2026-08-05 22:02:23 [shujugenjin] ---> [3/25] 正在处理: Site 23A
2026-08-05 22:02:26 [shujugenjin] ---> [4/25] 正在处理: Site NN22
2026-08-05 22:02:29 [shujugenjin] ---> [5/25] 正在处理: Site 76B
2026-08-05 22:02:32 [shujugenjin] ---> [6/25] 正在处理: Site 5BBB
2026-08-05 22:02:35 [shujugenjin] ---> [7/25] 正在处理: Site XXX7
2026-08-05 22:02:38 [DASHBOARD] ✅ ALL_TOTAL success
2026-08-05 22:02:38 [DASHBOARD] ✅ fb-pwa-b success
2026-08-05 22:02:38 [DASHBOARD] ✅ 其他 success
2026-08-05 22:02:38 [DASHBOARD] ✅ fb-pwa-a success
2026-08-05 22:02:38 [DASHBOARD] ✅ fb-ios success
2026-08-05 22:02:38 [DASHBOARD] ✅ DL success
2026-08-05 22:02:38 [DASHBOARD] ✅ fb-h5 success
2026-08-05 22:02:38 [DASHBOARD] ✅ 上架包 success
2026-08-05 22:02:38 [DASHBOARD] ✅ kwai-pwa success
2026-08-05 22:02:38 [DASHBOARD] ✅ fb-pwa success
2026-08-05 22:02:38 [DASHBOARD] ✅ tt-pwa success
2026-08-05 22:02:38 [DASHBOARD] Brazil now : 2026-08-05 11:02:16.456198-03:00
2026-08-05 22:02:38 [DASHBOARD] Report day : 2026-08-05
2026-08-05 22:02:38 [DASHBOARD] Yesterday  : 2026-08-04
2026-08-05 22:02:38 [DASHBOARD] Hour start : 2026-08-04 03:00:00+00:00
2026-08-05 22:02:38 [DASHBOARD] Hour end   : 2026-08-04 13:59:59+00:00
2026-08-05 22:02:38 [DASHBOARD] Brazil now : 2026-08-05 11:02:16.456198-03:00
2026-08-05 22:02:38 [DASHBOARD] Hour start : 2026-08-04 03:00:00+00:00
2026-08-05 22:02:38 [DASHBOARD] Hour end   : 2026-08-04 13:59:59+00:00
2026-08-05 22:02:38 [DASHBOARD] ✅ hour ALL_TOTAL
2026-08-05 22:02:38 [DASHBOARD] ✅ hour fb-pwa
2026-08-05 22:02:38 [DASHBOARD] ✅ hour fb-pwa-b
2026-08-05 22:02:38 [DASHBOARD] ✅ hour 上架包
2026-08-05 22:02:38 [DASHBOARD] ✅ hour 其他
2026-08-05 22:02:38 [DASHBOARD] ✅ hour fb-ios
2026-08-05 22:02:38 [DASHBOARD] ✅ hour kwai-pwa
2026-08-05 22:02:38 [DASHBOARD] ✅ hour fb-pwa-a
2026-08-05 22:02:38 [DASHBOARD] ✅ hour fb-h5
2026-08-05 22:02:38 [DASHBOARD] ✅ hour DL
2026-08-05 22:02:38 [DASHBOARD] ✅ hour tt-pwa
2026-08-05 22:02:38 [DASHBOARD] ✅ retention ALL
2026-08-05 22:02:38 [DASHBOARD] ✅ retention tt-pwa
2026-08-05 22:02:38 [DASHBOARD] ✅ retention fb-ios
2026-08-05 22:02:38 [DASHBOARD] ✅ retention 其他
2026-08-05 22:02:38 [DASHBOARD] ✅ retention fb-pwa-b
2026-08-05 22:02:38 [DASHBOARD] ✅ retention fb-h5
2026-08-05 22:02:38 [DASHBOARD] ✅ retention fb-pwa
2026-08-05 22:02:38 [DASHBOARD] ✅ retention fb-pwa-a
2026-08-05 22:02:38 [DASHBOARD] ✅ retention DL
2026-08-05 22:02:38 [DASHBOARD] ✅ retention 上架包
2026-08-05 22:02:38 [DASHBOARD] ✅ retention kwai-pwa
2026-08-05 22:02:38 [DASHBOARD] Loading realtime data...
2026-08-05 22:02:38 [DASHBOARD] ✅ realtime 2026-08-05
2026-08-05 22:02:38 [DASHBOARD] ✅ realtime 2026-08-04
2026-08-05 22:02:38 [DASHBOARD] ✅ realtime 2026-08-03
2026-08-05 22:02:38 [DASHBOARD] ✅ realtime 2026-08-02
2026-08-05 22:02:38 [DASHBOARD] ✅ Saved: /Users/xiaoruan/Documents/76b-getdata/23e.json
2026-08-05 22:02:38 [DASHBOARD] ✅ Commit success
2026-08-05 22:02:38 [DASHBOARD] ✅ GitHub updated
2026-08-05 22:02:38 [DASHBOARD] ✅ Done
2026-08-05 22:02:38 [DASHBOARD] ✅ 推广汇总更新完成
2026-08-05 22:02:38 [shujugenjin] ---> [8/25] 正在处理: Site WW33
2026-08-05 22:02:42 [shujugenjin] ---> [9/25] 正在处理: Site 55UU
2026-08-05 22:02:45 [shujugenjin] ---> [10/25] 正在处理: Site EE44
2026-08-05 22:02:49 [shujugenjin] ---> [11/25] 正在处理: Site BB22
2026-08-05 22:02:52 [shujugenjin] ---> [12/25] 正在处理: Site 7JJJ
2026-08-05 22:02:55 [shujugenjin] ---> [13/25] 正在处理: Site XXX1
2026-08-05 22:02:59 [shujugenjin] ---> [14/25] 正在处理: Site 44WW
2026-08-05 22:03:03 [shujugenjin] ---> [15/25] 正在处理: Site 33NN
2026-08-05 22:03:06 [shujugenjin] ---> [16/25] 正在处理: Site RR66
2026-08-05 22:03:09 [shujugenjin] ---> [17/25] 正在处理: Site KK44
2026-08-05 22:03:13 [shujugenjin] ---> [18/25] 正在处理: Site 33CC
2026-08-05 22:03:16 [shujugenjin] ---> [19/25] 正在处理: Site 22CC
2026-08-05 22:03:22 [shujugenjin] ---> [20/25] 正在处理: Site 77SS
2026-08-05 22:03:25 [shujugenjin] ---> [21/25] 正在处理: Site 11CC
2026-08-05 22:03:30 [shujugenjin] ---> [22/25] 正在处理: Site 99SS
2026-08-05 22:03:33 [shujugenjin] ---> [23/25] 正在处理: Site 66AA
2026-08-05 22:03:36 [shujugenjin] ---> [24/25] 正在处理: Site 77GG
2026-08-05 22:03:39 [shujugenjin] ---> [25/25] 正在处理: Site 77BB
2026-08-05 22:04:08 [shujugenjin] 🎉所有站点综合分析图片及文字报告已成功发送至 Telegram！
2026-08-05 23:00:00 [DASHBOARD] 🚀 Run: 2026-08-05 23:00:00.113782
2026-08-05 23:01:00 [DASHBOARD] ✅ ALL_TOTAL success
2026-08-05 23:01:00 [DASHBOARD] ✅ fb-pwa-a success
2026-08-05 23:01:00 [DASHBOARD] ✅ fb-pwa-b success
2026-08-05 23:01:00 [DASHBOARD] ✅ 上架包 success
2026-08-05 23:01:00 [DASHBOARD] ✅ fb-h5-a success
2026-08-05 23:01:00 [DASHBOARD] ✅ tt-pwa success
2026-08-05 23:01:00 [DASHBOARD] ✅ kwai-pwa success
2026-08-05 23:01:00 [DASHBOARD] ✅ tt-h5 success
2026-08-05 23:01:00 [DASHBOARD] ✅ fb-h5-b success
2026-08-05 23:01:00 [DASHBOARD] ✅ fb-pwa success
2026-08-05 23:01:00 [DASHBOARD] ✅ fb-ios success
2026-08-05 23:01:00 [DASHBOARD] ✅ DL success
2026-08-05 23:01:00 [DASHBOARD] ✅ 其他 success
2026-08-05 23:01:00 [DASHBOARD] Brazil now : 2026-08-05 12:00:00.260381-03:00
2026-08-05 23:01:00 [DASHBOARD] Report day : 2026-08-05
2026-08-05 23:01:00 [DASHBOARD] Yesterday  : 2026-08-04
2026-08-05 23:01:00 [DASHBOARD] Hour start : 2026-08-04 03:00:00+00:00
2026-08-05 23:01:00 [DASHBOARD] Hour end   : 2026-08-04 14:59:59+00:00
2026-08-05 23:01:00 [DASHBOARD] Brazil now : 2026-08-05 12:00:00.260381-03:00
2026-08-05 23:01:00 [DASHBOARD] Hour start : 2026-08-04 03:00:00+00:00
2026-08-05 23:01:00 [DASHBOARD] Hour end   : 2026-08-04 14:59:59+00:00
2026-08-05 23:01:00 [DASHBOARD] ✅ hour ALL_TOTAL
2026-08-05 23:01:00 [DASHBOARD] ✅ hour fb-pwa
2026-08-05 23:01:00 [DASHBOARD] ✅ hour fb-h5-b
2026-08-05 23:01:00 [DASHBOARD] ✅ hour fb-pwa-b
2026-08-05 23:01:00 [DASHBOARD] ✅ hour fb-pwa-a
2026-08-05 23:01:00 [DASHBOARD] ✅ hour tt-pwa
2026-08-05 23:01:00 [DASHBOARD] ✅ hour kwai-pwa
2026-08-05 23:01:00 [DASHBOARD] ✅ hour fb-ios
2026-08-05 23:01:00 [DASHBOARD] ✅ hour tt-h5
2026-08-05 23:01:00 [DASHBOARD] ✅ hour 上架包
2026-08-05 23:01:00 [DASHBOARD] ✅ hour fb-h5-a
2026-08-05 23:01:00 [DASHBOARD] ✅ hour DL
2026-08-05 23:01:00 [DASHBOARD] ✅ hour 其他
2026-08-05 23:01:00 [DASHBOARD] ✅ retention ALL
2026-08-05 23:01:00 [DASHBOARD] ✅ retention 上架包
2026-08-05 23:01:00 [DASHBOARD] ✅ retention fb-h5-b
2026-08-05 23:01:00 [DASHBOARD] ✅ retention fb-ios
2026-08-05 23:01:00 [DASHBOARD] ✅ retention fb-h5-a
2026-08-05 23:01:00 [DASHBOARD] ✅ retention fb-pwa-a
2026-08-05 23:01:00 [DASHBOARD] ✅ retention tt-pwa
2026-08-05 23:01:00 [DASHBOARD] ✅ retention tt-h5
2026-08-05 23:01:00 [DASHBOARD] ✅ retention fb-pwa-b
2026-08-05 23:01:00 [DASHBOARD] ✅ retention kwai-pwa
2026-08-05 23:01:00 [DASHBOARD] ✅ retention fb-pwa
2026-08-05 23:01:00 [DASHBOARD] ✅ retention 其他
2026-08-05 23:01:00 [DASHBOARD] ✅ retention DL
2026-08-05 23:01:00 [DASHBOARD] Loading realtime data...
2026-08-05 23:01:00 [DASHBOARD] ✅ realtime 2026-08-05
2026-08-05 23:01:00 [DASHBOARD] ✅ realtime 2026-08-04
2026-08-05 23:01:00 [DASHBOARD] ✅ realtime 2026-08-03
2026-08-05 23:01:00 [DASHBOARD] ✅ realtime 2026-08-02
2026-08-05 23:01:00 [DASHBOARD] ✅ Saved: /Users/xiaoruan/Documents/76b-getdata/data.json
2026-08-05 23:01:00 [DASHBOARD] ✅ Commit success
2026-08-05 23:01:00 [DASHBOARD] ✅ GitHub updated
2026-08-05 23:01:27 [DASHBOARD] ✅ ALL_TOTAL success
2026-08-05 23:01:27 [DASHBOARD] ✅ fb-ios success
2026-08-05 23:01:27 [DASHBOARD] ✅ fb-pwa-a success
2026-08-05 23:01:27 [DASHBOARD] ✅ fb-pwa success
2026-08-05 23:01:27 [DASHBOARD] ✅ tt-pwa success
2026-08-05 23:01:27 [DASHBOARD] ✅ 回访 success
2026-08-05 23:01:27 [DASHBOARD] ✅ kwai-pwa success
2026-08-05 23:01:27 [DASHBOARD] ✅ dsp-h5 success
2026-08-05 23:01:27 [DASHBOARD] ✅ ws-h5 success
2026-08-05 23:01:27 [DASHBOARD] ✅ fb-h5 success
2026-08-05 23:01:27 [DASHBOARD] ✅ 其他 success
2026-08-05 23:01:27 [DASHBOARD] ✅ fb-h5-a success
2026-08-05 23:01:27 [DASHBOARD] Brazil now : 2026-08-05 12:01:00.756685-03:00
2026-08-05 23:01:27 [DASHBOARD] Report day : 2026-08-05
2026-08-05 23:01:27 [DASHBOARD] Yesterday  : 2026-08-04
2026-08-05 23:01:27 [DASHBOARD] Hour start : 2026-08-04 03:00:00+00:00
2026-08-05 23:01:27 [DASHBOARD] Hour end   : 2026-08-04 14:59:59+00:00
2026-08-05 23:01:27 [DASHBOARD] Brazil now : 2026-08-05 12:01:00.756685-03:00
2026-08-05 23:01:27 [DASHBOARD] Hour start : 2026-08-04 03:00:00+00:00
2026-08-05 23:01:27 [DASHBOARD] Hour end   : 2026-08-04 14:59:59+00:00
2026-08-05 23:01:27 [DASHBOARD] ✅ hour ALL_TOTAL
2026-08-05 23:01:27 [DASHBOARD] ✅ hour tt-pwa
2026-08-05 23:01:27 [DASHBOARD] ✅ hour fb-h5
2026-08-05 23:01:27 [DASHBOARD] ✅ hour dsp-h5
2026-08-05 23:01:27 [DASHBOARD] ✅ hour 其他
2026-08-05 23:01:27 [DASHBOARD] ✅ hour 回访
2026-08-05 23:01:27 [DASHBOARD] ✅ hour fb-ios
2026-08-05 23:01:27 [DASHBOARD] ✅ hour fb-pwa
2026-08-05 23:01:27 [DASHBOARD] ✅ hour fb-h5-a
2026-08-05 23:01:27 [DASHBOARD] ✅ hour kwai-pwa
2026-08-05 23:01:27 [DASHBOARD] ✅ hour ws-h5
2026-08-05 23:01:27 [DASHBOARD] ✅ hour fb-pwa-a
2026-08-05 23:01:27 [DASHBOARD] ✅ retention ALL
2026-08-05 23:01:27 [DASHBOARD] ✅ retention 其他
2026-08-05 23:01:27 [DASHBOARD] ✅ retention fb-pwa
2026-08-05 23:01:27 [DASHBOARD] ✅ retention fb-ios
2026-08-05 23:01:27 [DASHBOARD] ✅ retention fb-pwa-a
2026-08-05 23:01:27 [DASHBOARD] ✅ retention tt-pwa
2026-08-05 23:01:27 [DASHBOARD] ✅ retention dsp-h5
2026-08-05 23:01:27 [DASHBOARD] ✅ retention 回访
2026-08-05 23:01:27 [DASHBOARD] ✅ retention kwai-pwa
2026-08-05 23:01:27 [DASHBOARD] ✅ retention fb-h5
2026-08-05 23:01:27 [DASHBOARD] ✅ retention ws-h5
2026-08-05 23:01:27 [DASHBOARD] ✅ retention fb-h5-a
2026-08-05 23:01:27 [DASHBOARD] Loading realtime data...
2026-08-05 23:01:27 [DASHBOARD] ✅ realtime 2026-08-05
2026-08-05 23:01:27 [DASHBOARD] ✅ realtime 2026-08-04
2026-08-05 23:01:27 [DASHBOARD] ✅ realtime 2026-08-03
2026-08-05 23:01:27 [DASHBOARD] ✅ realtime 2026-08-02
2026-08-05 23:01:27 [DASHBOARD] ✅ Saved: /Users/xiaoruan/Documents/76b-getdata/nn22.json
2026-08-05 23:01:27 [DASHBOARD] ✅ Commit success
2026-08-05 23:01:27 [DASHBOARD] ✅ GitHub updated
2026-08-05 23:01:51 [DASHBOARD] ✅ ALL_TOTAL success
2026-08-05 23:01:51 [DASHBOARD] ✅ tt-pwa success
2026-08-05 23:01:51 [DASHBOARD] ✅ fb-ios success
2026-08-05 23:01:51 [DASHBOARD] ✅ 上架包 success
2026-08-05 23:01:51 [DASHBOARD] ✅ fb-pwa-b success
2026-08-05 23:01:51 [DASHBOARD] ✅ DL success
2026-08-05 23:01:51 [DASHBOARD] ✅ kwai-pwa success
2026-08-05 23:01:51 [DASHBOARD] ✅ fb-pwa-a success
2026-08-05 23:01:51 [DASHBOARD] ✅ fb-pwa success
2026-08-05 23:01:51 [DASHBOARD] ✅ fb-h5-a success
2026-08-05 23:01:51 [DASHBOARD] ✅ fb-h5 success
2026-08-05 23:01:51 [DASHBOARD] ✅ ws-h5 success
2026-08-05 23:01:51 [DASHBOARD] ✅ 其他 success
2026-08-05 23:01:51 [DASHBOARD] Brazil now : 2026-08-05 12:01:27.920359-03:00
2026-08-05 23:01:51 [DASHBOARD] Report day : 2026-08-05
2026-08-05 23:01:51 [DASHBOARD] Yesterday  : 2026-08-04
2026-08-05 23:01:51 [DASHBOARD] Hour start : 2026-08-04 03:00:00+00:00
2026-08-05 23:01:51 [DASHBOARD] Hour end   : 2026-08-04 14:59:59+00:00
2026-08-05 23:01:51 [DASHBOARD] Brazil now : 2026-08-05 12:01:27.920359-03:00
2026-08-05 23:01:51 [DASHBOARD] Hour start : 2026-08-04 03:00:00+00:00
2026-08-05 23:01:51 [DASHBOARD] Hour end   : 2026-08-04 14:59:59+00:00
2026-08-05 23:01:51 [DASHBOARD] ✅ hour ALL_TOTAL
2026-08-05 23:01:51 [DASHBOARD] ✅ hour fb-pwa-b
2026-08-05 23:01:51 [DASHBOARD] ✅ hour fb-ios
2026-08-05 23:01:51 [DASHBOARD] ✅ hour DL
2026-08-05 23:01:51 [DASHBOARD] ✅ hour fb-pwa-a
2026-08-05 23:01:51 [DASHBOARD] ✅ hour kwai-pwa
2026-08-05 23:01:51 [DASHBOARD] ✅ hour 上架包
2026-08-05 23:01:51 [DASHBOARD] ✅ hour tt-pwa
2026-08-05 23:01:51 [DASHBOARD] ✅ hour fb-h5-a
2026-08-05 23:01:51 [DASHBOARD] ✅ hour fb-pwa
2026-08-05 23:01:51 [DASHBOARD] ✅ hour fb-h5
2026-08-05 23:01:51 [DASHBOARD] ✅ hour 其他
2026-08-05 23:01:51 [DASHBOARD] ✅ hour ws-h5
2026-08-05 23:01:51 [DASHBOARD] ✅ retention ALL
2026-08-05 23:01:51 [DASHBOARD] ✅ retention tt-pwa
2026-08-05 23:01:51 [DASHBOARD] ✅ retention fb-pwa-a
2026-08-05 23:01:51 [DASHBOARD] ✅ retention kwai-pwa
2026-08-05 23:01:51 [DASHBOARD] ✅ retention fb-ios
2026-08-05 23:01:51 [DASHBOARD] ✅ retention fb-h5-a
2026-08-05 23:01:51 [DASHBOARD] ✅ retention fb-h5
2026-08-05 23:01:51 [DASHBOARD] ✅ retention 上架包
2026-08-05 23:01:51 [DASHBOARD] ✅ retention fb-pwa-b
2026-08-05 23:01:51 [DASHBOARD] ✅ retention fb-pwa
2026-08-05 23:01:51 [DASHBOARD] ✅ retention DL
2026-08-05 23:01:51 [DASHBOARD] ✅ retention ws-h5
2026-08-05 23:01:51 [DASHBOARD] ✅ retention 其他
2026-08-05 23:01:51 [DASHBOARD] Loading realtime data...
2026-08-05 23:01:51 [DASHBOARD] ✅ realtime 2026-08-05
2026-08-05 23:01:51 [DASHBOARD] ✅ realtime 2026-08-04
2026-08-05 23:01:51 [DASHBOARD] ✅ realtime 2026-08-03
2026-08-05 23:01:51 [DASHBOARD] ✅ realtime 2026-08-02
2026-08-05 23:01:51 [DASHBOARD] ✅ Saved: /Users/xiaoruan/Documents/76b-getdata/23a.json
2026-08-05 23:01:51 [DASHBOARD] ✅ Commit success
2026-08-05 23:01:51 [DASHBOARD] ✅ GitHub updated
2026-08-05 23:02:20 [DASHBOARD] ✅ ALL_TOTAL success
2026-08-05 23:02:20 [DASHBOARD] ✅ fb-ios success
2026-08-05 23:02:20 [DASHBOARD] ✅ tt-pwa success
2026-08-05 23:02:20 [DASHBOARD] ✅ DL success
2026-08-05 23:02:20 [DASHBOARD] ✅ 其他 success
2026-08-05 23:02:20 [DASHBOARD] ✅ 上架包 success
2026-08-05 23:02:20 [DASHBOARD] ✅ fb-pwa-b success
2026-08-05 23:02:20 [DASHBOARD] ✅ fb-pwa-a success
2026-08-05 23:02:20 [DASHBOARD] ✅ kwai-pwa success
2026-08-05 23:02:20 [DASHBOARD] ✅ fb-pwa success
2026-08-05 23:02:20 [DASHBOARD] ✅ fb-h5 success
2026-08-05 23:02:20 [DASHBOARD] Brazil now : 2026-08-05 12:01:52.017832-03:00
2026-08-05 23:02:20 [DASHBOARD] Report day : 2026-08-05
2026-08-05 23:02:20 [DASHBOARD] Yesterday  : 2026-08-04
2026-08-05 23:02:20 [DASHBOARD] Hour start : 2026-08-04 03:00:00+00:00
2026-08-05 23:02:20 [DASHBOARD] Hour end   : 2026-08-04 14:59:59+00:00
2026-08-05 23:02:20 [DASHBOARD] Brazil now : 2026-08-05 12:01:52.017832-03:00
2026-08-05 23:02:20 [DASHBOARD] Hour start : 2026-08-04 03:00:00+00:00
2026-08-05 23:02:20 [DASHBOARD] Hour end   : 2026-08-04 14:59:59+00:00
2026-08-05 23:02:20 [DASHBOARD] ✅ hour ALL_TOTAL
2026-08-05 23:02:20 [DASHBOARD] ✅ hour fb-h5
2026-08-05 23:02:20 [DASHBOARD] ✅ hour fb-pwa
2026-08-05 23:02:20 [DASHBOARD] ✅ hour 其他
2026-08-05 23:02:20 [DASHBOARD] ✅ hour fb-pwa-b
2026-08-05 23:02:20 [DASHBOARD] ✅ hour kwai-pwa
2026-08-05 23:02:20 [DASHBOARD] ✅ hour 上架包
2026-08-05 23:02:20 [DASHBOARD] ✅ hour fb-pwa-a
2026-08-05 23:02:20 [DASHBOARD] ✅ hour DL
2026-08-05 23:02:20 [DASHBOARD] ✅ hour tt-pwa
2026-08-05 23:02:20 [DASHBOARD] ✅ hour fb-ios
2026-08-05 23:02:20 [DASHBOARD] ✅ retention ALL
2026-08-05 23:02:20 [DASHBOARD] ✅ retention tt-pwa
2026-08-05 23:02:20 [DASHBOARD] ✅ retention fb-pwa-b
2026-08-05 23:02:20 [DASHBOARD] ✅ retention DL
2026-08-05 23:02:20 [DASHBOARD] ✅ retention fb-pwa
2026-08-05 23:02:20 [DASHBOARD] ✅ retention 其他
2026-08-05 23:02:20 [DASHBOARD] ✅ retention fb-h5
2026-08-05 23:02:20 [DASHBOARD] ✅ retention 上架包
2026-08-05 23:02:20 [DASHBOARD] ✅ retention fb-pwa-a
2026-08-05 23:02:20 [DASHBOARD] ✅ retention kwai-pwa
2026-08-05 23:02:20 [DASHBOARD] ✅ retention fb-ios
2026-08-05 23:02:20 [DASHBOARD] Loading realtime data...
2026-08-05 23:02:20 [DASHBOARD] ✅ realtime 2026-08-05
2026-08-05 23:02:20 [DASHBOARD] ✅ realtime 2026-08-04
2026-08-05 23:02:20 [DASHBOARD] ✅ realtime 2026-08-03
2026-08-05 23:02:20 [DASHBOARD] ✅ realtime 2026-08-02
2026-08-05 23:02:20 [DASHBOARD] ✅ Saved: /Users/xiaoruan/Documents/76b-getdata/23e.json
2026-08-05 23:02:20 [DASHBOARD] ✅ Commit success
2026-08-05 23:02:20 [DASHBOARD] ✅ GitHub updated
2026-08-05 23:02:20 [DASHBOARD] ✅ Done
2026-08-05 23:02:20 [DASHBOARD] ✅ 推广汇总更新完成
2026-08-06 00:00:00 [DASHBOARD] 🚀 Run: 2026-08-06 00:00:00.030337
2026-08-06 00:01:13 [DASHBOARD] ✅ ALL_TOTAL success
2026-08-06 00:01:13 [DASHBOARD] ✅ tt-h5 success
2026-08-06 00:01:13 [DASHBOARD] ✅ fb-pwa-a success
2026-08-06 00:01:13 [DASHBOARD] ✅ fb-h5-a success
2026-08-06 00:01:13 [DASHBOARD] ✅ fb-pwa-b success
2026-08-06 00:01:13 [DASHBOARD] ✅ fb-ios success
2026-08-06 00:01:13 [DASHBOARD] ✅ kwai-pwa success
2026-08-06 00:01:13 [DASHBOARD] ✅ fb-h5-b success
2026-08-06 00:01:13 [DASHBOARD] ✅ 上架包 success
2026-08-06 00:01:13 [DASHBOARD] ✅ fb-pwa success
2026-08-06 00:01:13 [DASHBOARD] ✅ tt-pwa success
2026-08-06 00:01:13 [DASHBOARD] ✅ 其他 success
2026-08-06 00:01:13 [DASHBOARD] ✅ DL success
2026-08-06 00:01:13 [DASHBOARD] Brazil now : 2026-08-05 13:00:00.185035-03:00
2026-08-06 00:01:13 [DASHBOARD] Report day : 2026-08-05
2026-08-06 00:01:13 [DASHBOARD] Yesterday  : 2026-08-04
2026-08-06 00:01:13 [DASHBOARD] Hour start : 2026-08-04 03:00:00+00:00
2026-08-06 00:01:13 [DASHBOARD] Hour end   : 2026-08-04 15:59:59+00:00
2026-08-06 00:01:13 [DASHBOARD] Brazil now : 2026-08-05 13:00:00.185035-03:00
2026-08-06 00:01:13 [DASHBOARD] Hour start : 2026-08-04 03:00:00+00:00
2026-08-06 00:01:13 [DASHBOARD] Hour end   : 2026-08-04 15:59:59+00:00
2026-08-06 00:01:13 [DASHBOARD] ✅ hour ALL_TOTAL
2026-08-06 00:01:13 [DASHBOARD] ✅ hour fb-h5-a
2026-08-06 00:01:13 [DASHBOARD] ✅ hour tt-h5
2026-08-06 00:01:13 [DASHBOARD] ✅ hour fb-ios
2026-08-06 00:01:13 [DASHBOARD] ✅ hour fb-pwa
2026-08-06 00:01:13 [DASHBOARD] ✅ hour kwai-pwa
2026-08-06 00:01:13 [DASHBOARD] ✅ hour fb-h5-b
2026-08-06 00:01:13 [DASHBOARD] ✅ hour tt-pwa
2026-08-06 00:01:13 [DASHBOARD] ✅ hour 上架包
2026-08-06 00:01:13 [DASHBOARD] ✅ hour fb-pwa-b
2026-08-06 00:01:13 [DASHBOARD] ✅ hour fb-pwa-a
2026-08-06 00:01:13 [DASHBOARD] ✅ hour 其他
2026-08-06 00:01:13 [DASHBOARD] ✅ hour DL
2026-08-06 00:01:13 [DASHBOARD] ✅ retention ALL
2026-08-06 00:01:13 [DASHBOARD] ✅ retention 上架包
2026-08-06 00:01:13 [DASHBOARD] ✅ retention fb-h5-a
2026-08-06 00:01:13 [DASHBOARD] ✅ retention fb-pwa
2026-08-06 00:01:13 [DASHBOARD] ✅ retention tt-pwa
2026-08-06 00:01:13 [DASHBOARD] ✅ retention fb-pwa-b
2026-08-06 00:01:13 [DASHBOARD] ✅ retention fb-h5-b
2026-08-06 00:01:13 [DASHBOARD] ✅ retention kwai-pwa
2026-08-06 00:01:13 [DASHBOARD] ✅ retention tt-h5
2026-08-06 00:01:13 [DASHBOARD] ✅ retention fb-pwa-a
2026-08-06 00:01:13 [DASHBOARD] ✅ retention fb-ios
2026-08-06 00:01:13 [DASHBOARD] ✅ retention 其他
2026-08-06 00:01:13 [DASHBOARD] ✅ retention DL
2026-08-06 00:01:13 [DASHBOARD] Loading realtime data...
2026-08-06 00:01:13 [DASHBOARD] ✅ realtime 2026-08-05
2026-08-06 00:01:13 [DASHBOARD] ✅ realtime 2026-08-04
2026-08-06 00:01:13 [DASHBOARD] ✅ realtime 2026-08-03
2026-08-06 00:01:13 [DASHBOARD] ✅ realtime 2026-08-02
2026-08-06 00:01:13 [DASHBOARD] ✅ Saved: /Users/xiaoruan/Documents/76b-getdata/data.json
2026-08-06 00:01:13 [DASHBOARD] ✅ Commit success
2026-08-06 00:01:13 [DASHBOARD] ✅ GitHub updated
2026-08-06 00:01:43 [DASHBOARD] ✅ ALL_TOTAL success
2026-08-06 00:01:43 [DASHBOARD] ✅ dsp-h5 success
2026-08-06 00:01:43 [DASHBOARD] ✅ fb-h5 success
2026-08-06 00:01:43 [DASHBOARD] ✅ fb-h5-a success
2026-08-06 00:01:43 [DASHBOARD] ✅ 其他 success
2026-08-06 00:01:43 [DASHBOARD] ✅ fb-ios success
2026-08-06 00:01:43 [DASHBOARD] ✅ tt-pwa success
2026-08-06 00:01:43 [DASHBOARD] ✅ fb-pwa-a success
2026-08-06 00:01:43 [DASHBOARD] ✅ kwai-pwa success
2026-08-06 00:01:43 [DASHBOARD] ✅ fb-pwa success
2026-08-06 00:01:43 [DASHBOARD] ✅ 回访 success
2026-08-06 00:01:43 [DASHBOARD] ✅ ws-h5 success
2026-08-06 00:01:43 [DASHBOARD] Brazil now : 2026-08-05 13:01:13.275397-03:00
2026-08-06 00:01:43 [DASHBOARD] Report day : 2026-08-05
2026-08-06 00:01:43 [DASHBOARD] Yesterday  : 2026-08-04
2026-08-06 00:01:43 [DASHBOARD] Hour start : 2026-08-04 03:00:00+00:00
2026-08-06 00:01:43 [DASHBOARD] Hour end   : 2026-08-04 15:59:59+00:00
2026-08-06 00:01:43 [DASHBOARD] Brazil now : 2026-08-05 13:01:13.275397-03:00
2026-08-06 00:01:43 [DASHBOARD] Hour start : 2026-08-04 03:00:00+00:00
2026-08-06 00:01:43 [DASHBOARD] Hour end   : 2026-08-04 15:59:59+00:00
2026-08-06 00:01:43 [DASHBOARD] ✅ hour ALL_TOTAL
2026-08-06 00:01:43 [DASHBOARD] ✅ hour fb-h5-a
2026-08-06 00:01:43 [DASHBOARD] ✅ hour kwai-pwa
2026-08-06 00:01:43 [DASHBOARD] ✅ hour 回访
2026-08-06 00:01:43 [DASHBOARD] ✅ hour tt-pwa
2026-08-06 00:01:43 [DASHBOARD] ✅ hour 其他
2026-08-06 00:01:43 [DASHBOARD] ✅ hour fb-pwa-a
2026-08-06 00:01:43 [DASHBOARD] ✅ hour fb-pwa
2026-08-06 00:01:43 [DASHBOARD] ✅ hour dsp-h5
2026-08-06 00:01:43 [DASHBOARD] ✅ hour fb-ios
2026-08-06 00:01:43 [DASHBOARD] ✅ hour fb-h5
2026-08-06 00:01:43 [DASHBOARD] ✅ hour ws-h5
2026-08-06 00:01:43 [DASHBOARD] ✅ retention ALL
2026-08-06 00:01:43 [DASHBOARD] ✅ retention fb-h5
2026-08-06 00:01:43 [DASHBOARD] ✅ retention fb-ios
2026-08-06 00:01:43 [DASHBOARD] ✅ retention dsp-h5
2026-08-06 00:01:43 [DASHBOARD] ✅ retention tt-pwa
2026-08-06 00:01:43 [DASHBOARD] ✅ retention fb-pwa
2026-08-06 00:01:43 [DASHBOARD] ✅ retention kwai-pwa
2026-08-06 00:01:43 [DASHBOARD] ✅ retention fb-pwa-a
2026-08-06 00:01:43 [DASHBOARD] ✅ retention 回访
2026-08-06 00:01:43 [DASHBOARD] ✅ retention ws-h5
2026-08-06 00:01:43 [DASHBOARD] ✅ retention 其他
2026-08-06 00:01:43 [DASHBOARD] ✅ retention fb-h5-a
2026-08-06 00:01:43 [DASHBOARD] Loading realtime data...
2026-08-06 00:01:43 [DASHBOARD] ✅ realtime 2026-08-05
2026-08-06 00:01:43 [DASHBOARD] ✅ realtime 2026-08-04
2026-08-06 00:01:43 [DASHBOARD] ✅ realtime 2026-08-03
2026-08-06 00:01:43 [DASHBOARD] ✅ realtime 2026-08-02
2026-08-06 00:01:43 [DASHBOARD] ✅ Saved: /Users/xiaoruan/Documents/76b-getdata/nn22.json
2026-08-06 00:01:43 [DASHBOARD] ✅ Commit success
2026-08-06 00:01:43 [DASHBOARD] ✅ GitHub updated
2026-08-06 00:02:08 [DASHBOARD] ✅ ALL_TOTAL success
2026-08-06 00:02:08 [DASHBOARD] ✅ fb-h5-a success
2026-08-06 00:02:08 [DASHBOARD] ✅ 上架包 success
2026-08-06 00:02:08 [DASHBOARD] ✅ fb-h5 success
2026-08-06 00:02:08 [DASHBOARD] ✅ fb-ios success
2026-08-06 00:02:08 [DASHBOARD] ✅ kwai-pwa success
2026-08-06 00:02:08 [DASHBOARD] ✅ DL success
2026-08-06 00:02:08 [DASHBOARD] ✅ fb-pwa success
2026-08-06 00:02:08 [DASHBOARD] ✅ fb-pwa-a success
2026-08-06 00:02:08 [DASHBOARD] ✅ tt-pwa success
2026-08-06 00:02:08 [DASHBOARD] ✅ fb-pwa-b success
2026-08-06 00:02:08 [DASHBOARD] ✅ 其他 success
2026-08-06 00:02:08 [DASHBOARD] ✅ ws-h5 success
2026-08-06 00:02:08 [DASHBOARD] Brazil now : 2026-08-05 13:01:44.122403-03:00
2026-08-06 00:02:08 [DASHBOARD] Report day : 2026-08-05
2026-08-06 00:02:08 [DASHBOARD] Yesterday  : 2026-08-04
2026-08-06 00:02:08 [DASHBOARD] Hour start : 2026-08-04 03:00:00+00:00
2026-08-06 00:02:08 [DASHBOARD] Hour end   : 2026-08-04 15:59:59+00:00
2026-08-06 00:02:08 [DASHBOARD] Brazil now : 2026-08-05 13:01:44.122403-03:00
2026-08-06 00:02:08 [DASHBOARD] Hour start : 2026-08-04 03:00:00+00:00
2026-08-06 00:02:08 [DASHBOARD] Hour end   : 2026-08-04 15:59:59+00:00
2026-08-06 00:02:08 [DASHBOARD] ✅ hour ALL_TOTAL
2026-08-06 00:02:08 [DASHBOARD] ✅ hour kwai-pwa
2026-08-06 00:02:08 [DASHBOARD] ✅ hour fb-pwa-b
2026-08-06 00:02:08 [DASHBOARD] ✅ hour fb-pwa
2026-08-06 00:02:08 [DASHBOARD] ✅ hour fb-h5
2026-08-06 00:02:08 [DASHBOARD] ✅ hour DL
2026-08-06 00:02:08 [DASHBOARD] ✅ hour fb-pwa-a
2026-08-06 00:02:08 [DASHBOARD] ✅ hour fb-h5-a
2026-08-06 00:02:08 [DASHBOARD] ✅ hour 其他
2026-08-06 00:02:08 [DASHBOARD] ✅ hour fb-ios
2026-08-06 00:02:08 [DASHBOARD] ✅ hour ws-h5
2026-08-06 00:02:08 [DASHBOARD] ✅ hour tt-pwa
2026-08-06 00:02:08 [DASHBOARD] ✅ hour 上架包
2026-08-06 00:02:08 [DASHBOARD] ✅ retention ALL
2026-08-06 00:02:08 [DASHBOARD] ✅ retention fb-pwa
2026-08-06 00:02:08 [DASHBOARD] ✅ retention fb-h5-a
2026-08-06 00:02:08 [DASHBOARD] ✅ retention DL
2026-08-06 00:02:08 [DASHBOARD] ✅ retention tt-pwa
2026-08-06 00:02:08 [DASHBOARD] ✅ retention 上架包
2026-08-06 00:02:08 [DASHBOARD] ✅ retention fb-pwa-a
2026-08-06 00:02:08 [DASHBOARD] ✅ retention fb-pwa-b
2026-08-06 00:02:08 [DASHBOARD] ✅ retention fb-h5
2026-08-06 00:02:08 [DASHBOARD] ✅ retention fb-ios
2026-08-06 00:02:08 [DASHBOARD] ✅ retention kwai-pwa
2026-08-06 00:02:08 [DASHBOARD] ✅ retention 其他
2026-08-06 00:02:08 [DASHBOARD] ✅ retention ws-h5
2026-08-06 00:02:08 [DASHBOARD] Loading realtime data...
2026-08-06 00:02:08 [DASHBOARD] ✅ realtime 2026-08-05
2026-08-06 00:02:08 [DASHBOARD] ✅ realtime 2026-08-04
2026-08-06 00:02:08 [DASHBOARD] ✅ realtime 2026-08-03
2026-08-06 00:02:08 [DASHBOARD] ✅ realtime 2026-08-02
2026-08-06 00:02:08 [DASHBOARD] ✅ Saved: /Users/xiaoruan/Documents/76b-getdata/23a.json
2026-08-06 00:02:08 [DASHBOARD] ✅ Commit success
2026-08-06 00:02:08 [DASHBOARD] ✅ GitHub updated
2026-08-06 00:02:33 [DASHBOARD] ✅ ALL_TOTAL success
2026-08-06 00:02:33 [DASHBOARD] ✅ 上架包 success
2026-08-06 00:02:33 [DASHBOARD] ✅ 其他 success
2026-08-06 00:02:33 [DASHBOARD] ✅ fb-pwa-a success
2026-08-06 00:02:33 [DASHBOARD] ✅ fb-h5 success
2026-08-06 00:02:33 [DASHBOARD] ✅ kwai-pwa success
2026-08-06 00:02:33 [DASHBOARD] ✅ fb-ios success
2026-08-06 00:02:33 [DASHBOARD] ✅ DL success
2026-08-06 00:02:33 [DASHBOARD] ✅ tt-pwa success
2026-08-06 00:02:33 [DASHBOARD] ✅ fb-pwa-b success
2026-08-06 00:02:33 [DASHBOARD] ✅ fb-pwa success
2026-08-06 00:02:33 [DASHBOARD] Brazil now : 2026-08-05 13:02:08.690868-03:00
2026-08-06 00:02:33 [DASHBOARD] Report day : 2026-08-05
2026-08-06 00:02:33 [DASHBOARD] Yesterday  : 2026-08-04
2026-08-06 00:02:33 [DASHBOARD] Hour start : 2026-08-04 03:00:00+00:00
2026-08-06 00:02:33 [DASHBOARD] Hour end   : 2026-08-04 15:59:59+00:00
2026-08-06 00:02:33 [DASHBOARD] Brazil now : 2026-08-05 13:02:08.690868-03:00
2026-08-06 00:02:33 [DASHBOARD] Hour start : 2026-08-04 03:00:00+00:00
2026-08-06 00:02:33 [DASHBOARD] Hour end   : 2026-08-04 15:59:59+00:00
2026-08-06 00:02:33 [DASHBOARD] ✅ hour ALL_TOTAL
2026-08-06 00:02:33 [DASHBOARD] ✅ hour 其他
2026-08-06 00:02:33 [DASHBOARD] ✅ hour DL
2026-08-06 00:02:33 [DASHBOARD] ✅ hour fb-ios
2026-08-06 00:02:33 [DASHBOARD] ✅ hour 上架包
2026-08-06 00:02:33 [DASHBOARD] ✅ hour tt-pwa
2026-08-06 00:02:33 [DASHBOARD] ✅ hour kwai-pwa
2026-08-06 00:02:33 [DASHBOARD] ✅ hour fb-pwa-b
2026-08-06 00:02:33 [DASHBOARD] ✅ hour fb-pwa-a
2026-08-06 00:02:33 [DASHBOARD] ✅ hour fb-pwa
2026-08-06 00:02:33 [DASHBOARD] ✅ hour fb-h5
2026-08-06 00:02:33 [DASHBOARD] ✅ retention ALL
2026-08-06 00:02:33 [DASHBOARD] ✅ retention fb-pwa
2026-08-06 00:02:33 [DASHBOARD] ✅ retention fb-h5
2026-08-06 00:02:33 [DASHBOARD] ✅ retention tt-pwa
2026-08-06 00:02:33 [DASHBOARD] ✅ retention fb-pwa-b
2026-08-06 00:02:33 [DASHBOARD] ✅ retention DL
2026-08-06 00:02:33 [DASHBOARD] ✅ retention 上架包
2026-08-06 00:02:33 [DASHBOARD] ✅ retention fb-pwa-a
2026-08-06 00:02:33 [DASHBOARD] ✅ retention 其他
2026-08-06 00:02:33 [DASHBOARD] ✅ retention kwai-pwa
2026-08-06 00:02:33 [DASHBOARD] ✅ retention fb-ios
2026-08-06 00:02:33 [DASHBOARD] Loading realtime data...
2026-08-06 00:02:33 [DASHBOARD] ✅ realtime 2026-08-05
2026-08-06 00:02:33 [DASHBOARD] ✅ realtime 2026-08-04
2026-08-06 00:02:33 [DASHBOARD] ✅ realtime 2026-08-03
2026-08-06 00:02:33 [DASHBOARD] ✅ realtime 2026-08-02
2026-08-06 00:02:33 [DASHBOARD] ✅ Saved: /Users/xiaoruan/Documents/76b-getdata/23e.json
2026-08-06 00:02:33 [DASHBOARD] ✅ Commit success
2026-08-06 00:02:33 [DASHBOARD] ✅ GitHub updated
2026-08-06 00:02:33 [DASHBOARD] ✅ Done
2026-08-06 00:02:33 [DASHBOARD] ✅ 推广汇总更新完成
2026-08-06 00:59:59 [DASHBOARD] 🚀 Run: 2026-08-06 00:59:59.996907
2026-08-06 01:01:31 [DASHBOARD] ✅ ALL_TOTAL success
2026-08-06 01:01:31 [DASHBOARD] ✅ fb-h5-b success
2026-08-06 01:01:31 [DASHBOARD] ✅ fb-h5-a success
2026-08-06 01:01:31 [DASHBOARD] ✅ kwai-pwa success
2026-08-06 01:01:31 [DASHBOARD] ✅ tt-h5 success
2026-08-06 01:01:31 [DASHBOARD] ✅ fb-ios success
2026-08-06 01:01:31 [DASHBOARD] ✅ fb-pwa-a success
2026-08-06 01:01:31 [DASHBOARD] ✅ tt-pwa success
2026-08-06 01:01:31 [DASHBOARD] ✅ fb-pwa success
2026-08-06 01:01:31 [DASHBOARD] ✅ 上架包 success
2026-08-06 01:01:31 [DASHBOARD] ✅ fb-pwa-b success
2026-08-06 01:01:31 [DASHBOARD] ✅ DL success
2026-08-06 01:01:31 [DASHBOARD] ✅ 其他 success
2026-08-06 01:01:31 [DASHBOARD] Brazil now : 2026-08-05 14:00:00.162929-03:00
2026-08-06 01:01:31 [DASHBOARD] Report day : 2026-08-05
2026-08-06 01:01:31 [DASHBOARD] Yesterday  : 2026-08-04
2026-08-06 01:01:31 [DASHBOARD] Hour start : 2026-08-04 03:00:00+00:00
2026-08-06 01:01:31 [DASHBOARD] Hour end   : 2026-08-04 16:59:59+00:00
2026-08-06 01:01:31 [DASHBOARD] Brazil now : 2026-08-05 14:00:00.162929-03:00
2026-08-06 01:01:31 [DASHBOARD] Hour start : 2026-08-04 03:00:00+00:00
2026-08-06 01:01:31 [DASHBOARD] Hour end   : 2026-08-04 16:59:59+00:00
2026-08-06 01:01:31 [DASHBOARD] ✅ hour ALL_TOTAL
2026-08-06 01:01:31 [DASHBOARD] ✅ hour 上架包
2026-08-06 01:01:31 [DASHBOARD] ✅ hour fb-pwa-a
2026-08-06 01:01:31 [DASHBOARD] ✅ hour fb-h5-a
2026-08-06 01:01:31 [DASHBOARD] ✅ hour fb-ios
2026-08-06 01:01:31 [DASHBOARD] ✅ hour fb-pwa-b
2026-08-06 01:01:31 [DASHBOARD] ✅ hour fb-pwa
2026-08-06 01:01:31 [DASHBOARD] ✅ hour fb-h5-b
2026-08-06 01:01:31 [DASHBOARD] ✅ hour tt-h5
2026-08-06 01:01:31 [DASHBOARD] ❌ hour kwai-pwa HTTPSConnectionPool(host='api5.v-n-r-1.com', port=443): Read timed out. (read timeout=40)
2026-08-06 01:01:31 [DASHBOARD] ❌ hour tt-pwa HTTPSConnectionPool(host='api5.v-n-r-1.com', port=443): Read timed out. (read timeout=40)
2026-08-06 01:01:31 [DASHBOARD] ✅ hour DL
2026-08-06 01:01:31 [DASHBOARD] ✅ hour 其他
2026-08-06 01:01:31 [DASHBOARD] ✅ retention ALL
2026-08-06 01:01:31 [DASHBOARD] ✅ retention fb-h5-b
2026-08-06 01:01:31 [DASHBOARD] ✅ retention fb-pwa
2026-08-06 01:01:31 [DASHBOARD] ✅ retention tt-pwa
2026-08-06 01:01:31 [DASHBOARD] ✅ retention fb-pwa-b
2026-08-06 01:01:31 [DASHBOARD] ✅ retention kwai-pwa
2026-08-06 01:01:31 [DASHBOARD] ✅ retention fb-pwa-a
2026-08-06 01:01:31 [DASHBOARD] ✅ retention 上架包
2026-08-06 01:01:31 [DASHBOARD] ✅ retention tt-h5
2026-08-06 01:01:31 [DASHBOARD] ✅ retention DL
2026-08-06 01:01:31 [DASHBOARD] ✅ retention fb-h5-a
2026-08-06 01:01:31 [DASHBOARD] ✅ retention fb-ios
2026-08-06 01:01:31 [DASHBOARD] ✅ retention 其他
2026-08-06 01:01:31 [DASHBOARD] Loading realtime data...
2026-08-06 01:01:31 [DASHBOARD] ✅ realtime 2026-08-05
2026-08-06 01:01:31 [DASHBOARD] ✅ realtime 2026-08-04
2026-08-06 01:01:31 [DASHBOARD] ✅ realtime 2026-08-03
2026-08-06 01:01:31 [DASHBOARD] ✅ realtime 2026-08-02
2026-08-06 01:01:31 [DASHBOARD] ✅ Saved: /Users/xiaoruan/Documents/76b-getdata/data.json
2026-08-06 01:01:31 [DASHBOARD] ✅ Commit success
2026-08-06 01:01:31 [DASHBOARD] ✅ GitHub updated
2026-08-06 01:01:59 [DASHBOARD] ✅ ALL_TOTAL success
2026-08-06 01:01:59 [DASHBOARD] ✅ 其他 success
2026-08-06 01:01:59 [DASHBOARD] ✅ tt-pwa success
2026-08-06 01:01:59 [DASHBOARD] ✅ fb-pwa success
2026-08-06 01:01:59 [DASHBOARD] ✅ dsp-h5 success
2026-08-06 01:01:59 [DASHBOARD] ✅ fb-h5-a success
2026-08-06 01:01:59 [DASHBOARD] ✅ fb-pwa-a success
2026-08-06 01:01:59 [DASHBOARD] ✅ 回访 success
2026-08-06 01:01:59 [DASHBOARD] ✅ fb-ios success
2026-08-06 01:01:59 [DASHBOARD] ✅ fb-h5 success
2026-08-06 01:01:59 [DASHBOARD] ✅ kwai-pwa success
2026-08-06 01:01:59 [DASHBOARD] ✅ ws-h5 success
2026-08-06 01:01:59 [DASHBOARD] Brazil now : 2026-08-05 14:01:31.875680-03:00
2026-08-06 01:01:59 [DASHBOARD] Report day : 2026-08-05
2026-08-06 01:01:59 [DASHBOARD] Yesterday  : 2026-08-04
2026-08-06 01:01:59 [DASHBOARD] Hour start : 2026-08-04 03:00:00+00:00
2026-08-06 01:01:59 [DASHBOARD] Hour end   : 2026-08-04 16:59:59+00:00
2026-08-06 01:01:59 [DASHBOARD] Brazil now : 2026-08-05 14:01:31.875680-03:00
2026-08-06 01:01:59 [DASHBOARD] Hour start : 2026-08-04 03:00:00+00:00
2026-08-06 01:01:59 [DASHBOARD] Hour end   : 2026-08-04 16:59:59+00:00
2026-08-06 01:01:59 [DASHBOARD] ✅ hour ALL_TOTAL
2026-08-06 01:01:59 [DASHBOARD] ✅ hour fb-h5-a
2026-08-06 01:01:59 [DASHBOARD] ✅ hour fb-pwa-a
2026-08-06 01:01:59 [DASHBOARD] ✅ hour fb-ios
2026-08-06 01:01:59 [DASHBOARD] ✅ hour dsp-h5
2026-08-06 01:01:59 [DASHBOARD] ✅ hour 其他
2026-08-06 01:01:59 [DASHBOARD] ✅ hour fb-h5
2026-08-06 01:01:59 [DASHBOARD] ✅ hour kwai-pwa
2026-08-06 01:01:59 [DASHBOARD] ✅ hour 回访
2026-08-06 01:01:59 [DASHBOARD] ✅ hour tt-pwa
2026-08-06 01:01:59 [DASHBOARD] ✅ hour fb-pwa
2026-08-06 01:01:59 [DASHBOARD] ✅ hour ws-h5
2026-08-06 01:01:59 [DASHBOARD] ✅ retention ALL
2026-08-06 01:01:59 [DASHBOARD] ✅ retention fb-h5-a
2026-08-06 01:01:59 [DASHBOARD] ✅ retention tt-pwa
2026-08-06 01:01:59 [DASHBOARD] ✅ retention dsp-h5
2026-08-06 01:01:59 [DASHBOARD] ✅ retention 其他
2026-08-06 01:01:59 [DASHBOARD] ✅ retention fb-ios
2026-08-06 01:01:59 [DASHBOARD] ✅ retention kwai-pwa
2026-08-06 01:01:59 [DASHBOARD] ✅ retention fb-h5
2026-08-06 01:01:59 [DASHBOARD] ✅ retention fb-pwa-a
2026-08-06 01:01:59 [DASHBOARD] ✅ retention ws-h5
2026-08-06 01:01:59 [DASHBOARD] ✅ retention fb-pwa
2026-08-06 01:01:59 [DASHBOARD] ✅ retention 回访
2026-08-06 01:01:59 [DASHBOARD] Loading realtime data...
2026-08-06 01:01:59 [DASHBOARD] ✅ realtime 2026-08-05
2026-08-06 01:01:59 [DASHBOARD] ✅ realtime 2026-08-04
2026-08-06 01:01:59 [DASHBOARD] ✅ realtime 2026-08-03
2026-08-06 01:01:59 [DASHBOARD] ✅ realtime 2026-08-02
2026-08-06 01:01:59 [DASHBOARD] ✅ Saved: /Users/xiaoruan/Documents/76b-getdata/nn22.json
2026-08-06 01:01:59 [DASHBOARD] ✅ Commit success
2026-08-06 01:01:59 [DASHBOARD] ✅ GitHub updated
2026-08-06 01:02:30 [DASHBOARD] ✅ ALL_TOTAL success
2026-08-06 01:02:30 [DASHBOARD] ✅ DL success
2026-08-06 01:02:30 [DASHBOARD] ✅ fb-ios success
2026-08-06 01:02:30 [DASHBOARD] ✅ fb-pwa success
2026-08-06 01:02:30 [DASHBOARD] ✅ fb-pwa-b success
2026-08-06 01:02:30 [DASHBOARD] ✅ fb-h5 success
2026-08-06 01:02:30 [DASHBOARD] ✅ 上架包 success
2026-08-06 01:02:30 [DASHBOARD] ✅ kwai-pwa success
2026-08-06 01:02:30 [DASHBOARD] ✅ fb-h5-a success
2026-08-06 01:02:30 [DASHBOARD] ✅ fb-pwa-a success
2026-08-06 01:02:30 [DASHBOARD] ✅ ws-h5 success
2026-08-06 01:02:30 [DASHBOARD] ✅ tt-pwa success
2026-08-06 01:02:30 [DASHBOARD] ✅ 其他 success
2026-08-06 01:02:30 [DASHBOARD] Brazil now : 2026-08-05 14:01:59.726299-03:00
2026-08-06 01:02:30 [DASHBOARD] Report day : 2026-08-05
2026-08-06 01:02:30 [DASHBOARD] Yesterday  : 2026-08-04
2026-08-06 01:02:30 [DASHBOARD] Hour start : 2026-08-04 03:00:00+00:00
2026-08-06 01:02:30 [DASHBOARD] Hour end   : 2026-08-04 16:59:59+00:00
2026-08-06 01:02:30 [DASHBOARD] Brazil now : 2026-08-05 14:01:59.726299-03:00
2026-08-06 01:02:30 [DASHBOARD] Hour start : 2026-08-04 03:00:00+00:00
2026-08-06 01:02:30 [DASHBOARD] Hour end   : 2026-08-04 16:59:59+00:00
2026-08-06 01:02:30 [DASHBOARD] ✅ hour ALL_TOTAL
2026-08-06 01:02:30 [DASHBOARD] ✅ hour fb-pwa-b
2026-08-06 01:02:30 [DASHBOARD] ✅ hour fb-h5-a
2026-08-06 01:02:30 [DASHBOARD] ✅ hour 上架包
2026-08-06 01:02:30 [DASHBOARD] ✅ hour tt-pwa
2026-08-06 01:02:30 [DASHBOARD] ✅ hour kwai-pwa
2026-08-06 01:02:30 [DASHBOARD] ✅ hour fb-ios
2026-08-06 01:02:30 [DASHBOARD] ✅ hour fb-pwa
2026-08-06 01:02:30 [DASHBOARD] ✅ hour fb-pwa-a
2026-08-06 01:02:30 [DASHBOARD] ✅ hour ws-h5
2026-08-06 01:02:30 [DASHBOARD] ✅ hour 其他
2026-08-06 01:02:30 [DASHBOARD] ✅ hour fb-h5
2026-08-06 01:02:30 [DASHBOARD] ✅ hour DL
2026-08-06 01:02:30 [DASHBOARD] ✅ retention ALL
2026-08-06 01:02:30 [DASHBOARD] ✅ retention fb-ios
2026-08-06 01:02:30 [DASHBOARD] ✅ retention fb-pwa-b
2026-08-06 01:02:30 [DASHBOARD] ✅ retention fb-h5
2026-08-06 01:02:30 [DASHBOARD] ✅ retention DL
2026-08-06 01:02:30 [DASHBOARD] ✅ retention fb-pwa-a
2026-08-06 01:02:30 [DASHBOARD] ✅ retention kwai-pwa
2026-08-06 01:02:30 [DASHBOARD] ✅ retention 上架包
2026-08-06 01:02:30 [DASHBOARD] ✅ retention fb-h5-a
2026-08-06 01:02:30 [DASHBOARD] ✅ retention tt-pwa
2026-08-06 01:02:30 [DASHBOARD] ✅ retention fb-pwa
2026-08-06 01:02:30 [DASHBOARD] ✅ retention ws-h5
2026-08-06 01:02:30 [DASHBOARD] ✅ retention 其他
2026-08-06 01:02:30 [DASHBOARD] Loading realtime data...
2026-08-06 01:02:30 [DASHBOARD] ✅ realtime 2026-08-05
2026-08-06 01:02:30 [DASHBOARD] ✅ realtime 2026-08-04
2026-08-06 01:02:30 [DASHBOARD] ✅ realtime 2026-08-03
2026-08-06 01:02:30 [DASHBOARD] ✅ realtime 2026-08-02
2026-08-06 01:02:30 [DASHBOARD] ✅ Saved: /Users/xiaoruan/Documents/76b-getdata/23a.json
2026-08-06 01:02:30 [DASHBOARD] ✅ Commit success
2026-08-06 01:02:30 [DASHBOARD] ✅ GitHub updated
2026-08-06 01:03:00 [DASHBOARD] ✅ ALL_TOTAL success
2026-08-06 01:03:00 [DASHBOARD] ✅ tt-pwa success
2026-08-06 01:03:00 [DASHBOARD] ✅ kwai-pwa success
2026-08-06 01:03:00 [DASHBOARD] ✅ DL success
2026-08-06 01:03:00 [DASHBOARD] ✅ fb-pwa success
2026-08-06 01:03:00 [DASHBOARD] ✅ fb-pwa-a success
2026-08-06 01:03:00 [DASHBOARD] ✅ fb-h5 success
2026-08-06 01:03:00 [DASHBOARD] ✅ fb-ios success
2026-08-06 01:03:00 [DASHBOARD] ✅ 其他 success
2026-08-06 01:03:00 [DASHBOARD] ✅ fb-pwa-b success
2026-08-06 01:03:00 [DASHBOARD] ✅ 上架包 success
2026-08-06 01:03:00 [DASHBOARD] Brazil now : 2026-08-05 14:02:30.746138-03:00
2026-08-06 01:03:00 [DASHBOARD] Report day : 2026-08-05
2026-08-06 01:03:00 [DASHBOARD] Yesterday  : 2026-08-04
2026-08-06 01:03:00 [DASHBOARD] Hour start : 2026-08-04 03:00:00+00:00
2026-08-06 01:03:00 [DASHBOARD] Hour end   : 2026-08-04 16:59:59+00:00
2026-08-06 01:03:00 [DASHBOARD] Brazil now : 2026-08-05 14:02:30.746138-03:00
2026-08-06 01:03:00 [DASHBOARD] Hour start : 2026-08-04 03:00:00+00:00
2026-08-06 01:03:00 [DASHBOARD] Hour end   : 2026-08-04 16:59:59+00:00
2026-08-06 01:03:00 [DASHBOARD] ✅ hour ALL_TOTAL
2026-08-06 01:03:00 [DASHBOARD] ✅ hour tt-pwa
2026-08-06 01:03:00 [DASHBOARD] ✅ hour DL
2026-08-06 01:03:00 [DASHBOARD] ✅ hour 上架包
2026-08-06 01:03:00 [DASHBOARD] ✅ hour fb-pwa-a
2026-08-06 01:03:00 [DASHBOARD] ✅ hour 其他
2026-08-06 01:03:00 [DASHBOARD] ✅ hour fb-ios
2026-08-06 01:03:00 [DASHBOARD] ✅ hour fb-pwa-b
2026-08-06 01:03:00 [DASHBOARD] ✅ hour fb-h5
2026-08-06 01:03:00 [DASHBOARD] ✅ hour kwai-pwa
2026-08-06 01:03:00 [DASHBOARD] ✅ hour fb-pwa
2026-08-06 01:03:00 [DASHBOARD] ✅ retention ALL
2026-08-06 01:03:00 [DASHBOARD] ✅ retention DL
2026-08-06 01:03:00 [DASHBOARD] ✅ retention fb-h5
2026-08-06 01:03:00 [DASHBOARD] ✅ retention tt-pwa
2026-08-06 01:03:00 [DASHBOARD] ✅ retention fb-pwa-b
2026-08-06 01:03:00 [DASHBOARD] ✅ retention 上架包
2026-08-06 01:03:00 [DASHBOARD] ✅ retention 其他
2026-08-06 01:03:00 [DASHBOARD] ✅ retention kwai-pwa
2026-08-06 01:03:00 [DASHBOARD] ✅ retention fb-pwa-a
2026-08-06 01:03:00 [DASHBOARD] ✅ retention fb-ios
2026-08-06 01:03:00 [DASHBOARD] ✅ retention fb-pwa
2026-08-06 01:03:00 [DASHBOARD] Loading realtime data...
2026-08-06 01:03:00 [DASHBOARD] ✅ realtime 2026-08-05
2026-08-06 01:03:00 [DASHBOARD] ✅ realtime 2026-08-04
2026-08-06 01:03:00 [DASHBOARD] ✅ realtime 2026-08-03
2026-08-06 01:03:00 [DASHBOARD] ✅ realtime 2026-08-02
2026-08-06 01:03:00 [DASHBOARD] ✅ Saved: /Users/xiaoruan/Documents/76b-getdata/23e.json
2026-08-06 01:03:00 [DASHBOARD] ✅ Commit success
2026-08-06 01:03:00 [DASHBOARD] ✅ GitHub updated
2026-08-06 01:03:00 [DASHBOARD] ✅ Done
2026-08-06 01:03:00 [DASHBOARD] ✅ 推广汇总更新完成
2026-08-06 02:00:00 [DASHBOARD] 🚀 Run: 2026-08-06 02:00:00.042047
2026-08-06 02:00:53 [DASHBOARD] ✅ ALL_TOTAL success
2026-08-06 02:00:53 [DASHBOARD] ✅ fb-ios success
2026-08-06 02:00:53 [DASHBOARD] ✅ 上架包 success
2026-08-06 02:00:53 [DASHBOARD] ✅ kwai-pwa success
2026-08-06 02:00:53 [DASHBOARD] ✅ fb-h5-b success
2026-08-06 02:00:53 [DASHBOARD] ✅ fb-pwa success
2026-08-06 02:00:53 [DASHBOARD] ✅ tt-h5 success
2026-08-06 02:00:53 [DASHBOARD] ✅ fb-pwa-a success
2026-08-06 02:00:53 [DASHBOARD] ✅ fb-h5-a success
2026-08-06 02:00:53 [DASHBOARD] ✅ fb-pwa-b success
2026-08-06 02:00:53 [DASHBOARD] ✅ tt-pwa success
2026-08-06 02:00:53 [DASHBOARD] ✅ DL success
2026-08-06 02:00:53 [DASHBOARD] ✅ 其他 success
2026-08-06 02:00:53 [DASHBOARD] Brazil now : 2026-08-05 15:00:00.207049-03:00
2026-08-06 02:00:53 [DASHBOARD] Report day : 2026-08-05
2026-08-06 02:00:53 [DASHBOARD] Yesterday  : 2026-08-04
2026-08-06 02:00:53 [DASHBOARD] Hour start : 2026-08-04 03:00:00+00:00
2026-08-06 02:00:53 [DASHBOARD] Hour end   : 2026-08-04 17:59:59+00:00
2026-08-06 02:00:53 [DASHBOARD] Brazil now : 2026-08-05 15:00:00.207049-03:00
2026-08-06 02:00:53 [DASHBOARD] Hour start : 2026-08-04 03:00:00+00:00
2026-08-06 02:00:53 [DASHBOARD] Hour end   : 2026-08-04 17:59:59+00:00
2026-08-06 02:00:53 [DASHBOARD] ✅ hour ALL_TOTAL
2026-08-06 02:00:53 [DASHBOARD] ✅ hour fb-pwa-b
2026-08-06 02:00:53 [DASHBOARD] ✅ hour kwai-pwa
2026-08-06 02:00:53 [DASHBOARD] ✅ hour tt-h5
2026-08-06 02:00:53 [DASHBOARD] ✅ hour fb-h5-a
2026-08-06 02:00:53 [DASHBOARD] ✅ hour 上架包
2026-08-06 02:00:53 [DASHBOARD] ✅ hour fb-pwa-a
2026-08-06 02:00:53 [DASHBOARD] ✅ hour fb-h5-b
2026-08-06 02:00:53 [DASHBOARD] ✅ hour fb-ios
2026-08-06 02:00:53 [DASHBOARD] ✅ hour fb-pwa
2026-08-06 02:00:53 [DASHBOARD] ✅ hour tt-pwa
2026-08-06 02:00:53 [DASHBOARD] ✅ hour 其他
2026-08-06 02:00:53 [DASHBOARD] ✅ hour DL
2026-08-06 02:00:53 [DASHBOARD] ✅ retention ALL
2026-08-06 02:00:53 [DASHBOARD] ✅ retention fb-ios
2026-08-06 02:00:53 [DASHBOARD] ✅ retention fb-pwa
2026-08-06 02:00:53 [DASHBOARD] ✅ retention fb-h5-b
2026-08-06 02:00:53 [DASHBOARD] ✅ retention tt-pwa
2026-08-06 02:00:53 [DASHBOARD] ✅ retention tt-h5
2026-08-06 02:00:53 [DASHBOARD] ✅ retention kwai-pwa
2026-08-06 02:00:53 [DASHBOARD] ✅ retention fb-h5-a
2026-08-06 02:00:53 [DASHBOARD] ✅ retention fb-pwa-a
2026-08-06 02:00:53 [DASHBOARD] ✅ retention 上架包
2026-08-06 02:00:53 [DASHBOARD] ✅ retention fb-pwa-b
2026-08-06 02:00:53 [DASHBOARD] ✅ retention 其他
2026-08-06 02:00:53 [DASHBOARD] ✅ retention DL
2026-08-06 02:00:53 [DASHBOARD] Loading realtime data...
2026-08-06 02:00:53 [DASHBOARD] ✅ realtime 2026-08-05
2026-08-06 02:00:53 [DASHBOARD] ✅ realtime 2026-08-04
2026-08-06 02:00:53 [DASHBOARD] ✅ realtime 2026-08-03
2026-08-06 02:00:53 [DASHBOARD] ✅ realtime 2026-08-02
2026-08-06 02:00:53 [DASHBOARD] ✅ Saved: /Users/xiaoruan/Documents/76b-getdata/data.json
2026-08-06 02:00:53 [DASHBOARD] ✅ Commit success
2026-08-06 02:00:53 [DASHBOARD] ✅ GitHub updated
2026-08-06 02:01:27 [DASHBOARD] ✅ ALL_TOTAL success
2026-08-06 02:01:27 [DASHBOARD] ✅ dsp-h5 success
2026-08-06 02:01:27 [DASHBOARD] ✅ 其他 success
2026-08-06 02:01:27 [DASHBOARD] ✅ 回访 success
2026-08-06 02:01:27 [DASHBOARD] ✅ kwai-pwa success
2026-08-06 02:01:27 [DASHBOARD] ✅ fb-h5-a success
2026-08-06 02:01:27 [DASHBOARD] ✅ ws-h5 success
2026-08-06 02:01:27 [DASHBOARD] ✅ fb-ios success
2026-08-06 02:01:27 [DASHBOARD] ✅ fb-h5 success
2026-08-06 02:01:27 [DASHBOARD] ✅ tt-pwa success
2026-08-06 02:01:27 [DASHBOARD] ✅ fb-pwa-a success
2026-08-06 02:01:27 [DASHBOARD] ✅ fb-pwa success
2026-08-06 02:01:27 [DASHBOARD] Brazil now : 2026-08-05 15:00:53.552148-03:00
2026-08-06 02:01:27 [DASHBOARD] Report day : 2026-08-05
2026-08-06 02:01:27 [DASHBOARD] Yesterday  : 2026-08-04
2026-08-06 02:01:27 [DASHBOARD] Hour start : 2026-08-04 03:00:00+00:00
2026-08-06 02:01:27 [DASHBOARD] Hour end   : 2026-08-04 17:59:59+00:00
2026-08-06 02:01:27 [DASHBOARD] Brazil now : 2026-08-05 15:00:53.552148-03:00
2026-08-06 02:01:27 [DASHBOARD] Hour start : 2026-08-04 03:00:00+00:00
2026-08-06 02:01:27 [DASHBOARD] Hour end   : 2026-08-04 17:59:59+00:00
2026-08-06 02:01:27 [DASHBOARD] ✅ hour ALL_TOTAL
2026-08-06 02:01:27 [DASHBOARD] ✅ hour 其他
2026-08-06 02:01:27 [DASHBOARD] ✅ hour tt-pwa
2026-08-06 02:01:27 [DASHBOARD] ✅ hour 回访
2026-08-06 02:01:27 [DASHBOARD] ✅ hour fb-pwa-a
2026-08-06 02:01:27 [DASHBOARD] ✅ hour kwai-pwa
2026-08-06 02:01:27 [DASHBOARD] ✅ hour fb-h5
2026-08-06 02:01:27 [DASHBOARD] ✅ hour fb-h5-a
2026-08-06 02:01:27 [DASHBOARD] ✅ hour dsp-h5
2026-08-06 02:01:27 [DASHBOARD] ✅ hour ws-h5
2026-08-06 02:01:27 [DASHBOARD] ✅ hour fb-pwa
2026-08-06 02:01:27 [DASHBOARD] ✅ hour fb-ios
2026-08-06 02:01:27 [DASHBOARD] ✅ retention ALL
2026-08-06 02:01:27 [DASHBOARD] ✅ retention fb-h5
2026-08-06 02:01:27 [DASHBOARD] ✅ retention fb-h5-a
2026-08-06 02:01:27 [DASHBOARD] ✅ retention fb-pwa-a
2026-08-06 02:01:27 [DASHBOARD] ✅ retention kwai-pwa
2026-08-06 02:01:27 [DASHBOARD] ✅ retention 回访
2026-08-06 02:01:27 [DASHBOARD] ✅ retention 其他
2026-08-06 02:01:27 [DASHBOARD] ✅ retention fb-pwa
2026-08-06 02:01:27 [DASHBOARD] ✅ retention tt-pwa
2026-08-06 02:01:27 [DASHBOARD] ✅ retention fb-ios
2026-08-06 02:01:27 [DASHBOARD] ✅ retention ws-h5
2026-08-06 02:01:27 [DASHBOARD] ✅ retention dsp-h5
2026-08-06 02:01:27 [DASHBOARD] Loading realtime data...
2026-08-06 02:01:27 [DASHBOARD] ✅ realtime 2026-08-05
2026-08-06 02:01:27 [DASHBOARD] ✅ realtime 2026-08-04
2026-08-06 02:01:27 [DASHBOARD] ✅ realtime 2026-08-03
2026-08-06 02:01:27 [DASHBOARD] ✅ realtime 2026-08-02
2026-08-06 02:01:27 [DASHBOARD] ✅ Saved: /Users/xiaoruan/Documents/76b-getdata/nn22.json
2026-08-06 02:01:27 [DASHBOARD] ✅ Commit success
2026-08-06 02:01:27 [DASHBOARD] ✅ GitHub updated
2026-08-06 02:01:52 [DASHBOARD] ✅ ALL_TOTAL success
2026-08-06 02:01:52 [DASHBOARD] ✅ kwai-pwa success
2026-08-06 02:01:52 [DASHBOARD] ✅ fb-pwa success
2026-08-06 02:01:52 [DASHBOARD] ✅ 上架包 success
2026-08-06 02:01:52 [DASHBOARD] ✅ DL success
2026-08-06 02:01:52 [DASHBOARD] ✅ fb-h5-a success
2026-08-06 02:01:52 [DASHBOARD] ✅ fb-pwa-a success
2026-08-06 02:01:52 [DASHBOARD] ✅ fb-h5 success
2026-08-06 02:01:52 [DASHBOARD] ✅ fb-ios success
2026-08-06 02:01:52 [DASHBOARD] ✅ tt-pwa success
2026-08-06 02:01:52 [DASHBOARD] ✅ fb-pwa-b success
2026-08-06 02:01:52 [DASHBOARD] ✅ 其他 success
2026-08-06 02:01:52 [DASHBOARD] ✅ ws-h5 success
2026-08-06 02:01:52 [DASHBOARD] Brazil now : 2026-08-05 15:01:27.348501-03:00
2026-08-06 02:01:52 [DASHBOARD] Report day : 2026-08-05
2026-08-06 02:01:52 [DASHBOARD] Yesterday  : 2026-08-04
2026-08-06 02:01:52 [DASHBOARD] Hour start : 2026-08-04 03:00:00+00:00
2026-08-06 02:01:52 [DASHBOARD] Hour end   : 2026-08-04 17:59:59+00:00
2026-08-06 02:01:52 [DASHBOARD] Brazil now : 2026-08-05 15:01:27.348501-03:00
2026-08-06 02:01:52 [DASHBOARD] Hour start : 2026-08-04 03:00:00+00:00
2026-08-06 02:01:52 [DASHBOARD] Hour end   : 2026-08-04 17:59:59+00:00
2026-08-06 02:01:52 [DASHBOARD] ✅ hour ALL_TOTAL
2026-08-06 02:01:52 [DASHBOARD] ✅ hour fb-ios
2026-08-06 02:01:52 [DASHBOARD] ✅ hour fb-h5
2026-08-06 02:01:52 [DASHBOARD] ✅ hour fb-pwa-a
2026-08-06 02:01:52 [DASHBOARD] ✅ hour fb-h5-a
2026-08-06 02:01:52 [DASHBOARD] ✅ hour DL
2026-08-06 02:01:52 [DASHBOARD] ✅ hour 上架包
2026-08-06 02:01:52 [DASHBOARD] ✅ hour fb-pwa-b
2026-08-06 02:01:52 [DASHBOARD] ✅ hour kwai-pwa
2026-08-06 02:01:52 [DASHBOARD] ✅ hour fb-pwa
2026-08-06 02:01:52 [DASHBOARD] ✅ hour tt-pwa
2026-08-06 02:01:52 [DASHBOARD] ✅ hour 其他
2026-08-06 02:01:52 [DASHBOARD] ✅ hour ws-h5
2026-08-06 02:01:52 [DASHBOARD] ✅ retention ALL
2026-08-06 02:01:52 [DASHBOARD] ✅ retention tt-pwa
2026-08-06 02:01:52 [DASHBOARD] ✅ retention fb-h5
2026-08-06 02:01:52 [DASHBOARD] ✅ retention 上架包
2026-08-06 02:01:52 [DASHBOARD] ✅ retention DL
2026-08-06 02:01:52 [DASHBOARD] ✅ retention kwai-pwa
2026-08-06 02:01:52 [DASHBOARD] ✅ retention fb-ios
2026-08-06 02:01:52 [DASHBOARD] ✅ retention fb-pwa
2026-08-06 02:01:52 [DASHBOARD] ✅ retention fb-pwa-a
2026-08-06 02:01:52 [DASHBOARD] ✅ retention fb-h5-a
2026-08-06 02:01:52 [DASHBOARD] ✅ retention fb-pwa-b
2026-08-06 02:01:52 [DASHBOARD] ✅ retention ws-h5
2026-08-06 02:01:52 [DASHBOARD] ✅ retention 其他
2026-08-06 02:01:52 [DASHBOARD] Loading realtime data...
2026-08-06 02:01:52 [DASHBOARD] ✅ realtime 2026-08-05
2026-08-06 02:01:52 [DASHBOARD] ✅ realtime 2026-08-04
2026-08-06 02:01:52 [DASHBOARD] ✅ realtime 2026-08-03
2026-08-06 02:01:52 [DASHBOARD] ✅ realtime 2026-08-02
2026-08-06 02:01:52 [DASHBOARD] ✅ Saved: /Users/xiaoruan/Documents/76b-getdata/23a.json
2026-08-06 02:01:52 [DASHBOARD] ✅ Commit success
2026-08-06 02:01:52 [DASHBOARD] ✅ GitHub updated
2026-08-06 02:02:15 [DASHBOARD] ✅ ALL_TOTAL success
2026-08-06 02:02:15 [DASHBOARD] ✅ kwai-pwa success
2026-08-06 02:02:15 [DASHBOARD] ✅ 其他 success
2026-08-06 02:02:15 [DASHBOARD] ✅ fb-pwa-b success
2026-08-06 02:02:15 [DASHBOARD] ✅ DL success
2026-08-06 02:02:15 [DASHBOARD] ✅ fb-ios success
2026-08-06 02:02:15 [DASHBOARD] ✅ fb-h5 success
2026-08-06 02:02:15 [DASHBOARD] ✅ fb-pwa-a success
2026-08-06 02:02:15 [DASHBOARD] ✅ fb-pwa success
2026-08-06 02:02:15 [DASHBOARD] ✅ tt-pwa success
2026-08-06 02:02:15 [DASHBOARD] ✅ 上架包 success
2026-08-06 02:02:15 [DASHBOARD] Brazil now : 2026-08-05 15:01:52.545902-03:00
2026-08-06 02:02:15 [DASHBOARD] Report day : 2026-08-05
2026-08-06 02:02:15 [DASHBOARD] Yesterday  : 2026-08-04
2026-08-06 02:02:15 [DASHBOARD] Hour start : 2026-08-04 03:00:00+00:00
2026-08-06 02:02:15 [DASHBOARD] Hour end   : 2026-08-04 17:59:59+00:00
2026-08-06 02:02:15 [DASHBOARD] Brazil now : 2026-08-05 15:01:52.545902-03:00
2026-08-06 02:02:15 [DASHBOARD] Hour start : 2026-08-04 03:00:00+00:00
2026-08-06 02:02:15 [DASHBOARD] Hour end   : 2026-08-04 17:59:59+00:00
2026-08-06 02:02:15 [DASHBOARD] ✅ hour ALL_TOTAL
2026-08-06 02:02:15 [DASHBOARD] ✅ hour DL
2026-08-06 02:02:15 [DASHBOARD] ✅ hour fb-pwa
2026-08-06 02:02:15 [DASHBOARD] ✅ hour fb-h5
2026-08-06 02:02:15 [DASHBOARD] ✅ hour fb-pwa-b
2026-08-06 02:02:15 [DASHBOARD] ✅ hour fb-ios
2026-08-06 02:02:15 [DASHBOARD] ✅ hour tt-pwa
2026-08-06 02:02:15 [DASHBOARD] ✅ hour 其他
2026-08-06 02:02:15 [DASHBOARD] ✅ hour 上架包
2026-08-06 02:02:15 [DASHBOARD] ✅ hour fb-pwa-a
2026-08-06 02:02:15 [DASHBOARD] ✅ hour kwai-pwa
2026-08-06 02:02:15 [DASHBOARD] ✅ retention ALL
2026-08-06 02:02:15 [DASHBOARD] ✅ retention tt-pwa
2026-08-06 02:02:15 [DASHBOARD] ✅ retention fb-pwa-a
2026-08-06 02:02:15 [DASHBOARD] ✅ retention 其他
2026-08-06 02:02:15 [DASHBOARD] ✅ retention fb-ios
2026-08-06 02:02:15 [DASHBOARD] ✅ retention fb-h5
2026-08-06 02:02:15 [DASHBOARD] ✅ retention fb-pwa
2026-08-06 02:02:15 [DASHBOARD] ✅ retention DL
2026-08-06 02:02:15 [DASHBOARD] ✅ retention kwai-pwa
2026-08-06 02:02:15 [DASHBOARD] ✅ retention fb-pwa-b
2026-08-06 02:02:15 [DASHBOARD] ✅ retention 上架包
2026-08-06 02:02:15 [DASHBOARD] Loading realtime data...
2026-08-06 02:02:15 [DASHBOARD] ✅ realtime 2026-08-05
2026-08-06 02:02:15 [DASHBOARD] ✅ realtime 2026-08-04
2026-08-06 02:02:15 [DASHBOARD] ✅ realtime 2026-08-03
2026-08-06 02:02:15 [DASHBOARD] ✅ realtime 2026-08-02
2026-08-06 02:02:15 [DASHBOARD] ✅ Saved: /Users/xiaoruan/Documents/76b-getdata/23e.json
2026-08-06 02:02:15 [DASHBOARD] ✅ Commit success
2026-08-06 02:02:15 [DASHBOARD] ✅ GitHub updated
2026-08-06 02:02:15 [DASHBOARD] ✅ Done
2026-08-06 02:02:15 [DASHBOARD] ✅ 推广汇总更新完成
2026-08-06 02:55:53 [shujugenjin] ---> [1/25] 正在处理: Site 73J
2026-08-06 02:55:56 [shujugenjin] ---> [2/25] 正在处理: Site 23E
2026-08-06 02:55:59 [shujugenjin] ---> [3/25] 正在处理: Site 23A
2026-08-06 02:56:02 [shujugenjin] ---> [4/25] 正在处理: Site NN22
2026-08-06 02:56:04 [shujugenjin] ---> [5/25] 正在处理: Site 76B
2026-08-06 02:56:07 [shujugenjin] ---> [6/25] 正在处理: Site 5BBB
2026-08-06 02:56:10 [shujugenjin] ---> [7/25] 正在处理: Site XXX7
2026-08-06 02:56:13 [shujugenjin] ---> [8/25] 正在处理: Site WW33
2026-08-06 02:56:15 [shujugenjin] ---> [9/25] 正在处理: Site 55UU
2026-08-06 02:56:18 [shujugenjin] ---> [10/25] 正在处理: Site EE44
2026-08-06 02:56:21 [shujugenjin] ---> [11/25] 正在处理: Site BB22
2026-08-06 02:56:23 [shujugenjin] ---> [12/25] 正在处理: Site 7JJJ
2026-08-06 02:56:26 [shujugenjin] ---> [13/25] 正在处理: Site XXX1
2026-08-06 02:56:30 [shujugenjin] ---> [14/25] 正在处理: Site 44WW
2026-08-06 02:56:33 [shujugenjin] ---> [15/25] 正在处理: Site 33NN
2026-08-06 02:56:36 [shujugenjin] ---> [16/25] 正在处理: Site RR66
2026-08-06 02:56:39 [shujugenjin] ---> [17/25] 正在处理: Site KK44
2026-08-06 02:56:41 [shujugenjin] ---> [18/25] 正在处理: Site 33CC
2026-08-06 02:56:44 [shujugenjin] ---> [19/25] 正在处理: Site 22CC
2026-08-06 02:56:47 [shujugenjin] ---> [20/25] 正在处理: Site 77SS
2026-08-06 02:56:49 [shujugenjin] ---> [21/25] 正在处理: Site 11CC
2026-08-06 02:56:52 [shujugenjin] ---> [22/25] 正在处理: Site 99SS
2026-08-06 02:56:56 [shujugenjin] ---> [23/25] 正在处理: Site 66AA
2026-08-06 02:56:58 [shujugenjin] ---> [24/25] 正在处理: Site 77GG
2026-08-06 02:57:02 [shujugenjin] ---> [25/25] 正在处理: Site 77BB
2026-08-06 02:57:30 [shujugenjin] 🎉所有站点综合分析图片及文字报告已成功发送至 Telegram！
2026-08-06 03:00:00 [DASHBOARD] 🚀 Run: 2026-08-06 03:00:00.072856
2026-08-06 03:01:05 [DASHBOARD] ✅ ALL_TOTAL success
2026-08-06 03:01:05 [DASHBOARD] ✅ fb-pwa-a success
2026-08-06 03:01:05 [DASHBOARD] ✅ 上架包 success
2026-08-06 03:01:05 [DASHBOARD] ✅ fb-ios success
2026-08-06 03:01:05 [DASHBOARD] ✅ fb-pwa-b success
2026-08-06 03:01:05 [DASHBOARD] ✅ kwai-pwa success
2026-08-06 03:01:05 [DASHBOARD] ✅ tt-pwa success
2026-08-06 03:01:05 [DASHBOARD] ✅ tt-h5 success
2026-08-06 03:01:05 [DASHBOARD] ✅ fb-pwa success
2026-08-06 03:01:05 [DASHBOARD] ✅ fb-h5-b success
2026-08-06 03:01:05 [DASHBOARD] ✅ fb-h5-a success
2026-08-06 03:01:05 [DASHBOARD] ✅ DL success
2026-08-06 03:01:05 [DASHBOARD] ✅ 其他 success
2026-08-06 03:01:05 [DASHBOARD] Brazil now : 2026-08-05 16:00:00.234558-03:00
2026-08-06 03:01:05 [DASHBOARD] Report day : 2026-08-05
2026-08-06 03:01:05 [DASHBOARD] Yesterday  : 2026-08-04
2026-08-06 03:01:05 [DASHBOARD] Hour start : 2026-08-04 03:00:00+00:00
2026-08-06 03:01:05 [DASHBOARD] Hour end   : 2026-08-04 18:59:59+00:00
2026-08-06 03:01:05 [DASHBOARD] Brazil now : 2026-08-05 16:00:00.234558-03:00
2026-08-06 03:01:05 [DASHBOARD] Hour start : 2026-08-04 03:00:00+00:00
2026-08-06 03:01:05 [DASHBOARD] Hour end   : 2026-08-04 18:59:59+00:00
2026-08-06 03:01:05 [DASHBOARD] ✅ hour ALL_TOTAL
2026-08-06 03:01:05 [DASHBOARD] ✅ hour fb-pwa
2026-08-06 03:01:05 [DASHBOARD] ✅ hour fb-h5-a
2026-08-06 03:01:05 [DASHBOARD] ✅ hour kwai-pwa
2026-08-06 03:01:05 [DASHBOARD] ✅ hour fb-pwa-a
2026-08-06 03:01:05 [DASHBOARD] ✅ hour fb-h5-b
2026-08-06 03:01:05 [DASHBOARD] ✅ hour tt-h5
2026-08-06 03:01:05 [DASHBOARD] ✅ hour fb-pwa-b
2026-08-06 03:01:05 [DASHBOARD] ✅ hour fb-ios
2026-08-06 03:01:05 [DASHBOARD] ✅ hour tt-pwa
2026-08-06 03:01:05 [DASHBOARD] ✅ hour 上架包
2026-08-06 03:01:05 [DASHBOARD] ✅ hour DL
2026-08-06 03:01:05 [DASHBOARD] ✅ hour 其他
2026-08-06 03:01:05 [DASHBOARD] ✅ retention ALL
2026-08-06 03:01:05 [DASHBOARD] ✅ retention tt-pwa
2026-08-06 03:01:05 [DASHBOARD] ✅ retention fb-pwa-a
2026-08-06 03:01:05 [DASHBOARD] ✅ retention kwai-pwa
2026-08-06 03:01:05 [DASHBOARD] ✅ retention fb-h5-a
2026-08-06 03:01:05 [DASHBOARD] ✅ retention 上架包
2026-08-06 03:01:05 [DASHBOARD] ✅ retention fb-ios
2026-08-06 03:01:05 [DASHBOARD] ✅ retention fb-h5-b
2026-08-06 03:01:05 [DASHBOARD] ✅ retention tt-h5
2026-08-06 03:01:05 [DASHBOARD] ✅ retention fb-pwa-b
2026-08-06 03:01:05 [DASHBOARD] ✅ retention fb-pwa
2026-08-06 03:01:05 [DASHBOARD] ✅ retention 其他
2026-08-06 03:01:05 [DASHBOARD] ✅ retention DL
2026-08-06 03:01:05 [DASHBOARD] Loading realtime data...
2026-08-06 03:01:05 [DASHBOARD] ✅ realtime 2026-08-05
2026-08-06 03:01:05 [DASHBOARD] ✅ realtime 2026-08-04
2026-08-06 03:01:05 [DASHBOARD] ✅ realtime 2026-08-03
2026-08-06 03:01:05 [DASHBOARD] ✅ realtime 2026-08-02
2026-08-06 03:01:05 [DASHBOARD] ✅ Saved: /Users/xiaoruan/Documents/76b-getdata/data.json
2026-08-06 03:01:05 [DASHBOARD] ✅ Commit success
2026-08-06 03:01:05 [DASHBOARD] ✅ GitHub updated
2026-08-06 03:01:32 [DASHBOARD] ✅ ALL_TOTAL success
2026-08-06 03:01:32 [DASHBOARD] ✅ fb-h5 success
2026-08-06 03:01:32 [DASHBOARD] ✅ 其他 success
2026-08-06 03:01:32 [DASHBOARD] ✅ 回访 success
2026-08-06 03:01:32 [DASHBOARD] ✅ dsp-h5 success
2026-08-06 03:01:32 [DASHBOARD] ✅ kwai-pwa success
2026-08-06 03:01:32 [DASHBOARD] ✅ fb-pwa-a success
2026-08-06 03:01:32 [DASHBOARD] ✅ fb-ios success
2026-08-06 03:01:32 [DASHBOARD] ✅ ws-h5 success
2026-08-06 03:01:32 [DASHBOARD] ✅ tt-pwa success
2026-08-06 03:01:32 [DASHBOARD] ✅ fb-pwa success
2026-08-06 03:01:32 [DASHBOARD] ✅ fb-h5-a success
2026-08-06 03:01:32 [DASHBOARD] Brazil now : 2026-08-05 16:01:05.646182-03:00
2026-08-06 03:01:32 [DASHBOARD] Report day : 2026-08-05
2026-08-06 03:01:32 [DASHBOARD] Yesterday  : 2026-08-04
2026-08-06 03:01:32 [DASHBOARD] Hour start : 2026-08-04 03:00:00+00:00
2026-08-06 03:01:32 [DASHBOARD] Hour end   : 2026-08-04 18:59:59+00:00
2026-08-06 03:01:32 [DASHBOARD] Brazil now : 2026-08-05 16:01:05.646182-03:00
2026-08-06 03:01:32 [DASHBOARD] Hour start : 2026-08-04 03:00:00+00:00
2026-08-06 03:01:32 [DASHBOARD] Hour end   : 2026-08-04 18:59:59+00:00
2026-08-06 03:01:32 [DASHBOARD] ✅ hour ALL_TOTAL
2026-08-06 03:01:32 [DASHBOARD] ✅ hour fb-h5-a
2026-08-06 03:01:32 [DASHBOARD] ✅ hour fb-pwa-a
2026-08-06 03:01:32 [DASHBOARD] ✅ hour dsp-h5
2026-08-06 03:01:32 [DASHBOARD] ✅ hour ws-h5
2026-08-06 03:01:32 [DASHBOARD] ✅ hour 回访
2026-08-06 03:01:32 [DASHBOARD] ✅ hour kwai-pwa
2026-08-06 03:01:32 [DASHBOARD] ✅ hour fb-ios
2026-08-06 03:01:32 [DASHBOARD] ✅ hour 其他
2026-08-06 03:01:32 [DASHBOARD] ✅ hour fb-h5
2026-08-06 03:01:32 [DASHBOARD] ✅ hour tt-pwa
2026-08-06 03:01:32 [DASHBOARD] ✅ hour fb-pwa
2026-08-06 03:01:32 [DASHBOARD] ✅ retention ALL
2026-08-06 03:01:32 [DASHBOARD] ✅ retention 回访
2026-08-06 03:01:32 [DASHBOARD] ✅ retention 其他
2026-08-06 03:01:32 [DASHBOARD] ✅ retention fb-ios
2026-08-06 03:01:32 [DASHBOARD] ✅ retention fb-pwa-a
2026-08-06 03:01:32 [DASHBOARD] ✅ retention fb-pwa
2026-08-06 03:01:32 [DASHBOARD] ✅ retention fb-h5-a
2026-08-06 03:01:32 [DASHBOARD] ✅ retention fb-h5
2026-08-06 03:01:32 [DASHBOARD] ✅ retention tt-pwa
2026-08-06 03:01:32 [DASHBOARD] ✅ retention kwai-pwa
2026-08-06 03:01:32 [DASHBOARD] ✅ retention dsp-h5
2026-08-06 03:01:32 [DASHBOARD] ✅ retention ws-h5
2026-08-06 03:01:32 [DASHBOARD] Loading realtime data...
2026-08-06 03:01:32 [DASHBOARD] ✅ realtime 2026-08-05
2026-08-06 03:01:32 [DASHBOARD] ✅ realtime 2026-08-04
2026-08-06 03:01:32 [DASHBOARD] ✅ realtime 2026-08-03
2026-08-06 03:01:32 [DASHBOARD] ✅ realtime 2026-08-02
2026-08-06 03:01:32 [DASHBOARD] ✅ Saved: /Users/xiaoruan/Documents/76b-getdata/nn22.json
2026-08-06 03:01:32 [DASHBOARD] ✅ Commit success
2026-08-06 03:01:32 [DASHBOARD] ✅ GitHub updated
2026-08-06 03:02:05 [DASHBOARD] ✅ ALL_TOTAL success
2026-08-06 03:02:05 [DASHBOARD] ✅ fb-pwa-b success
2026-08-06 03:02:05 [DASHBOARD] ✅ 上架包 success
2026-08-06 03:02:05 [DASHBOARD] ✅ tt-pwa success
2026-08-06 03:02:05 [DASHBOARD] ✅ DL success
2026-08-06 03:02:05 [DASHBOARD] ✅ kwai-pwa success
2026-08-06 03:02:05 [DASHBOARD] ✅ fb-pwa-a success
2026-08-06 03:02:05 [DASHBOARD] ✅ 其他 success
2026-08-06 03:02:05 [DASHBOARD] ✅ ws-h5 success
2026-08-06 03:02:05 [DASHBOARD] ✅ fb-ios success
2026-08-06 03:02:05 [DASHBOARD] ✅ fb-h5-a success
2026-08-06 03:02:05 [DASHBOARD] ✅ fb-pwa success
2026-08-06 03:02:05 [DASHBOARD] ✅ fb-h5 success
2026-08-06 03:02:05 [DASHBOARD] Brazil now : 2026-08-05 16:01:32.364287-03:00
2026-08-06 03:02:05 [DASHBOARD] Report day : 2026-08-05
2026-08-06 03:02:05 [DASHBOARD] Yesterday  : 2026-08-04
2026-08-06 03:02:05 [DASHBOARD] Hour start : 2026-08-04 03:00:00+00:00
2026-08-06 03:02:05 [DASHBOARD] Hour end   : 2026-08-04 18:59:59+00:00
2026-08-06 03:02:05 [DASHBOARD] Brazil now : 2026-08-05 16:01:32.364287-03:00
2026-08-06 03:02:05 [DASHBOARD] Hour start : 2026-08-04 03:00:00+00:00
2026-08-06 03:02:05 [DASHBOARD] Hour end   : 2026-08-04 18:59:59+00:00
2026-08-06 03:02:05 [DASHBOARD] ✅ hour ALL_TOTAL
2026-08-06 03:02:05 [DASHBOARD] ✅ hour fb-h5-a
2026-08-06 03:02:05 [DASHBOARD] ✅ hour DL
2026-08-06 03:02:05 [DASHBOARD] ✅ hour 上架包
2026-08-06 03:02:05 [DASHBOARD] ✅ hour fb-pwa-a
2026-08-06 03:02:05 [DASHBOARD] ✅ hour tt-pwa
2026-08-06 03:02:05 [DASHBOARD] ✅ hour fb-ios
2026-08-06 03:02:05 [DASHBOARD] ✅ hour kwai-pwa
2026-08-06 03:02:05 [DASHBOARD] ✅ hour 其他
2026-08-06 03:02:05 [DASHBOARD] ✅ hour fb-pwa
2026-08-06 03:02:05 [DASHBOARD] ✅ hour fb-h5
2026-08-06 03:02:05 [DASHBOARD] ✅ hour fb-pwa-b
2026-08-06 03:02:05 [DASHBOARD] ✅ hour ws-h5
2026-08-06 03:02:05 [DASHBOARD] ✅ retention ALL
2026-08-06 03:02:05 [DASHBOARD] ✅ retention kwai-pwa
2026-08-06 03:02:05 [DASHBOARD] ✅ retention fb-h5
2026-08-06 03:02:05 [DASHBOARD] ✅ retention fb-pwa
2026-08-06 03:02:05 [DASHBOARD] ✅ retention fb-pwa-b
2026-08-06 03:02:05 [DASHBOARD] ✅ retention tt-pwa
2026-08-06 03:02:05 [DASHBOARD] ✅ retention DL
2026-08-06 03:02:05 [DASHBOARD] ✅ retention 上架包
2026-08-06 03:02:05 [DASHBOARD] ✅ retention fb-h5-a
2026-08-06 03:02:05 [DASHBOARD] ✅ retention fb-ios
2026-08-06 03:02:05 [DASHBOARD] ✅ retention fb-pwa-a
2026-08-06 03:02:05 [DASHBOARD] ✅ retention 其他
2026-08-06 03:02:05 [DASHBOARD] ✅ retention ws-h5
2026-08-06 03:02:05 [DASHBOARD] Loading realtime data...
2026-08-06 03:02:05 [DASHBOARD] ✅ realtime 2026-08-05
2026-08-06 03:02:05 [DASHBOARD] ✅ realtime 2026-08-04
2026-08-06 03:02:05 [DASHBOARD] ✅ realtime 2026-08-03
2026-08-06 03:02:05 [DASHBOARD] ✅ realtime 2026-08-02
2026-08-06 03:02:05 [DASHBOARD] ✅ Saved: /Users/xiaoruan/Documents/76b-getdata/23a.json
2026-08-06 03:02:05 [DASHBOARD] ✅ Commit success
2026-08-06 03:02:05 [DASHBOARD] ✅ GitHub updated
2026-08-06 03:02:27 [DASHBOARD] ✅ ALL_TOTAL success
2026-08-06 03:02:27 [DASHBOARD] ✅ fb-pwa-b success
2026-08-06 03:02:27 [DASHBOARD] ✅ kwai-pwa success
2026-08-06 03:02:27 [DASHBOARD] ✅ fb-ios success
2026-08-06 03:02:27 [DASHBOARD] ✅ 其他 success
2026-08-06 03:02:27 [DASHBOARD] ✅ fb-h5 success
2026-08-06 03:02:27 [DASHBOARD] ✅ fb-pwa-a success
2026-08-06 03:02:27 [DASHBOARD] ✅ 上架包 success
2026-08-06 03:02:27 [DASHBOARD] ✅ fb-pwa success
2026-08-06 03:02:27 [DASHBOARD] ✅ tt-pwa success
2026-08-06 03:02:27 [DASHBOARD] ✅ DL success
2026-08-06 03:02:27 [DASHBOARD] Brazil now : 2026-08-05 16:02:05.213683-03:00
2026-08-06 03:02:27 [DASHBOARD] Report day : 2026-08-05
2026-08-06 03:02:27 [DASHBOARD] Yesterday  : 2026-08-04
2026-08-06 03:02:27 [DASHBOARD] Hour start : 2026-08-04 03:00:00+00:00
2026-08-06 03:02:27 [DASHBOARD] Hour end   : 2026-08-04 18:59:59+00:00
2026-08-06 03:02:27 [DASHBOARD] Brazil now : 2026-08-05 16:02:05.213683-03:00
2026-08-06 03:02:27 [DASHBOARD] Hour start : 2026-08-04 03:00:00+00:00
2026-08-06 03:02:27 [DASHBOARD] Hour end   : 2026-08-04 18:59:59+00:00
2026-08-06 03:02:27 [DASHBOARD] ✅ hour ALL_TOTAL
2026-08-06 03:02:27 [DASHBOARD] ✅ hour fb-pwa-b
2026-08-06 03:02:27 [DASHBOARD] ✅ hour tt-pwa
2026-08-06 03:02:27 [DASHBOARD] ✅ hour 上架包
2026-08-06 03:02:27 [DASHBOARD] ✅ hour fb-pwa-a
2026-08-06 03:02:27 [DASHBOARD] ✅ hour fb-h5
2026-08-06 03:02:27 [DASHBOARD] ✅ hour fb-pwa
2026-08-06 03:02:27 [DASHBOARD] ✅ hour 其他
2026-08-06 03:02:27 [DASHBOARD] ✅ hour fb-ios
2026-08-06 03:02:27 [DASHBOARD] ✅ hour kwai-pwa
2026-08-06 03:02:27 [DASHBOARD] ✅ hour DL
2026-08-06 03:02:27 [DASHBOARD] ✅ retention ALL
2026-08-06 03:02:27 [DASHBOARD] ✅ retention kwai-pwa
2026-08-06 03:02:27 [DASHBOARD] ✅ retention fb-pwa-a
2026-08-06 03:02:27 [DASHBOARD] ✅ retention fb-pwa-b
2026-08-06 03:02:27 [DASHBOARD] ✅ retention fb-h5
2026-08-06 03:02:27 [DASHBOARD] ✅ retention tt-pwa
2026-08-06 03:02:27 [DASHBOARD] ✅ retention fb-pwa
2026-08-06 03:02:27 [DASHBOARD] ✅ retention DL
2026-08-06 03:02:27 [DASHBOARD] ✅ retention 其他
2026-08-06 03:02:27 [DASHBOARD] ✅ retention 上架包
2026-08-06 03:02:27 [DASHBOARD] ✅ retention fb-ios
2026-08-06 03:02:27 [DASHBOARD] Loading realtime data...
2026-08-06 03:02:27 [DASHBOARD] ✅ realtime 2026-08-05
2026-08-06 03:02:27 [DASHBOARD] ✅ realtime 2026-08-04
2026-08-06 03:02:27 [DASHBOARD] ✅ realtime 2026-08-03
2026-08-06 03:02:27 [DASHBOARD] ✅ realtime 2026-08-02
2026-08-06 03:02:27 [DASHBOARD] ✅ Saved: /Users/xiaoruan/Documents/76b-getdata/23e.json
2026-08-06 03:02:27 [DASHBOARD] ✅ Commit success
2026-08-06 03:02:27 [DASHBOARD] ✅ GitHub updated
2026-08-06 03:02:27 [DASHBOARD] ✅ Done
2026-08-06 03:02:27 [DASHBOARD] ✅ 推广汇总更新完成
2026-08-06 04:00:00 [DASHBOARD] 🚀 Run: 2026-08-06 04:00:00.034203
2026-08-06 04:00:59 [DASHBOARD] ✅ ALL_TOTAL success
2026-08-06 04:00:59 [DASHBOARD] ✅ tt-h5 success
2026-08-06 04:00:59 [DASHBOARD] ✅ fb-pwa success
2026-08-06 04:00:59 [DASHBOARD] ✅ tt-pwa success
2026-08-06 04:00:59 [DASHBOARD] ✅ fb-ios success
2026-08-06 04:00:59 [DASHBOARD] ✅ fb-h5-a success
2026-08-06 04:00:59 [DASHBOARD] ✅ kwai-pwa success
2026-08-06 04:00:59 [DASHBOARD] ✅ fb-pwa-b success
2026-08-06 04:00:59 [DASHBOARD] ✅ 上架包 success
2026-08-06 04:00:59 [DASHBOARD] ✅ fb-h5-b success
2026-08-06 04:00:59 [DASHBOARD] ✅ fb-pwa-a success
2026-08-06 04:00:59 [DASHBOARD] ✅ 其他 success
2026-08-06 04:00:59 [DASHBOARD] ✅ DL success
2026-08-06 04:00:59 [DASHBOARD] Brazil now : 2026-08-05 17:00:00.184338-03:00
2026-08-06 04:00:59 [DASHBOARD] Report day : 2026-08-05
2026-08-06 04:00:59 [DASHBOARD] Yesterday  : 2026-08-04
2026-08-06 04:00:59 [DASHBOARD] Hour start : 2026-08-04 03:00:00+00:00
2026-08-06 04:00:59 [DASHBOARD] Hour end   : 2026-08-04 19:59:59+00:00
2026-08-06 04:00:59 [DASHBOARD] Brazil now : 2026-08-05 17:00:00.184338-03:00
2026-08-06 04:00:59 [DASHBOARD] Hour start : 2026-08-04 03:00:00+00:00
2026-08-06 04:00:59 [DASHBOARD] Hour end   : 2026-08-04 19:59:59+00:00
2026-08-06 04:00:59 [DASHBOARD] ✅ hour ALL_TOTAL
2026-08-06 04:00:59 [DASHBOARD] ✅ hour tt-pwa
2026-08-06 04:00:59 [DASHBOARD] ✅ hour fb-pwa
2026-08-06 04:00:59 [DASHBOARD] ✅ hour fb-ios
2026-08-06 04:00:59 [DASHBOARD] ✅ hour fb-pwa-b
2026-08-06 04:00:59 [DASHBOARD] ✅ hour fb-h5-a
2026-08-06 04:00:59 [DASHBOARD] ✅ hour fb-pwa-a
2026-08-06 04:00:59 [DASHBOARD] ✅ hour kwai-pwa
2026-08-06 04:00:59 [DASHBOARD] ✅ hour 上架包
2026-08-06 04:00:59 [DASHBOARD] ✅ hour tt-h5
2026-08-06 04:00:59 [DASHBOARD] ✅ hour fb-h5-b
2026-08-06 04:00:59 [DASHBOARD] ✅ hour DL
2026-08-06 04:00:59 [DASHBOARD] ✅ hour 其他
2026-08-06 04:00:59 [DASHBOARD] ✅ retention ALL
2026-08-06 04:00:59 [DASHBOARD] ✅ retention fb-ios
2026-08-06 04:00:59 [DASHBOARD] ✅ retention 上架包
2026-08-06 04:00:59 [DASHBOARD] ✅ retention fb-h5-b
2026-08-06 04:00:59 [DASHBOARD] ✅ retention tt-pwa
2026-08-06 04:00:59 [DASHBOARD] ✅ retention fb-pwa-b
2026-08-06 04:00:59 [DASHBOARD] ✅ retention tt-h5
2026-08-06 04:00:59 [DASHBOARD] ✅ retention fb-pwa
2026-08-06 04:00:59 [DASHBOARD] ✅ retention kwai-pwa
2026-08-06 04:00:59 [DASHBOARD] ✅ retention fb-h5-a
2026-08-06 04:00:59 [DASHBOARD] ✅ retention fb-pwa-a
2026-08-06 04:00:59 [DASHBOARD] ✅ retention DL
2026-08-06 04:00:59 [DASHBOARD] ✅ retention 其他
2026-08-06 04:00:59 [DASHBOARD] Loading realtime data...
2026-08-06 04:00:59 [DASHBOARD] ✅ realtime 2026-08-05
2026-08-06 04:00:59 [DASHBOARD] ✅ realtime 2026-08-04
2026-08-06 04:00:59 [DASHBOARD] ✅ realtime 2026-08-03
2026-08-06 04:00:59 [DASHBOARD] ✅ realtime 2026-08-02
2026-08-06 04:00:59 [DASHBOARD] ✅ Saved: /Users/xiaoruan/Documents/76b-getdata/data.json
2026-08-06 04:00:59 [DASHBOARD] ✅ Commit success
2026-08-06 04:00:59 [DASHBOARD] ✅ GitHub updated
2026-08-06 04:01:27 [DASHBOARD] ✅ ALL_TOTAL success
2026-08-06 04:01:27 [DASHBOARD] ✅ dsp-h5 success
2026-08-06 04:01:27 [DASHBOARD] ✅ fb-h5-a success
2026-08-06 04:01:27 [DASHBOARD] ✅ 其他 success
2026-08-06 04:01:27 [DASHBOARD] ✅ 回访 success
2026-08-06 04:01:27 [DASHBOARD] ✅ fb-pwa success
2026-08-06 04:01:27 [DASHBOARD] ✅ tt-pwa success
2026-08-06 04:01:27 [DASHBOARD] ✅ kwai-pwa success
2026-08-06 04:01:27 [DASHBOARD] ✅ fb-h5 success
2026-08-06 04:01:27 [DASHBOARD] ✅ fb-ios success
2026-08-06 04:01:27 [DASHBOARD] ✅ fb-pwa-a success
2026-08-06 04:01:27 [DASHBOARD] ✅ ws-h5 success
2026-08-06 04:01:27 [DASHBOARD] Brazil now : 2026-08-05 17:00:59.830876-03:00
2026-08-06 04:01:27 [DASHBOARD] Report day : 2026-08-05
2026-08-06 04:01:27 [DASHBOARD] Yesterday  : 2026-08-04
2026-08-06 04:01:27 [DASHBOARD] Hour start : 2026-08-04 03:00:00+00:00
2026-08-06 04:01:27 [DASHBOARD] Hour end   : 2026-08-04 19:59:59+00:00
2026-08-06 04:01:27 [DASHBOARD] Brazil now : 2026-08-05 17:00:59.830876-03:00
2026-08-06 04:01:27 [DASHBOARD] Hour start : 2026-08-04 03:00:00+00:00
2026-08-06 04:01:27 [DASHBOARD] Hour end   : 2026-08-04 19:59:59+00:00
2026-08-06 04:01:27 [DASHBOARD] ✅ hour ALL_TOTAL
2026-08-06 04:01:27 [DASHBOARD] ✅ hour fb-h5-a
2026-08-06 04:01:27 [DASHBOARD] ✅ hour dsp-h5
2026-08-06 04:01:27 [DASHBOARD] ✅ hour 回访
2026-08-06 04:01:27 [DASHBOARD] ✅ hour fb-h5
2026-08-06 04:01:27 [DASHBOARD] ✅ hour fb-pwa
2026-08-06 04:01:27 [DASHBOARD] ✅ hour kwai-pwa
2026-08-06 04:01:27 [DASHBOARD] ✅ hour fb-pwa-a
2026-08-06 04:01:27 [DASHBOARD] ✅ hour fb-ios
2026-08-06 04:01:27 [DASHBOARD] ✅ hour tt-pwa
2026-08-06 04:01:27 [DASHBOARD] ✅ hour 其他
2026-08-06 04:01:27 [DASHBOARD] ✅ hour ws-h5
2026-08-06 04:01:27 [DASHBOARD] ✅ retention ALL
2026-08-06 04:01:27 [DASHBOARD] ✅ retention dsp-h5
2026-08-06 04:01:27 [DASHBOARD] ✅ retention fb-pwa-a
2026-08-06 04:01:27 [DASHBOARD] ✅ retention fb-ios
2026-08-06 04:01:27 [DASHBOARD] ✅ retention fb-h5
2026-08-06 04:01:27 [DASHBOARD] ✅ retention tt-pwa
2026-08-06 04:01:27 [DASHBOARD] ✅ retention fb-h5-a
2026-08-06 04:01:27 [DASHBOARD] ✅ retention fb-pwa
2026-08-06 04:01:27 [DASHBOARD] ✅ retention 回访
2026-08-06 04:01:27 [DASHBOARD] ✅ retention 其他
2026-08-06 04:01:27 [DASHBOARD] ✅ retention kwai-pwa
2026-08-06 04:01:27 [DASHBOARD] ✅ retention ws-h5
2026-08-06 04:01:27 [DASHBOARD] Loading realtime data...
2026-08-06 04:01:27 [DASHBOARD] ✅ realtime 2026-08-05
2026-08-06 04:01:27 [DASHBOARD] ✅ realtime 2026-08-04
2026-08-06 04:01:27 [DASHBOARD] ✅ realtime 2026-08-03
2026-08-06 04:01:27 [DASHBOARD] ✅ realtime 2026-08-02
2026-08-06 04:01:27 [DASHBOARD] ✅ Saved: /Users/xiaoruan/Documents/76b-getdata/nn22.json
2026-08-06 04:01:27 [DASHBOARD] ✅ Commit success
2026-08-06 04:01:27 [DASHBOARD] ✅ GitHub updated
2026-08-06 04:01:52 [DASHBOARD] ✅ ALL_TOTAL success
2026-08-06 04:01:52 [DASHBOARD] ✅ fb-ios success
2026-08-06 04:01:52 [DASHBOARD] ✅ fb-pwa success
2026-08-06 04:01:52 [DASHBOARD] ✅ fb-pwa-b success
2026-08-06 04:01:52 [DASHBOARD] ✅ 上架包 success
2026-08-06 04:01:52 [DASHBOARD] ✅ fb-h5 success
2026-08-06 04:01:52 [DASHBOARD] ✅ tt-pwa success
2026-08-06 04:01:52 [DASHBOARD] ✅ DL success
2026-08-06 04:01:52 [DASHBOARD] ✅ kwai-pwa success
2026-08-06 04:01:52 [DASHBOARD] ✅ fb-pwa-a success
2026-08-06 04:01:52 [DASHBOARD] ✅ fb-h5-a success
2026-08-06 04:01:52 [DASHBOARD] ✅ ws-h5 success
2026-08-06 04:01:52 [DASHBOARD] ✅ 其他 success
2026-08-06 04:01:52 [DASHBOARD] Brazil now : 2026-08-05 17:01:27.726762-03:00
2026-08-06 04:01:52 [DASHBOARD] Report day : 2026-08-05
2026-08-06 04:01:52 [DASHBOARD] Yesterday  : 2026-08-04
2026-08-06 04:01:52 [DASHBOARD] Hour start : 2026-08-04 03:00:00+00:00
2026-08-06 04:01:52 [DASHBOARD] Hour end   : 2026-08-04 19:59:59+00:00
2026-08-06 04:01:52 [DASHBOARD] Brazil now : 2026-08-05 17:01:27.726762-03:00
2026-08-06 04:01:52 [DASHBOARD] Hour start : 2026-08-04 03:00:00+00:00
2026-08-06 04:01:52 [DASHBOARD] Hour end   : 2026-08-04 19:59:59+00:00
2026-08-06 04:01:52 [DASHBOARD] ✅ hour ALL_TOTAL
2026-08-06 04:01:52 [DASHBOARD] ✅ hour DL
2026-08-06 04:01:52 [DASHBOARD] ✅ hour kwai-pwa
2026-08-06 04:01:52 [DASHBOARD] ✅ hour fb-h5
2026-08-06 04:01:52 [DASHBOARD] ✅ hour 上架包
2026-08-06 04:01:52 [DASHBOARD] ✅ hour tt-pwa
2026-08-06 04:01:52 [DASHBOARD] ✅ hour fb-pwa-a
2026-08-06 04:01:52 [DASHBOARD] ✅ hour fb-pwa
2026-08-06 04:01:52 [DASHBOARD] ✅ hour fb-ios
2026-08-06 04:01:52 [DASHBOARD] ✅ hour fb-h5-a
2026-08-06 04:01:52 [DASHBOARD] ✅ hour fb-pwa-b
2026-08-06 04:01:52 [DASHBOARD] ✅ hour 其他
2026-08-06 04:01:52 [DASHBOARD] ✅ hour ws-h5
2026-08-06 04:01:52 [DASHBOARD] ✅ retention ALL
2026-08-06 04:01:52 [DASHBOARD] ✅ retention fb-ios
2026-08-06 04:01:52 [DASHBOARD] ✅ retention tt-pwa
2026-08-06 04:01:52 [DASHBOARD] ✅ retention fb-pwa-b
2026-08-06 04:01:52 [DASHBOARD] ✅ retention fb-pwa
2026-08-06 04:01:52 [DASHBOARD] ✅ retention kwai-pwa
2026-08-06 04:01:52 [DASHBOARD] ✅ retention fb-pwa-a
2026-08-06 04:01:52 [DASHBOARD] ✅ retention fb-h5
2026-08-06 04:01:52 [DASHBOARD] ✅ retention 上架包
2026-08-06 04:01:52 [DASHBOARD] ✅ retention fb-h5-a
2026-08-06 04:01:52 [DASHBOARD] ✅ retention DL
2026-08-06 04:01:52 [DASHBOARD] ✅ retention 其他
2026-08-06 04:01:52 [DASHBOARD] ✅ retention ws-h5
2026-08-06 04:01:52 [DASHBOARD] Loading realtime data...
2026-08-06 04:01:52 [DASHBOARD] ✅ realtime 2026-08-05
2026-08-06 04:01:52 [DASHBOARD] ✅ realtime 2026-08-04
2026-08-06 04:01:52 [DASHBOARD] ✅ realtime 2026-08-03
2026-08-06 04:01:52 [DASHBOARD] ✅ realtime 2026-08-02
2026-08-06 04:01:52 [DASHBOARD] ✅ Saved: /Users/xiaoruan/Documents/76b-getdata/23a.json
2026-08-06 04:01:52 [DASHBOARD] ✅ Commit success
2026-08-06 04:01:52 [DASHBOARD] ✅ GitHub updated
2026-08-06 04:02:17 [DASHBOARD] ✅ ALL_TOTAL success
2026-08-06 04:02:17 [DASHBOARD] ✅ fb-ios success
2026-08-06 04:02:17 [DASHBOARD] ✅ tt-pwa success
2026-08-06 04:02:17 [DASHBOARD] ✅ 上架包 success
2026-08-06 04:02:17 [DASHBOARD] ✅ fb-pwa-a success
2026-08-06 04:02:17 [DASHBOARD] ✅ DL success
2026-08-06 04:02:17 [DASHBOARD] ✅ kwai-pwa success
2026-08-06 04:02:17 [DASHBOARD] ✅ fb-pwa success
2026-08-06 04:02:17 [DASHBOARD] ✅ 其他 success
2026-08-06 04:02:17 [DASHBOARD] ✅ fb-h5 success
2026-08-06 04:02:17 [DASHBOARD] ✅ fb-pwa-b success
2026-08-06 04:02:17 [DASHBOARD] Brazil now : 2026-08-05 17:01:52.468604-03:00
2026-08-06 04:02:17 [DASHBOARD] Report day : 2026-08-05
2026-08-06 04:02:17 [DASHBOARD] Yesterday  : 2026-08-04
2026-08-06 04:02:17 [DASHBOARD] Hour start : 2026-08-04 03:00:00+00:00
2026-08-06 04:02:17 [DASHBOARD] Hour end   : 2026-08-04 19:59:59+00:00
2026-08-06 04:02:17 [DASHBOARD] Brazil now : 2026-08-05 17:01:52.468604-03:00
2026-08-06 04:02:17 [DASHBOARD] Hour start : 2026-08-04 03:00:00+00:00
2026-08-06 04:02:17 [DASHBOARD] Hour end   : 2026-08-04 19:59:59+00:00
2026-08-06 04:02:17 [DASHBOARD] ✅ hour ALL_TOTAL
2026-08-06 04:02:17 [DASHBOARD] ✅ hour fb-ios
2026-08-06 04:02:17 [DASHBOARD] ✅ hour DL
2026-08-06 04:02:17 [DASHBOARD] ✅ hour 上架包
2026-08-06 04:02:17 [DASHBOARD] ✅ hour tt-pwa
2026-08-06 04:02:17 [DASHBOARD] ✅ hour fb-pwa-b
2026-08-06 04:02:17 [DASHBOARD] ✅ hour fb-h5
2026-08-06 04:02:17 [DASHBOARD] ✅ hour fb-pwa-a
2026-08-06 04:02:17 [DASHBOARD] ✅ hour fb-pwa
2026-08-06 04:02:17 [DASHBOARD] ✅ hour 其他
2026-08-06 04:02:17 [DASHBOARD] ✅ hour kwai-pwa
2026-08-06 04:02:17 [DASHBOARD] ✅ retention ALL
2026-08-06 04:02:17 [DASHBOARD] ✅ retention DL
2026-08-06 04:02:17 [DASHBOARD] ✅ retention fb-ios
2026-08-06 04:02:17 [DASHBOARD] ✅ retention fb-h5
2026-08-06 04:02:17 [DASHBOARD] ✅ retention fb-pwa-a
2026-08-06 04:02:17 [DASHBOARD] ✅ retention fb-pwa-b
2026-08-06 04:02:17 [DASHBOARD] ✅ retention 上架包
2026-08-06 04:02:17 [DASHBOARD] ✅ retention tt-pwa
2026-08-06 04:02:17 [DASHBOARD] ✅ retention 其他
2026-08-06 04:02:17 [DASHBOARD] ✅ retention kwai-pwa
2026-08-06 04:02:17 [DASHBOARD] ✅ retention fb-pwa
2026-08-06 04:02:17 [DASHBOARD] Loading realtime data...
2026-08-06 04:02:17 [DASHBOARD] ✅ realtime 2026-08-05
2026-08-06 04:02:17 [DASHBOARD] ✅ realtime 2026-08-04
2026-08-06 04:02:17 [DASHBOARD] ✅ realtime 2026-08-03
2026-08-06 04:02:17 [DASHBOARD] ✅ realtime 2026-08-02
2026-08-06 04:02:17 [DASHBOARD] ✅ Saved: /Users/xiaoruan/Documents/76b-getdata/23e.json
2026-08-06 04:02:17 [DASHBOARD] ✅ Commit success
2026-08-06 04:02:17 [DASHBOARD] ✅ GitHub updated
2026-08-06 04:02:17 [DASHBOARD] ✅ Done
2026-08-06 04:02:17 [DASHBOARD] ✅ 推广汇总更新完成
2026-08-06 05:00:00 [DASHBOARD] 🚀 Run: 2026-08-06 05:00:00.009962
2026-08-06 05:00:59 [DASHBOARD] ✅ ALL_TOTAL success
2026-08-06 05:00:59 [DASHBOARD] ✅ fb-ios success
2026-08-06 05:00:59 [DASHBOARD] ✅ fb-pwa-b success
2026-08-06 05:00:59 [DASHBOARD] ✅ tt-h5 success
2026-08-06 05:00:59 [DASHBOARD] ✅ fb-h5-a success
2026-08-06 05:00:59 [DASHBOARD] ✅ fb-h5-b success
2026-08-06 05:00:59 [DASHBOARD] ✅ fb-pwa-a success
2026-08-06 05:00:59 [DASHBOARD] ✅ kwai-pwa success
2026-08-06 05:00:59 [DASHBOARD] ✅ fb-pwa success
2026-08-06 05:00:59 [DASHBOARD] ✅ 上架包 success
2026-08-06 05:00:59 [DASHBOARD] ✅ tt-pwa success
2026-08-06 05:00:59 [DASHBOARD] ✅ DL success
2026-08-06 05:00:59 [DASHBOARD] ✅ 其他 success
2026-08-06 05:00:59 [DASHBOARD] Brazil now : 2026-08-05 18:00:00.168717-03:00
2026-08-06 05:00:59 [DASHBOARD] Report day : 2026-08-05
2026-08-06 05:00:59 [DASHBOARD] Yesterday  : 2026-08-04
2026-08-06 05:00:59 [DASHBOARD] Hour start : 2026-08-04 03:00:00+00:00
2026-08-06 05:00:59 [DASHBOARD] Hour end   : 2026-08-04 20:59:59+00:00
2026-08-06 05:00:59 [DASHBOARD] Brazil now : 2026-08-05 18:00:00.168717-03:00
2026-08-06 05:00:59 [DASHBOARD] Hour start : 2026-08-04 03:00:00+00:00
2026-08-06 05:00:59 [DASHBOARD] Hour end   : 2026-08-04 20:59:59+00:00
2026-08-06 05:00:59 [DASHBOARD] ✅ hour ALL_TOTAL
2026-08-06 05:00:59 [DASHBOARD] ✅ hour fb-h5-a
2026-08-06 05:00:59 [DASHBOARD] ✅ hour fb-pwa
2026-08-06 05:00:59 [DASHBOARD] ✅ hour 上架包
2026-08-06 05:00:59 [DASHBOARD] ✅ hour fb-pwa-b
2026-08-06 05:00:59 [DASHBOARD] ✅ hour tt-h5
2026-08-06 05:00:59 [DASHBOARD] ✅ hour kwai-pwa
2026-08-06 05:00:59 [DASHBOARD] ✅ hour fb-h5-b
2026-08-06 05:00:59 [DASHBOARD] ✅ hour fb-ios
2026-08-06 05:00:59 [DASHBOARD] ✅ hour fb-pwa-a
2026-08-06 05:00:59 [DASHBOARD] ✅ hour tt-pwa
2026-08-06 05:00:59 [DASHBOARD] ✅ hour 其他
2026-08-06 05:00:59 [DASHBOARD] ✅ hour DL
2026-08-06 05:00:59 [DASHBOARD] ✅ retention ALL
2026-08-06 05:00:59 [DASHBOARD] ✅ retention 上架包
2026-08-06 05:00:59 [DASHBOARD] ✅ retention fb-ios
2026-08-06 05:00:59 [DASHBOARD] ✅ retention tt-h5
2026-08-06 05:00:59 [DASHBOARD] ✅ retention fb-h5-b
2026-08-06 05:00:59 [DASHBOARD] ✅ retention fb-pwa
2026-08-06 05:00:59 [DASHBOARD] ✅ retention tt-pwa
2026-08-06 05:00:59 [DASHBOARD] ✅ retention fb-h5-a
2026-08-06 05:00:59 [DASHBOARD] ✅ retention fb-pwa-b
2026-08-06 05:00:59 [DASHBOARD] ✅ retention kwai-pwa
2026-08-06 05:00:59 [DASHBOARD] ✅ retention fb-pwa-a
2026-08-06 05:00:59 [DASHBOARD] ✅ retention 其他
2026-08-06 05:00:59 [DASHBOARD] ✅ retention DL
2026-08-06 05:00:59 [DASHBOARD] Loading realtime data...
2026-08-06 05:00:59 [DASHBOARD] ✅ realtime 2026-08-05
2026-08-06 05:00:59 [DASHBOARD] ✅ realtime 2026-08-04
2026-08-06 05:00:59 [DASHBOARD] ✅ realtime 2026-08-03
2026-08-06 05:00:59 [DASHBOARD] ✅ realtime 2026-08-02
2026-08-06 05:00:59 [DASHBOARD] ✅ Saved: /Users/xiaoruan/Documents/76b-getdata/data.json
2026-08-06 05:00:59 [DASHBOARD] ✅ Commit success
2026-08-06 05:00:59 [DASHBOARD] ✅ GitHub updated
2026-08-06 05:01:31 [DASHBOARD] ✅ ALL_TOTAL success
2026-08-06 05:01:31 [DASHBOARD] ✅ dsp-h5 success
2026-08-06 05:01:31 [DASHBOARD] ✅ fb-h5 success
2026-08-06 05:01:31 [DASHBOARD] ✅ fb-ios success
2026-08-06 05:01:31 [DASHBOARD] ✅ 其他 success
2026-08-06 05:01:31 [DASHBOARD] ✅ 回访 success
2026-08-06 05:01:31 [DASHBOARD] ✅ fb-pwa success
2026-08-06 05:01:31 [DASHBOARD] ✅ kwai-pwa success
2026-08-06 05:01:31 [DASHBOARD] ✅ fb-pwa-a success
2026-08-06 05:01:31 [DASHBOARD] ✅ tt-pwa success
2026-08-06 05:01:31 [DASHBOARD] ✅ ws-h5 success
2026-08-06 05:01:31 [DASHBOARD] ✅ fb-h5-a success
2026-08-06 05:01:31 [DASHBOARD] Brazil now : 2026-08-05 18:00:59.483510-03:00
2026-08-06 05:01:31 [DASHBOARD] Report day : 2026-08-05
2026-08-06 05:01:31 [DASHBOARD] Yesterday  : 2026-08-04
2026-08-06 05:01:31 [DASHBOARD] Hour start : 2026-08-04 03:00:00+00:00
2026-08-06 05:01:31 [DASHBOARD] Hour end   : 2026-08-04 20:59:59+00:00
2026-08-06 05:01:31 [DASHBOARD] Brazil now : 2026-08-05 18:00:59.483510-03:00
2026-08-06 05:01:31 [DASHBOARD] Hour start : 2026-08-04 03:00:00+00:00
2026-08-06 05:01:31 [DASHBOARD] Hour end   : 2026-08-04 20:59:59+00:00
2026-08-06 05:01:31 [DASHBOARD] ✅ hour ALL_TOTAL
2026-08-06 05:01:31 [DASHBOARD] ✅ hour dsp-h5
2026-08-06 05:01:31 [DASHBOARD] ✅ hour 回访
2026-08-06 05:01:31 [DASHBOARD] ✅ hour fb-pwa
2026-08-06 05:01:31 [DASHBOARD] ✅ hour fb-h5-a
2026-08-06 05:01:31 [DASHBOARD] ✅ hour fb-h5
2026-08-06 05:01:31 [DASHBOARD] ✅ hour tt-pwa
2026-08-06 05:01:31 [DASHBOARD] ✅ hour fb-pwa-a
2026-08-06 05:01:31 [DASHBOARD] ✅ hour 其他
2026-08-06 05:01:31 [DASHBOARD] ✅ hour ws-h5
2026-08-06 05:01:31 [DASHBOARD] ✅ hour fb-ios
2026-08-06 05:01:31 [DASHBOARD] ✅ hour kwai-pwa
2026-08-06 05:01:31 [DASHBOARD] ✅ retention ALL
2026-08-06 05:01:31 [DASHBOARD] ✅ retention dsp-h5
2026-08-06 05:01:31 [DASHBOARD] ✅ retention fb-ios
2026-08-06 05:01:31 [DASHBOARD] ✅ retention kwai-pwa
2026-08-06 05:01:31 [DASHBOARD] ✅ retention tt-pwa
2026-08-06 05:01:31 [DASHBOARD] ✅ retention fb-pwa-a
2026-08-06 05:01:31 [DASHBOARD] ✅ retention fb-pwa
2026-08-06 05:01:31 [DASHBOARD] ✅ retention 回访
2026-08-06 05:01:31 [DASHBOARD] ✅ retention 其他
2026-08-06 05:01:31 [DASHBOARD] ✅ retention ws-h5
2026-08-06 05:01:31 [DASHBOARD] ✅ retention fb-h5-a
2026-08-06 05:01:31 [DASHBOARD] ✅ retention fb-h5
2026-08-06 05:01:31 [DASHBOARD] Loading realtime data...
2026-08-06 05:01:31 [DASHBOARD] ✅ realtime 2026-08-05
2026-08-06 05:01:31 [DASHBOARD] ✅ realtime 2026-08-04
2026-08-06 05:01:31 [DASHBOARD] ✅ realtime 2026-08-03
2026-08-06 05:01:31 [DASHBOARD] ✅ realtime 2026-08-02
2026-08-06 05:01:31 [DASHBOARD] ✅ Saved: /Users/xiaoruan/Documents/76b-getdata/nn22.json
2026-08-06 05:01:31 [DASHBOARD] ✅ Commit success
2026-08-06 05:01:31 [DASHBOARD] ✅ GitHub updated
2026-08-06 05:02:02 [DASHBOARD] ✅ ALL_TOTAL success
2026-08-06 05:02:02 [DASHBOARD] ✅ fb-h5 success
2026-08-06 05:02:02 [DASHBOARD] ✅ 上架包 success
2026-08-06 05:02:02 [DASHBOARD] ✅ DL success
2026-08-06 05:02:02 [DASHBOARD] ✅ fb-pwa-a success
2026-08-06 05:02:02 [DASHBOARD] ✅ fb-h5-a success
2026-08-06 05:02:02 [DASHBOARD] ✅ fb-ios success
2026-08-06 05:02:02 [DASHBOARD] ✅ fb-pwa-b success
2026-08-06 05:02:02 [DASHBOARD] ✅ kwai-pwa success
2026-08-06 05:02:02 [DASHBOARD] ✅ fb-pwa success
2026-08-06 05:02:02 [DASHBOARD] ✅ ws-h5 success
2026-08-06 05:02:02 [DASHBOARD] ✅ tt-pwa success
2026-08-06 05:02:02 [DASHBOARD] ✅ 其他 success
2026-08-06 05:02:02 [DASHBOARD] Brazil now : 2026-08-05 18:01:31.389445-03:00
2026-08-06 05:02:02 [DASHBOARD] Report day : 2026-08-05
2026-08-06 05:02:02 [DASHBOARD] Yesterday  : 2026-08-04
2026-08-06 05:02:02 [DASHBOARD] Hour start : 2026-08-04 03:00:00+00:00
2026-08-06 05:02:02 [DASHBOARD] Hour end   : 2026-08-04 20:59:59+00:00
2026-08-06 05:02:02 [DASHBOARD] Brazil now : 2026-08-05 18:01:31.389445-03:00
2026-08-06 05:02:02 [DASHBOARD] Hour start : 2026-08-04 03:00:00+00:00
2026-08-06 05:02:02 [DASHBOARD] Hour end   : 2026-08-04 20:59:59+00:00
2026-08-06 05:02:02 [DASHBOARD] ✅ hour ALL_TOTAL
2026-08-06 05:02:02 [DASHBOARD] ✅ hour 上架包
2026-08-06 05:02:02 [DASHBOARD] ✅ hour DL
2026-08-06 05:02:02 [DASHBOARD] ✅ hour fb-pwa-b
2026-08-06 05:02:02 [DASHBOARD] ✅ hour fb-pwa
2026-08-06 05:02:02 [DASHBOARD] ✅ hour fb-pwa-a
2026-08-06 05:02:02 [DASHBOARD] ✅ hour fb-h5-a
2026-08-06 05:02:02 [DASHBOARD] ✅ hour tt-pwa
2026-08-06 05:02:02 [DASHBOARD] ✅ hour 其他
2026-08-06 05:02:02 [DASHBOARD] ✅ hour fb-ios
2026-08-06 05:02:02 [DASHBOARD] ✅ hour ws-h5
2026-08-06 05:02:02 [DASHBOARD] ✅ hour fb-h5
2026-08-06 05:02:02 [DASHBOARD] ✅ hour kwai-pwa
2026-08-06 05:02:02 [DASHBOARD] ✅ retention ALL
2026-08-06 05:02:02 [DASHBOARD] ✅ retention tt-pwa
2026-08-06 05:02:02 [DASHBOARD] ✅ retention fb-pwa
2026-08-06 05:02:02 [DASHBOARD] ✅ retention kwai-pwa
2026-08-06 05:02:02 [DASHBOARD] ✅ retention fb-pwa-a
2026-08-06 05:02:02 [DASHBOARD] ✅ retention fb-ios
2026-08-06 05:02:02 [DASHBOARD] ✅ retention fb-h5-a
2026-08-06 05:02:02 [DASHBOARD] ✅ retention fb-pwa-b
2026-08-06 05:02:02 [DASHBOARD] ✅ retention DL
2026-08-06 05:02:02 [DASHBOARD] ✅ retention 上架包
2026-08-06 05:02:02 [DASHBOARD] ✅ retention fb-h5
2026-08-06 05:02:02 [DASHBOARD] ✅ retention 其他
2026-08-06 05:02:02 [DASHBOARD] ✅ retention ws-h5
2026-08-06 05:02:02 [DASHBOARD] Loading realtime data...
2026-08-06 05:02:02 [DASHBOARD] ✅ realtime 2026-08-05
2026-08-06 05:02:02 [DASHBOARD] ✅ realtime 2026-08-04
2026-08-06 05:02:02 [DASHBOARD] ✅ realtime 2026-08-03
2026-08-06 05:02:02 [DASHBOARD] ✅ realtime 2026-08-02
2026-08-06 05:02:02 [DASHBOARD] ✅ Saved: /Users/xiaoruan/Documents/76b-getdata/23a.json
2026-08-06 05:02:02 [DASHBOARD] ✅ Commit success
2026-08-06 05:02:02 [DASHBOARD] ✅ GitHub updated
2026-08-06 05:02:32 [DASHBOARD] ✅ ALL_TOTAL success
2026-08-06 05:02:32 [DASHBOARD] ✅ DL success
2026-08-06 05:02:32 [DASHBOARD] ✅ fb-pwa-a success
2026-08-06 05:02:32 [DASHBOARD] ✅ 上架包 success
2026-08-06 05:02:32 [DASHBOARD] ✅ 其他 success
2026-08-06 05:02:32 [DASHBOARD] ✅ fb-pwa success
2026-08-06 05:02:32 [DASHBOARD] ✅ fb-h5 success
2026-08-06 05:02:32 [DASHBOARD] ✅ fb-ios success
2026-08-06 05:02:32 [DASHBOARD] ✅ kwai-pwa success
2026-08-06 05:02:32 [DASHBOARD] ✅ fb-pwa-b success
2026-08-06 05:02:32 [DASHBOARD] ✅ tt-pwa success
2026-08-06 05:02:32 [DASHBOARD] Brazil now : 2026-08-05 18:02:03.120886-03:00
2026-08-06 05:02:32 [DASHBOARD] Report day : 2026-08-05
2026-08-06 05:02:32 [DASHBOARD] Yesterday  : 2026-08-04
2026-08-06 05:02:32 [DASHBOARD] Hour start : 2026-08-04 03:00:00+00:00
2026-08-06 05:02:32 [DASHBOARD] Hour end   : 2026-08-04 20:59:59+00:00
2026-08-06 05:02:32 [DASHBOARD] Brazil now : 2026-08-05 18:02:03.120886-03:00
2026-08-06 05:02:32 [DASHBOARD] Hour start : 2026-08-04 03:00:00+00:00
2026-08-06 05:02:32 [DASHBOARD] Hour end   : 2026-08-04 20:59:59+00:00
2026-08-06 05:02:32 [DASHBOARD] ✅ hour ALL_TOTAL
2026-08-06 05:02:32 [DASHBOARD] ✅ hour DL
2026-08-06 05:02:32 [DASHBOARD] ✅ hour fb-pwa
2026-08-06 05:02:32 [DASHBOARD] ✅ hour tt-pwa
2026-08-06 05:02:32 [DASHBOARD] ✅ hour 上架包
2026-08-06 05:02:32 [DASHBOARD] ✅ hour fb-ios
2026-08-06 05:02:32 [DASHBOARD] ✅ hour fb-h5
2026-08-06 05:02:32 [DASHBOARD] ✅ hour fb-pwa-a
2026-08-06 05:02:32 [DASHBOARD] ✅ hour 其他
2026-08-06 05:02:32 [DASHBOARD] ✅ hour kwai-pwa
2026-08-06 05:02:32 [DASHBOARD] ✅ hour fb-pwa-b
2026-08-06 05:02:32 [DASHBOARD] ✅ retention ALL
2026-08-06 05:02:32 [DASHBOARD] ✅ retention fb-pwa
2026-08-06 05:02:32 [DASHBOARD] ✅ retention kwai-pwa
2026-08-06 05:02:32 [DASHBOARD] ✅ retention fb-pwa-b
2026-08-06 05:02:32 [DASHBOARD] ✅ retention fb-pwa-a
2026-08-06 05:02:32 [DASHBOARD] ✅ retention DL
2026-08-06 05:02:32 [DASHBOARD] ✅ retention fb-ios
2026-08-06 05:02:32 [DASHBOARD] ✅ retention tt-pwa
2026-08-06 05:02:32 [DASHBOARD] ✅ retention 上架包
2026-08-06 05:02:32 [DASHBOARD] ✅ retention 其他
2026-08-06 05:02:32 [DASHBOARD] ✅ retention fb-h5
2026-08-06 05:02:32 [DASHBOARD] Loading realtime data...
2026-08-06 05:02:32 [DASHBOARD] ✅ realtime 2026-08-05
2026-08-06 05:02:32 [DASHBOARD] ✅ realtime 2026-08-04
2026-08-06 05:02:32 [DASHBOARD] ✅ realtime 2026-08-03
2026-08-06 05:02:32 [DASHBOARD] ✅ realtime 2026-08-02
2026-08-06 05:02:32 [DASHBOARD] ✅ Saved: /Users/xiaoruan/Documents/76b-getdata/23e.json
2026-08-06 05:02:32 [DASHBOARD] ✅ Commit success
2026-08-06 05:02:32 [DASHBOARD] ✅ GitHub updated
2026-08-06 05:02:32 [DASHBOARD] ✅ Done
2026-08-06 05:02:32 [DASHBOARD] ✅ 推广汇总更新完成
2026-08-06 05:27:23 [shujugenjin] ---> [1/25] 正在处理: Site 73J
2026-08-06 05:27:26 [shujugenjin] ---> [2/25] 正在处理: Site 23E
2026-08-06 05:27:29 [shujugenjin] ---> [3/25] 正在处理: Site 23A
2026-08-06 05:27:32 [shujugenjin] ---> [4/25] 正在处理: Site NN22
2026-08-06 05:27:35 [shujugenjin] ---> [5/25] 正在处理: Site 76B
2026-08-06 05:27:38 [shujugenjin] ---> [6/25] 正在处理: Site 5BBB
2026-08-06 05:27:41 [shujugenjin] ---> [7/25] 正在处理: Site XXX7
2026-08-06 05:27:44 [shujugenjin] ---> [8/25] 正在处理: Site WW33
2026-08-06 05:27:46 [shujugenjin] ---> [9/25] 正在处理: Site 55UU
2026-08-06 05:27:49 [shujugenjin] ---> [10/25] 正在处理: Site EE44
2026-08-06 05:27:51 [shujugenjin] ---> [11/25] 正在处理: Site BB22
2026-08-06 05:27:54 [shujugenjin] ---> [12/25] 正在处理: Site 7JJJ
2026-08-06 05:27:57 [shujugenjin] ---> [13/25] 正在处理: Site XXX1
2026-08-06 05:27:59 [shujugenjin] ---> [14/25] 正在处理: Site 44WW
2026-08-06 05:28:02 [shujugenjin] ---> [15/25] 正在处理: Site 33NN
2026-08-06 05:28:04 [shujugenjin] ---> [16/25] 正在处理: Site RR66
2026-08-06 05:28:07 [shujugenjin] ---> [17/25] 正在处理: Site KK44
2026-08-06 05:28:10 [shujugenjin] ---> [18/25] 正在处理: Site 33CC
2026-08-06 05:28:13 [shujugenjin] ---> [19/25] 正在处理: Site 22CC
2026-08-06 05:28:16 [shujugenjin] ---> [20/25] 正在处理: Site 77SS
2026-08-06 05:28:19 [shujugenjin] ---> [21/25] 正在处理: Site 11CC
2026-08-06 05:28:22 [shujugenjin] ---> [22/25] 正在处理: Site 99SS
2026-08-06 05:28:25 [shujugenjin] ---> [23/25] 正在处理: Site 66AA
2026-08-06 05:28:27 [shujugenjin] ---> [24/25] 正在处理: Site 77GG
2026-08-06 05:28:30 [shujugenjin] ---> [25/25] 正在处理: Site 77BB
2026-08-06 05:28:58 [shujugenjin] 🎉所有站点综合分析图片及文字报告已成功发送至 Telegram！
2026-08-06 06:00:00 [DASHBOARD] 🚀 Run: 2026-08-06 06:00:00.020217
2026-08-06 06:01:19 [DASHBOARD] ✅ ALL_TOTAL success
2026-08-06 06:01:19 [DASHBOARD] ✅ kwai-pwa success
2026-08-06 06:01:19 [DASHBOARD] ✅ fb-h5-b success
2026-08-06 06:01:19 [DASHBOARD] ✅ 上架包 success
2026-08-06 06:01:19 [DASHBOARD] ✅ tt-h5 success
2026-08-06 06:01:19 [DASHBOARD] ✅ fb-h5-a success
2026-08-06 06:01:19 [DASHBOARD] ✅ fb-pwa success
2026-08-06 06:01:19 [DASHBOARD] ✅ fb-pwa-a success
2026-08-06 06:01:19 [DASHBOARD] ✅ tt-pwa success
2026-08-06 06:01:19 [DASHBOARD] ✅ fb-ios success
2026-08-06 06:01:19 [DASHBOARD] ✅ fb-pwa-b success
2026-08-06 06:01:19 [DASHBOARD] ✅ DL success
2026-08-06 06:01:19 [DASHBOARD] ✅ 其他 success
2026-08-06 06:01:19 [DASHBOARD] Brazil now : 2026-08-05 19:00:00.209503-03:00
2026-08-06 06:01:19 [DASHBOARD] Report day : 2026-08-05
2026-08-06 06:01:19 [DASHBOARD] Yesterday  : 2026-08-04
2026-08-06 06:01:19 [DASHBOARD] Hour start : 2026-08-04 03:00:00+00:00
2026-08-06 06:01:19 [DASHBOARD] Hour end   : 2026-08-04 21:59:59+00:00
2026-08-06 06:01:19 [DASHBOARD] Brazil now : 2026-08-05 19:00:00.209503-03:00
2026-08-06 06:01:19 [DASHBOARD] Hour start : 2026-08-04 03:00:00+00:00
2026-08-06 06:01:19 [DASHBOARD] Hour end   : 2026-08-04 21:59:59+00:00
2026-08-06 06:01:19 [DASHBOARD] ✅ hour ALL_TOTAL
2026-08-06 06:01:19 [DASHBOARD] ✅ hour fb-h5-a
2026-08-06 06:01:19 [DASHBOARD] ✅ hour fb-ios
2026-08-06 06:01:19 [DASHBOARD] ✅ hour fb-pwa-b
2026-08-06 06:01:19 [DASHBOARD] ✅ hour kwai-pwa
2026-08-06 06:01:19 [DASHBOARD] ✅ hour fb-h5-b
2026-08-06 06:01:19 [DASHBOARD] ✅ hour fb-pwa-a
2026-08-06 06:01:19 [DASHBOARD] ✅ hour fb-pwa
2026-08-06 06:01:19 [DASHBOARD] ✅ hour 上架包
2026-08-06 06:01:19 [DASHBOARD] ✅ hour tt-h5
2026-08-06 06:01:19 [DASHBOARD] ✅ hour tt-pwa
2026-08-06 06:01:19 [DASHBOARD] ✅ hour DL
2026-08-06 06:01:19 [DASHBOARD] ✅ hour 其他
2026-08-06 06:01:19 [DASHBOARD] ✅ retention ALL
2026-08-06 06:01:19 [DASHBOARD] ✅ retention fb-ios
2026-08-06 06:01:19 [DASHBOARD] ✅ retention fb-pwa-b
2026-08-06 06:01:19 [DASHBOARD] ✅ retention 上架包
2026-08-06 06:01:19 [DASHBOARD] ✅ retention kwai-pwa
2026-08-06 06:01:19 [DASHBOARD] ✅ retention fb-pwa-a
2026-08-06 06:01:19 [DASHBOARD] ✅ retention fb-h5-b
2026-08-06 06:01:19 [DASHBOARD] ✅ retention tt-pwa
2026-08-06 06:01:19 [DASHBOARD] ✅ retention fb-pwa
2026-08-06 06:01:19 [DASHBOARD] ✅ retention fb-h5-a
2026-08-06 06:01:19 [DASHBOARD] ✅ retention tt-h5
2026-08-06 06:01:19 [DASHBOARD] ✅ retention 其他
2026-08-06 06:01:19 [DASHBOARD] ✅ retention DL
2026-08-06 06:01:19 [DASHBOARD] Loading realtime data...
2026-08-06 06:01:19 [DASHBOARD] ✅ realtime 2026-08-05
2026-08-06 06:01:19 [DASHBOARD] ✅ realtime 2026-08-04
2026-08-06 06:01:19 [DASHBOARD] ✅ realtime 2026-08-03
2026-08-06 06:01:19 [DASHBOARD] ✅ realtime 2026-08-02
2026-08-06 06:01:19 [DASHBOARD] ✅ Saved: /Users/xiaoruan/Documents/76b-getdata/data.json
2026-08-06 06:01:19 [DASHBOARD] ✅ Commit success
2026-08-06 06:01:19 [DASHBOARD] ✅ GitHub updated
2026-08-06 06:01:48 [DASHBOARD] ✅ ALL_TOTAL success
2026-08-06 06:01:48 [DASHBOARD] ✅ tt-pwa success
2026-08-06 06:01:48 [DASHBOARD] ✅ fb-ios success
2026-08-06 06:01:48 [DASHBOARD] ✅ fb-h5-a success
2026-08-06 06:01:48 [DASHBOARD] ✅ dsp-h5 success
2026-08-06 06:01:48 [DASHBOARD] ✅ 其他 success
2026-08-06 06:01:48 [DASHBOARD] ✅ kwai-pwa success
2026-08-06 06:01:48 [DASHBOARD] ✅ fb-pwa-a success
2026-08-06 06:01:48 [DASHBOARD] ✅ 回访 success
2026-08-06 06:01:48 [DASHBOARD] ✅ ws-h5 success
2026-08-06 06:01:48 [DASHBOARD] ✅ fb-pwa success
2026-08-06 06:01:48 [DASHBOARD] ✅ fb-h5 success
2026-08-06 06:01:48 [DASHBOARD] Brazil now : 2026-08-05 19:01:19.629224-03:00
2026-08-06 06:01:48 [DASHBOARD] Report day : 2026-08-05
2026-08-06 06:01:48 [DASHBOARD] Yesterday  : 2026-08-04
2026-08-06 06:01:48 [DASHBOARD] Hour start : 2026-08-04 03:00:00+00:00
2026-08-06 06:01:48 [DASHBOARD] Hour end   : 2026-08-04 21:59:59+00:00
2026-08-06 06:01:48 [DASHBOARD] Brazil now : 2026-08-05 19:01:19.629224-03:00
2026-08-06 06:01:48 [DASHBOARD] Hour start : 2026-08-04 03:00:00+00:00
2026-08-06 06:01:48 [DASHBOARD] Hour end   : 2026-08-04 21:59:59+00:00
2026-08-06 06:01:48 [DASHBOARD] ✅ hour ALL_TOTAL
2026-08-06 06:01:48 [DASHBOARD] ✅ hour fb-ios
2026-08-06 06:01:48 [DASHBOARD] ✅ hour kwai-pwa
2026-08-06 06:01:48 [DASHBOARD] ✅ hour fb-h5
2026-08-06 06:01:48 [DASHBOARD] ✅ hour dsp-h5
2026-08-06 06:01:48 [DASHBOARD] ✅ hour fb-pwa
2026-08-06 06:01:48 [DASHBOARD] ✅ hour fb-h5-a
2026-08-06 06:01:48 [DASHBOARD] ✅ hour 其他
2026-08-06 06:01:48 [DASHBOARD] ✅ hour 回访
2026-08-06 06:01:48 [DASHBOARD] ✅ hour tt-pwa
2026-08-06 06:01:48 [DASHBOARD] ✅ hour fb-pwa-a
2026-08-06 06:01:48 [DASHBOARD] ✅ hour ws-h5
2026-08-06 06:01:48 [DASHBOARD] ✅ retention ALL
2026-08-06 06:01:48 [DASHBOARD] ✅ retention fb-h5-a
2026-08-06 06:01:48 [DASHBOARD] ✅ retention 其他
2026-08-06 06:01:48 [DASHBOARD] ✅ retention fb-h5
2026-08-06 06:01:48 [DASHBOARD] ✅ retention dsp-h5
2026-08-06 06:01:48 [DASHBOARD] ✅ retention fb-ios
2026-08-06 06:01:48 [DASHBOARD] ✅ retention tt-pwa
2026-08-06 06:01:48 [DASHBOARD] ✅ retention fb-pwa
2026-08-06 06:01:48 [DASHBOARD] ✅ retention kwai-pwa
2026-08-06 06:01:48 [DASHBOARD] ✅ retention fb-pwa-a
2026-08-06 06:01:48 [DASHBOARD] ✅ retention 回访
2026-08-06 06:01:48 [DASHBOARD] ✅ retention ws-h5
2026-08-06 06:01:48 [DASHBOARD] Loading realtime data...
2026-08-06 06:01:48 [DASHBOARD] ✅ realtime 2026-08-05
2026-08-06 06:01:48 [DASHBOARD] ✅ realtime 2026-08-04
2026-08-06 06:01:48 [DASHBOARD] ✅ realtime 2026-08-03
2026-08-06 06:01:48 [DASHBOARD] ✅ realtime 2026-08-02
2026-08-06 06:01:48 [DASHBOARD] ✅ Saved: /Users/xiaoruan/Documents/76b-getdata/nn22.json
2026-08-06 06:01:48 [DASHBOARD] ✅ Commit success
2026-08-06 06:01:48 [DASHBOARD] ✅ GitHub updated
2026-08-06 06:02:12 [DASHBOARD] ✅ ALL_TOTAL success
2026-08-06 06:02:12 [DASHBOARD] ✅ tt-pwa success
2026-08-06 06:02:12 [DASHBOARD] ✅ fb-h5 success
2026-08-06 06:02:12 [DASHBOARD] ✅ fb-pwa success
2026-08-06 06:02:12 [DASHBOARD] ✅ 上架包 success
2026-08-06 06:02:12 [DASHBOARD] ✅ fb-pwa-b success
2026-08-06 06:02:12 [DASHBOARD] ✅ fb-ios success
2026-08-06 06:02:12 [DASHBOARD] ✅ DL success
2026-08-06 06:02:12 [DASHBOARD] ✅ fb-pwa-a success
2026-08-06 06:02:12 [DASHBOARD] ✅ fb-h5-a success
2026-08-06 06:02:12 [DASHBOARD] ✅ kwai-pwa success
2026-08-06 06:02:12 [DASHBOARD] ✅ ws-h5 success
2026-08-06 06:02:12 [DASHBOARD] ✅ 其他 success
2026-08-06 06:02:12 [DASHBOARD] Brazil now : 2026-08-05 19:01:49.106350-03:00
2026-08-06 06:02:12 [DASHBOARD] Report day : 2026-08-05
2026-08-06 06:02:12 [DASHBOARD] Yesterday  : 2026-08-04
2026-08-06 06:02:12 [DASHBOARD] Hour start : 2026-08-04 03:00:00+00:00
2026-08-06 06:02:12 [DASHBOARD] Hour end   : 2026-08-04 21:59:59+00:00
2026-08-06 06:02:12 [DASHBOARD] Brazil now : 2026-08-05 19:01:49.106350-03:00
2026-08-06 06:02:12 [DASHBOARD] Hour start : 2026-08-04 03:00:00+00:00
2026-08-06 06:02:12 [DASHBOARD] Hour end   : 2026-08-04 21:59:59+00:00
2026-08-06 06:02:12 [DASHBOARD] ✅ hour ALL_TOTAL
2026-08-06 06:02:12 [DASHBOARD] ✅ hour tt-pwa
2026-08-06 06:02:12 [DASHBOARD] ✅ hour fb-h5
2026-08-06 06:02:12 [DASHBOARD] ✅ hour DL
2026-08-06 06:02:12 [DASHBOARD] ✅ hour fb-pwa-a
2026-08-06 06:02:12 [DASHBOARD] ✅ hour fb-pwa
2026-08-06 06:02:12 [DASHBOARD] ✅ hour kwai-pwa
2026-08-06 06:02:12 [DASHBOARD] ✅ hour fb-pwa-b
2026-08-06 06:02:12 [DASHBOARD] ✅ hour 上架包
2026-08-06 06:02:12 [DASHBOARD] ✅ hour fb-ios
2026-08-06 06:02:12 [DASHBOARD] ✅ hour fb-h5-a
2026-08-06 06:02:12 [DASHBOARD] ✅ hour ws-h5
2026-08-06 06:02:12 [DASHBOARD] ✅ hour 其他
2026-08-06 06:02:12 [DASHBOARD] ✅ retention ALL
2026-08-06 06:02:12 [DASHBOARD] ✅ retention kwai-pwa
2026-08-06 06:02:12 [DASHBOARD] ✅ retention fb-pwa-b
2026-08-06 06:02:12 [DASHBOARD] ✅ retention fb-ios
2026-08-06 06:02:12 [DASHBOARD] ✅ retention tt-pwa
2026-08-06 06:02:12 [DASHBOARD] ✅ retention fb-pwa
2026-08-06 06:02:12 [DASHBOARD] ✅ retention fb-h5
2026-08-06 06:02:12 [DASHBOARD] ✅ retention DL
2026-08-06 06:02:12 [DASHBOARD] ✅ retention fb-pwa-a
2026-08-06 06:02:12 [DASHBOARD] ✅ retention 上架包
2026-08-06 06:02:12 [DASHBOARD] ✅ retention fb-h5-a
2026-08-06 06:02:12 [DASHBOARD] ✅ retention ws-h5
2026-08-06 06:02:12 [DASHBOARD] ✅ retention 其他
2026-08-06 06:02:12 [DASHBOARD] Loading realtime data...
2026-08-06 06:02:12 [DASHBOARD] ✅ realtime 2026-08-05
2026-08-06 06:02:12 [DASHBOARD] ✅ realtime 2026-08-04
2026-08-06 06:02:12 [DASHBOARD] ✅ realtime 2026-08-03
2026-08-06 06:02:12 [DASHBOARD] ✅ realtime 2026-08-02
2026-08-06 06:02:12 [DASHBOARD] ✅ Saved: /Users/xiaoruan/Documents/76b-getdata/23a.json
2026-08-06 06:02:12 [DASHBOARD] ✅ Commit success
2026-08-06 06:02:12 [DASHBOARD] ✅ GitHub updated
2026-08-06 06:02:36 [DASHBOARD] ✅ ALL_TOTAL success
2026-08-06 06:02:36 [DASHBOARD] ✅ fb-pwa success
2026-08-06 06:02:36 [DASHBOARD] ✅ fb-ios success
2026-08-06 06:02:36 [DASHBOARD] ✅ kwai-pwa success
2026-08-06 06:02:36 [DASHBOARD] ✅ fb-pwa-b success
2026-08-06 06:02:36 [DASHBOARD] ✅ fb-h5 success
2026-08-06 06:02:36 [DASHBOARD] ✅ tt-pwa success
2026-08-06 06:02:36 [DASHBOARD] ✅ DL success
2026-08-06 06:02:36 [DASHBOARD] ✅ fb-pwa-a success
2026-08-06 06:02:36 [DASHBOARD] ✅ 上架包 success
2026-08-06 06:02:36 [DASHBOARD] ✅ 其他 success
2026-08-06 06:02:36 [DASHBOARD] Brazil now : 2026-08-05 19:02:12.363958-03:00
2026-08-06 06:02:36 [DASHBOARD] Report day : 2026-08-05
2026-08-06 06:02:36 [DASHBOARD] Yesterday  : 2026-08-04
2026-08-06 06:02:36 [DASHBOARD] Hour start : 2026-08-04 03:00:00+00:00
2026-08-06 06:02:36 [DASHBOARD] Hour end   : 2026-08-04 21:59:59+00:00
2026-08-06 06:02:36 [DASHBOARD] Brazil now : 2026-08-05 19:02:12.363958-03:00
2026-08-06 06:02:36 [DASHBOARD] Hour start : 2026-08-04 03:00:00+00:00
2026-08-06 06:02:36 [DASHBOARD] Hour end   : 2026-08-04 21:59:59+00:00
2026-08-06 06:02:36 [DASHBOARD] ✅ hour ALL_TOTAL
2026-08-06 06:02:36 [DASHBOARD] ✅ hour fb-pwa-a
2026-08-06 06:02:36 [DASHBOARD] ✅ hour fb-pwa-b
2026-08-06 06:02:36 [DASHBOARD] ✅ hour 其他
2026-08-06 06:02:36 [DASHBOARD] ✅ hour kwai-pwa
2026-08-06 06:02:36 [DASHBOARD] ✅ hour fb-ios
2026-08-06 06:02:36 [DASHBOARD] ✅ hour fb-h5
2026-08-06 06:02:36 [DASHBOARD] ✅ hour 上架包
2026-08-06 06:02:36 [DASHBOARD] ✅ hour fb-pwa
2026-08-06 06:02:36 [DASHBOARD] ✅ hour DL
2026-08-06 06:02:36 [DASHBOARD] ✅ hour tt-pwa
2026-08-06 06:02:36 [DASHBOARD] ✅ retention ALL
2026-08-06 06:02:36 [DASHBOARD] ✅ retention tt-pwa
2026-08-06 06:02:36 [DASHBOARD] ✅ retention kwai-pwa
2026-08-06 06:02:36 [DASHBOARD] ✅ retention 其他
2026-08-06 06:02:36 [DASHBOARD] ✅ retention fb-ios
2026-08-06 06:02:36 [DASHBOARD] ✅ retention DL
2026-08-06 06:02:36 [DASHBOARD] ✅ retention fb-pwa-a
2026-08-06 06:02:36 [DASHBOARD] ✅ retention fb-pwa
2026-08-06 06:02:36 [DASHBOARD] ✅ retention fb-pwa-b
2026-08-06 06:02:36 [DASHBOARD] ✅ retention fb-h5
2026-08-06 06:02:36 [DASHBOARD] ✅ retention 上架包
2026-08-06 06:02:36 [DASHBOARD] Loading realtime data...
2026-08-06 06:02:36 [DASHBOARD] ✅ realtime 2026-08-05
2026-08-06 06:02:36 [DASHBOARD] ✅ realtime 2026-08-04
2026-08-06 06:02:36 [DASHBOARD] ✅ realtime 2026-08-03
2026-08-06 06:02:36 [DASHBOARD] ✅ realtime 2026-08-02
2026-08-06 06:02:36 [DASHBOARD] ✅ Saved: /Users/xiaoruan/Documents/76b-getdata/23e.json
2026-08-06 06:02:36 [DASHBOARD] ✅ Commit success
2026-08-06 06:02:36 [DASHBOARD] ✅ GitHub updated
2026-08-06 06:02:36 [DASHBOARD] ✅ Done
2026-08-06 06:02:36 [DASHBOARD] ✅ 推广汇总更新完成
2026-08-06 06:59:59 [DASHBOARD] 🚀 Run: 2026-08-06 06:59:59.961028
2026-08-06 07:02:03 [DASHBOARD] ✅ ALL_TOTAL success
2026-08-06 07:02:03 [DASHBOARD] ✅ tt-h5 success
2026-08-06 07:02:03 [DASHBOARD] ✅ fb-pwa success
2026-08-06 07:02:03 [DASHBOARD] ✅ fb-h5-b success
2026-08-06 07:02:03 [DASHBOARD] ✅ fb-ios success
2026-08-06 07:02:03 [DASHBOARD] ✅ fb-h5-a success
2026-08-06 07:02:03 [DASHBOARD] ✅ fb-pwa-a success
2026-08-06 07:02:03 [DASHBOARD] ✅ 上架包 success
2026-08-06 07:02:03 [DASHBOARD] ✅ tt-pwa success
2026-08-06 07:02:03 [DASHBOARD] ✅ fb-pwa-b success
2026-08-06 07:02:03 [DASHBOARD] ✅ kwai-pwa success
2026-08-06 07:02:03 [DASHBOARD] ✅ 其他 success
2026-08-06 07:02:03 [DASHBOARD] ✅ DL success
2026-08-06 07:02:03 [DASHBOARD] Brazil now : 2026-08-05 20:00:00.124578-03:00
2026-08-06 07:02:03 [DASHBOARD] Report day : 2026-08-05
2026-08-06 07:02:03 [DASHBOARD] Yesterday  : 2026-08-04
2026-08-06 07:02:03 [DASHBOARD] Hour start : 2026-08-04 03:00:00+00:00
2026-08-06 07:02:03 [DASHBOARD] Hour end   : 2026-08-04 22:59:59+00:00
2026-08-06 07:02:03 [DASHBOARD] Brazil now : 2026-08-05 20:00:00.124578-03:00
2026-08-06 07:02:03 [DASHBOARD] Hour start : 2026-08-04 03:00:00+00:00
2026-08-06 07:02:03 [DASHBOARD] Hour end   : 2026-08-04 22:59:59+00:00
2026-08-06 07:02:03 [DASHBOARD] ✅ hour ALL_TOTAL
2026-08-06 07:02:03 [DASHBOARD] ❌ hour fb-h5-b HTTPSConnectionPool(host='api5.v-n-r-1.com', port=443): Read timed out. (read timeout=40)
2026-08-06 07:02:03 [DASHBOARD] ❌ hour fb-pwa-b HTTPSConnectionPool(host='api5.v-n-r-1.com', port=443): Read timed out. (read timeout=40)
2026-08-06 07:02:03 [DASHBOARD] ❌ hour fb-h5-a HTTPSConnectionPool(host='api5.v-n-r-1.com', port=443): Read timed out. (read timeout=40)
2026-08-06 07:02:03 [DASHBOARD] ❌ hour fb-pwa HTTPSConnectionPool(host='api5.v-n-r-1.com', port=443): Read timed out. (read timeout=40)
2026-08-06 07:02:03 [DASHBOARD] ❌ hour fb-ios HTTPSConnectionPool(host='api5.v-n-r-1.com', port=443): Read timed out. (read timeout=40)
2026-08-06 07:02:03 [DASHBOARD] ❌ hour kwai-pwa HTTPSConnectionPool(host='api5.v-n-r-1.com', port=443): Read timed out. (read timeout=40)
2026-08-06 07:02:03 [DASHBOARD] ❌ hour tt-h5 HTTPSConnectionPool(host='api5.v-n-r-1.com', port=443): Read timed out. (read timeout=40)
2026-08-06 07:02:03 [DASHBOARD] ❌ hour tt-pwa HTTPSConnectionPool(host='api5.v-n-r-1.com', port=443): Read timed out. (read timeout=40)
2026-08-06 07:02:03 [DASHBOARD] ❌ hour fb-pwa-a HTTPSConnectionPool(host='api5.v-n-r-1.com', port=443): Read timed out. (read timeout=40)
2026-08-06 07:02:03 [DASHBOARD] ❌ hour 上架包 HTTPSConnectionPool(host='api5.v-n-r-1.com', port=443): Read timed out. (read timeout=40)
2026-08-06 07:02:03 [DASHBOARD] ❌ hour DL HTTPSConnectionPool(host='api5.v-n-r-1.com', port=443): Read timed out. (read timeout=40)
2026-08-06 07:02:03 [DASHBOARD] ❌ hour 其他 HTTPSConnectionPool(host='api5.v-n-r-1.com', port=443): Read timed out. (read timeout=40)
2026-08-06 07:02:03 [DASHBOARD] ✅ retention ALL
2026-08-06 07:02:03 [DASHBOARD] ✅ retention tt-h5
2026-08-06 07:02:03 [DASHBOARD] ✅ retention fb-pwa-b
2026-08-06 07:02:03 [DASHBOARD] ✅ retention kwai-pwa
2026-08-06 07:02:03 [DASHBOARD] ✅ retention fb-ios
2026-08-06 07:02:03 [DASHBOARD] ✅ retention fb-pwa
2026-08-06 07:02:03 [DASHBOARD] ✅ retention fb-h5-a
2026-08-06 07:02:03 [DASHBOARD] ✅ retention 上架包
2026-08-06 07:02:03 [DASHBOARD] ✅ retention fb-pwa-a
2026-08-06 07:02:03 [DASHBOARD] ✅ retention fb-h5-b
2026-08-06 07:02:03 [DASHBOARD] ✅ retention tt-pwa
2026-08-06 07:02:03 [DASHBOARD] ✅ retention DL
2026-08-06 07:02:03 [DASHBOARD] ✅ retention 其他
2026-08-06 07:02:03 [DASHBOARD] Loading realtime data...
2026-08-06 07:02:03 [DASHBOARD] ✅ realtime 2026-08-05
2026-08-06 07:02:03 [DASHBOARD] ✅ realtime 2026-08-04
2026-08-06 07:02:03 [DASHBOARD] ✅ realtime 2026-08-03
2026-08-06 07:02:03 [DASHBOARD] ✅ realtime 2026-08-02
2026-08-06 07:02:03 [DASHBOARD] ✅ Saved: /Users/xiaoruan/Documents/76b-getdata/data.json
2026-08-06 07:02:03 [DASHBOARD] ✅ Commit success
2026-08-06 07:02:03 [DASHBOARD] ✅ GitHub updated
2026-08-06 07:02:29 [DASHBOARD] ✅ ALL_TOTAL success
2026-08-06 07:02:29 [DASHBOARD] ✅ 回访 success
2026-08-06 07:02:29 [DASHBOARD] ✅ fb-pwa success
2026-08-06 07:02:29 [DASHBOARD] ✅ dsp-h5 success
2026-08-06 07:02:29 [DASHBOARD] ✅ 其他 success
2026-08-06 07:02:29 [DASHBOARD] ✅ kwai-pwa success
2026-08-06 07:02:29 [DASHBOARD] ✅ tt-pwa success
2026-08-06 07:02:29 [DASHBOARD] ✅ fb-h5 success
2026-08-06 07:02:29 [DASHBOARD] ✅ fb-h5-a success
2026-08-06 07:02:29 [DASHBOARD] ✅ fb-ios success
2026-08-06 07:02:29 [DASHBOARD] ✅ fb-pwa-a success
2026-08-06 07:02:29 [DASHBOARD] ✅ ws-h5 success
2026-08-06 07:02:29 [DASHBOARD] Brazil now : 2026-08-05 20:02:03.283008-03:00
2026-08-06 07:02:29 [DASHBOARD] Report day : 2026-08-05
2026-08-06 07:02:29 [DASHBOARD] Yesterday  : 2026-08-04
2026-08-06 07:02:29 [DASHBOARD] Hour start : 2026-08-04 03:00:00+00:00
2026-08-06 07:02:29 [DASHBOARD] Hour end   : 2026-08-04 22:59:59+00:00
2026-08-06 07:02:29 [DASHBOARD] Brazil now : 2026-08-05 20:02:03.283008-03:00
2026-08-06 07:02:29 [DASHBOARD] Hour start : 2026-08-04 03:00:00+00:00
2026-08-06 07:02:29 [DASHBOARD] Hour end   : 2026-08-04 22:59:59+00:00
2026-08-06 07:02:29 [DASHBOARD] ✅ hour ALL_TOTAL
2026-08-06 07:02:29 [DASHBOARD] ✅ hour 其他
2026-08-06 07:02:29 [DASHBOARD] ✅ hour fb-pwa
2026-08-06 07:02:29 [DASHBOARD] ✅ hour fb-h5
2026-08-06 07:02:29 [DASHBOARD] ✅ hour dsp-h5
2026-08-06 07:02:29 [DASHBOARD] ✅ hour 回访
2026-08-06 07:02:29 [DASHBOARD] ✅ hour kwai-pwa
2026-08-06 07:02:29 [DASHBOARD] ✅ hour fb-ios
2026-08-06 07:02:29 [DASHBOARD] ✅ hour tt-pwa
2026-08-06 07:02:29 [DASHBOARD] ✅ hour fb-h5-a
2026-08-06 07:02:29 [DASHBOARD] ✅ hour fb-pwa-a
2026-08-06 07:02:29 [DASHBOARD] ✅ hour ws-h5
2026-08-06 07:02:29 [DASHBOARD] ✅ retention ALL
2026-08-06 07:02:29 [DASHBOARD] ✅ retention fb-h5
2026-08-06 07:02:29 [DASHBOARD] ✅ retention 回访
2026-08-06 07:02:29 [DASHBOARD] ✅ retention tt-pwa
2026-08-06 07:02:29 [DASHBOARD] ✅ retention 其他
2026-08-06 07:02:29 [DASHBOARD] ✅ retention fb-h5-a
2026-08-06 07:02:29 [DASHBOARD] ✅ retention dsp-h5
2026-08-06 07:02:29 [DASHBOARD] ✅ retention fb-pwa
2026-08-06 07:02:29 [DASHBOARD] ✅ retention fb-pwa-a
2026-08-06 07:02:29 [DASHBOARD] ✅ retention kwai-pwa
2026-08-06 07:02:29 [DASHBOARD] ✅ retention fb-ios
2026-08-06 07:02:29 [DASHBOARD] ✅ retention ws-h5
2026-08-06 07:02:29 [DASHBOARD] Loading realtime data...
2026-08-06 07:02:29 [DASHBOARD] ✅ realtime 2026-08-05
2026-08-06 07:02:29 [DASHBOARD] ✅ realtime 2026-08-04
2026-08-06 07:02:29 [DASHBOARD] ✅ realtime 2026-08-03
2026-08-06 07:02:29 [DASHBOARD] ✅ realtime 2026-08-02
2026-08-06 07:02:29 [DASHBOARD] ✅ Saved: /Users/xiaoruan/Documents/76b-getdata/nn22.json
2026-08-06 07:02:29 [DASHBOARD] ✅ Commit success
2026-08-06 07:02:29 [DASHBOARD] ✅ GitHub updated
2026-08-06 07:03:00 [DASHBOARD] ✅ ALL_TOTAL success
2026-08-06 07:03:00 [DASHBOARD] ✅ fb-ios success
2026-08-06 07:03:00 [DASHBOARD] ✅ 上架包 success
2026-08-06 07:03:00 [DASHBOARD] ✅ fb-h5-a success
2026-08-06 07:03:00 [DASHBOARD] ✅ tt-pwa success
2026-08-06 07:03:00 [DASHBOARD] ✅ kwai-pwa success
2026-08-06 07:03:00 [DASHBOARD] ✅ fb-pwa success
2026-08-06 07:03:00 [DASHBOARD] ✅ fb-pwa-b success
2026-08-06 07:03:00 [DASHBOARD] ✅ fb-h5 success
2026-08-06 07:03:00 [DASHBOARD] ✅ DL success
2026-08-06 07:03:00 [DASHBOARD] ✅ 其他 success
2026-08-06 07:03:00 [DASHBOARD] ✅ ws-h5 success
2026-08-06 07:03:00 [DASHBOARD] ✅ fb-pwa-a success
2026-08-06 07:03:00 [DASHBOARD] Brazil now : 2026-08-05 20:02:29.926806-03:00
2026-08-06 07:03:00 [DASHBOARD] Report day : 2026-08-05
2026-08-06 07:03:00 [DASHBOARD] Yesterday  : 2026-08-04
2026-08-06 07:03:00 [DASHBOARD] Hour start : 2026-08-04 03:00:00+00:00
2026-08-06 07:03:00 [DASHBOARD] Hour end   : 2026-08-04 22:59:59+00:00
2026-08-06 07:03:00 [DASHBOARD] Brazil now : 2026-08-05 20:02:29.926806-03:00
2026-08-06 07:03:00 [DASHBOARD] Hour start : 2026-08-04 03:00:00+00:00
2026-08-06 07:03:00 [DASHBOARD] Hour end   : 2026-08-04 22:59:59+00:00
2026-08-06 07:03:00 [DASHBOARD] ✅ hour ALL_TOTAL
2026-08-06 07:03:00 [DASHBOARD] ✅ hour 上架包
2026-08-06 07:03:00 [DASHBOARD] ✅ hour fb-h5
2026-08-06 07:03:00 [DASHBOARD] ✅ hour fb-pwa-a
2026-08-06 07:03:00 [DASHBOARD] ✅ hour tt-pwa
2026-08-06 07:03:00 [DASHBOARD] ✅ hour DL
2026-08-06 07:03:00 [DASHBOARD] ✅ hour fb-h5-a
2026-08-06 07:03:00 [DASHBOARD] ✅ hour kwai-pwa
2026-08-06 07:03:00 [DASHBOARD] ✅ hour fb-ios
2026-08-06 07:03:00 [DASHBOARD] ✅ hour fb-pwa
2026-08-06 07:03:00 [DASHBOARD] ✅ hour ws-h5
2026-08-06 07:03:00 [DASHBOARD] ✅ hour 其他
2026-08-06 07:03:00 [DASHBOARD] ✅ hour fb-pwa-b
2026-08-06 07:03:00 [DASHBOARD] ✅ retention ALL
2026-08-06 07:03:00 [DASHBOARD] ✅ retention tt-pwa
2026-08-06 07:03:00 [DASHBOARD] ✅ retention fb-h5-a
2026-08-06 07:03:00 [DASHBOARD] ✅ retention fb-pwa-b
2026-08-06 07:03:00 [DASHBOARD] ✅ retention fb-h5
2026-08-06 07:03:00 [DASHBOARD] ✅ retention kwai-pwa
2026-08-06 07:03:00 [DASHBOARD] ✅ retention DL
2026-08-06 07:03:00 [DASHBOARD] ✅ retention fb-ios
2026-08-06 07:03:00 [DASHBOARD] ✅ retention fb-pwa-a
2026-08-06 07:03:00 [DASHBOARD] ✅ retention 上架包
2026-08-06 07:03:00 [DASHBOARD] ✅ retention fb-pwa
2026-08-06 07:03:00 [DASHBOARD] ✅ retention ws-h5
2026-08-06 07:03:00 [DASHBOARD] ✅ retention 其他
2026-08-06 07:03:00 [DASHBOARD] Loading realtime data...
2026-08-06 07:03:00 [DASHBOARD] ✅ realtime 2026-08-05
2026-08-06 07:03:00 [DASHBOARD] ✅ realtime 2026-08-04
2026-08-06 07:03:00 [DASHBOARD] ✅ realtime 2026-08-03
2026-08-06 07:03:00 [DASHBOARD] ✅ realtime 2026-08-02
2026-08-06 07:03:00 [DASHBOARD] ✅ Saved: /Users/xiaoruan/Documents/76b-getdata/23a.json
2026-08-06 07:03:00 [DASHBOARD] ✅ Commit success
2026-08-06 07:03:00 [DASHBOARD] ✅ GitHub updated
2026-08-06 07:03:25 [DASHBOARD] ✅ ALL_TOTAL success
2026-08-06 07:03:25 [DASHBOARD] ✅ fb-ios success
2026-08-06 07:03:25 [DASHBOARD] ✅ fb-pwa-a success
2026-08-06 07:03:25 [DASHBOARD] ✅ DL success
2026-08-06 07:03:25 [DASHBOARD] ✅ tt-pwa success
2026-08-06 07:03:25 [DASHBOARD] ✅ kwai-pwa success
2026-08-06 07:03:25 [DASHBOARD] ✅ fb-pwa-b success
2026-08-06 07:03:25 [DASHBOARD] ✅ fb-pwa success
2026-08-06 07:03:25 [DASHBOARD] ✅ fb-h5 success
2026-08-06 07:03:25 [DASHBOARD] ✅ 上架包 success
2026-08-06 07:03:25 [DASHBOARD] ✅ 其他 success
2026-08-06 07:03:25 [DASHBOARD] Brazil now : 2026-08-05 20:03:00.550801-03:00
2026-08-06 07:03:25 [DASHBOARD] Report day : 2026-08-05
2026-08-06 07:03:25 [DASHBOARD] Yesterday  : 2026-08-04
2026-08-06 07:03:25 [DASHBOARD] Hour start : 2026-08-04 03:00:00+00:00
2026-08-06 07:03:25 [DASHBOARD] Hour end   : 2026-08-04 22:59:59+00:00
2026-08-06 07:03:25 [DASHBOARD] Brazil now : 2026-08-05 20:03:00.550801-03:00
2026-08-06 07:03:25 [DASHBOARD] Hour start : 2026-08-04 03:00:00+00:00
2026-08-06 07:03:25 [DASHBOARD] Hour end   : 2026-08-04 22:59:59+00:00
2026-08-06 07:03:25 [DASHBOARD] ✅ hour ALL_TOTAL
2026-08-06 07:03:25 [DASHBOARD] ✅ hour fb-ios
2026-08-06 07:03:25 [DASHBOARD] ✅ hour tt-pwa
2026-08-06 07:03:25 [DASHBOARD] ✅ hour fb-h5
2026-08-06 07:03:25 [DASHBOARD] ✅ hour 上架包
2026-08-06 07:03:25 [DASHBOARD] ✅ hour kwai-pwa
2026-08-06 07:03:25 [DASHBOARD] ✅ hour fb-pwa-a
2026-08-06 07:03:25 [DASHBOARD] ✅ hour DL
2026-08-06 07:03:25 [DASHBOARD] ✅ hour fb-pwa
2026-08-06 07:03:25 [DASHBOARD] ✅ hour fb-pwa-b
2026-08-06 07:03:25 [DASHBOARD] ✅ hour 其他
2026-08-06 07:03:25 [DASHBOARD] ✅ retention ALL
2026-08-06 07:03:25 [DASHBOARD] ✅ retention 上架包
2026-08-06 07:03:25 [DASHBOARD] ✅ retention fb-pwa-a
2026-08-06 07:03:25 [DASHBOARD] ✅ retention fb-pwa
2026-08-06 07:03:25 [DASHBOARD] ✅ retention DL
2026-08-06 07:03:25 [DASHBOARD] ✅ retention fb-ios
2026-08-06 07:03:25 [DASHBOARD] ✅ retention 其他
2026-08-06 07:03:25 [DASHBOARD] ✅ retention fb-h5
2026-08-06 07:03:25 [DASHBOARD] ✅ retention tt-pwa
2026-08-06 07:03:25 [DASHBOARD] ✅ retention fb-pwa-b
2026-08-06 07:03:25 [DASHBOARD] ✅ retention kwai-pwa
2026-08-06 07:03:25 [DASHBOARD] Loading realtime data...
2026-08-06 07:03:25 [DASHBOARD] ✅ realtime 2026-08-05
2026-08-06 07:03:25 [DASHBOARD] ✅ realtime 2026-08-04
2026-08-06 07:03:25 [DASHBOARD] ✅ realtime 2026-08-03
2026-08-06 07:03:25 [DASHBOARD] ✅ realtime 2026-08-02
2026-08-06 07:03:25 [DASHBOARD] ✅ Saved: /Users/xiaoruan/Documents/76b-getdata/23e.json
2026-08-06 07:03:25 [DASHBOARD] ✅ Commit success
2026-08-06 07:03:25 [DASHBOARD] ✅ GitHub updated
2026-08-06 07:03:25 [DASHBOARD] ✅ Done
2026-08-06 07:03:25 [DASHBOARD] ✅ 推广汇总更新完成
2026-08-06 08:00:00 [DASHBOARD] 🚀 Run: 2026-08-06 08:00:00.136057
2026-08-06 08:01:30 [DASHBOARD] ✅ ALL_TOTAL success
2026-08-06 08:01:30 [DASHBOARD] ✅ fb-h5-a success
2026-08-06 08:01:30 [DASHBOARD] ✅ fb-h5-b success
2026-08-06 08:01:30 [DASHBOARD] ✅ fb-pwa-b success
2026-08-06 08:01:30 [DASHBOARD] ✅ fb-ios success
2026-08-06 08:01:30 [DASHBOARD] ✅ 上架包 success
2026-08-06 08:01:30 [DASHBOARD] ✅ fb-pwa-a success
2026-08-06 08:01:30 [DASHBOARD] ✅ kwai-pwa success
2026-08-06 08:01:30 [DASHBOARD] ✅ tt-pwa success
2026-08-06 08:01:30 [DASHBOARD] ✅ tt-h5 success
2026-08-06 08:01:30 [DASHBOARD] ✅ fb-pwa success
2026-08-06 08:01:30 [DASHBOARD] ✅ 其他 success
2026-08-06 08:01:30 [DASHBOARD] ✅ DL success
2026-08-06 08:01:30 [DASHBOARD] Brazil now : 2026-08-05 21:00:00.295510-03:00
2026-08-06 08:01:30 [DASHBOARD] Report day : 2026-08-05
2026-08-06 08:01:30 [DASHBOARD] Yesterday  : 2026-08-04
2026-08-06 08:01:30 [DASHBOARD] Hour start : 2026-08-04 03:00:00+00:00
2026-08-06 08:01:30 [DASHBOARD] Hour end   : 2026-08-04 23:59:59+00:00
2026-08-06 08:01:30 [DASHBOARD] Brazil now : 2026-08-05 21:00:00.295510-03:00
2026-08-06 08:01:30 [DASHBOARD] Hour start : 2026-08-04 03:00:00+00:00
2026-08-06 08:01:30 [DASHBOARD] Hour end   : 2026-08-04 23:59:59+00:00
2026-08-06 08:01:30 [DASHBOARD] ✅ hour ALL_TOTAL
2026-08-06 08:01:30 [DASHBOARD] ✅ hour fb-h5-a
2026-08-06 08:01:30 [DASHBOARD] ✅ hour fb-pwa
2026-08-06 08:01:30 [DASHBOARD] ✅ hour kwai-pwa
2026-08-06 08:01:30 [DASHBOARD] ✅ hour fb-pwa-a
2026-08-06 08:01:30 [DASHBOARD] ✅ hour fb-h5-b
2026-08-06 08:01:30 [DASHBOARD] ✅ hour tt-pwa
2026-08-06 08:01:30 [DASHBOARD] ✅ hour 上架包
2026-08-06 08:01:30 [DASHBOARD] ✅ hour fb-pwa-b
2026-08-06 08:01:30 [DASHBOARD] ✅ hour tt-h5
2026-08-06 08:01:30 [DASHBOARD] ✅ hour fb-ios
2026-08-06 08:01:30 [DASHBOARD] ✅ hour DL
2026-08-06 08:01:30 [DASHBOARD] ✅ hour 其他
2026-08-06 08:01:30 [DASHBOARD] ✅ retention ALL
2026-08-06 08:01:30 [DASHBOARD] ✅ retention 上架包
2026-08-06 08:01:30 [DASHBOARD] ✅ retention tt-h5
2026-08-06 08:01:30 [DASHBOARD] ✅ retention fb-h5-a
2026-08-06 08:01:30 [DASHBOARD] ✅ retention fb-h5-b
2026-08-06 08:01:30 [DASHBOARD] ✅ retention fb-pwa-a
2026-08-06 08:01:30 [DASHBOARD] ✅ retention fb-ios
2026-08-06 08:01:30 [DASHBOARD] ✅ retention fb-pwa-b
2026-08-06 08:01:30 [DASHBOARD] ✅ retention tt-pwa
2026-08-06 08:01:30 [DASHBOARD] ✅ retention kwai-pwa
2026-08-06 08:01:30 [DASHBOARD] ✅ retention DL
2026-08-06 08:01:30 [DASHBOARD] ✅ retention fb-pwa
2026-08-06 08:01:30 [DASHBOARD] ✅ retention 其他
2026-08-06 08:01:30 [DASHBOARD] Loading realtime data...
2026-08-06 08:01:30 [DASHBOARD] ✅ realtime 2026-08-05
2026-08-06 08:01:30 [DASHBOARD] ✅ realtime 2026-08-04
2026-08-06 08:01:30 [DASHBOARD] ✅ realtime 2026-08-03
2026-08-06 08:01:30 [DASHBOARD] ✅ realtime 2026-08-02
2026-08-06 08:01:30 [DASHBOARD] ✅ Saved: /Users/xiaoruan/Documents/76b-getdata/data.json
2026-08-06 08:01:30 [DASHBOARD] ✅ Commit success
2026-08-06 08:01:30 [DASHBOARD] ✅ GitHub updated
2026-08-06 08:01:57 [DASHBOARD] ✅ ALL_TOTAL success
2026-08-06 08:01:57 [DASHBOARD] ✅ fb-pwa success
2026-08-06 08:01:57 [DASHBOARD] ✅ kwai-pwa success
2026-08-06 08:01:57 [DASHBOARD] ✅ fb-h5 success
2026-08-06 08:01:57 [DASHBOARD] ✅ fb-ios success
2026-08-06 08:01:57 [DASHBOARD] ✅ 回访 success
2026-08-06 08:01:57 [DASHBOARD] ✅ dsp-h5 success
2026-08-06 08:01:57 [DASHBOARD] ✅ tt-pwa success
2026-08-06 08:01:57 [DASHBOARD] ✅ fb-h5-a success
2026-08-06 08:01:57 [DASHBOARD] ✅ fb-pwa-a success
2026-08-06 08:01:57 [DASHBOARD] ✅ 其他 success
2026-08-06 08:01:57 [DASHBOARD] ✅ ws-h5 success
2026-08-06 08:01:57 [DASHBOARD] Brazil now : 2026-08-05 21:01:30.673584-03:00
2026-08-06 08:01:57 [DASHBOARD] Report day : 2026-08-05
2026-08-06 08:01:57 [DASHBOARD] Yesterday  : 2026-08-04
2026-08-06 08:01:57 [DASHBOARD] Hour start : 2026-08-04 03:00:00+00:00
2026-08-06 08:01:57 [DASHBOARD] Hour end   : 2026-08-04 23:59:59+00:00
2026-08-06 08:01:57 [DASHBOARD] Brazil now : 2026-08-05 21:01:30.673584-03:00
2026-08-06 08:01:57 [DASHBOARD] Hour start : 2026-08-04 03:00:00+00:00
2026-08-06 08:01:57 [DASHBOARD] Hour end   : 2026-08-04 23:59:59+00:00
2026-08-06 08:01:57 [DASHBOARD] ✅ hour ALL_TOTAL
2026-08-06 08:01:57 [DASHBOARD] ✅ hour fb-pwa-a
2026-08-06 08:01:57 [DASHBOARD] ✅ hour tt-pwa
2026-08-06 08:01:57 [DASHBOARD] ✅ hour kwai-pwa
2026-08-06 08:01:57 [DASHBOARD] ✅ hour 其他
2026-08-06 08:01:57 [DASHBOARD] ✅ hour 回访
2026-08-06 08:01:57 [DASHBOARD] ✅ hour fb-h5
2026-08-06 08:01:57 [DASHBOARD] ✅ hour dsp-h5
2026-08-06 08:01:57 [DASHBOARD] ✅ hour fb-ios
2026-08-06 08:01:57 [DASHBOARD] ✅ hour fb-h5-a
2026-08-06 08:01:57 [DASHBOARD] ✅ hour ws-h5
2026-08-06 08:01:57 [DASHBOARD] ✅ hour fb-pwa
2026-08-06 08:01:57 [DASHBOARD] ✅ retention ALL
2026-08-06 08:01:57 [DASHBOARD] ✅ retention fb-pwa-a
2026-08-06 08:01:57 [DASHBOARD] ✅ retention fb-pwa
2026-08-06 08:01:57 [DASHBOARD] ✅ retention 回访
2026-08-06 08:01:57 [DASHBOARD] ✅ retention 其他
2026-08-06 08:01:57 [DASHBOARD] ✅ retention fb-h5
2026-08-06 08:01:57 [DASHBOARD] ✅ retention fb-ios
2026-08-06 08:01:57 [DASHBOARD] ✅ retention dsp-h5
2026-08-06 08:01:57 [DASHBOARD] ✅ retention fb-h5-a
2026-08-06 08:01:57 [DASHBOARD] ✅ retention tt-pwa
2026-08-06 08:01:57 [DASHBOARD] ✅ retention kwai-pwa
2026-08-06 08:01:57 [DASHBOARD] ✅ retention ws-h5
2026-08-06 08:01:57 [DASHBOARD] Loading realtime data...
2026-08-06 08:01:57 [DASHBOARD] ✅ realtime 2026-08-05
2026-08-06 08:01:57 [DASHBOARD] ✅ realtime 2026-08-04
2026-08-06 08:01:57 [DASHBOARD] ✅ realtime 2026-08-03
2026-08-06 08:01:57 [DASHBOARD] ✅ realtime 2026-08-02
2026-08-06 08:01:57 [DASHBOARD] ✅ Saved: /Users/xiaoruan/Documents/76b-getdata/nn22.json
2026-08-06 08:01:57 [DASHBOARD] ✅ Commit success
2026-08-06 08:01:57 [DASHBOARD] ✅ GitHub updated
2026-08-06 08:02:24 [DASHBOARD] ✅ ALL_TOTAL success
2026-08-06 08:02:24 [DASHBOARD] ✅ tt-pwa success
2026-08-06 08:02:24 [DASHBOARD] ✅ fb-ios success
2026-08-06 08:02:24 [DASHBOARD] ✅ fb-pwa success
2026-08-06 08:02:24 [DASHBOARD] ✅ fb-pwa-b success
2026-08-06 08:02:24 [DASHBOARD] ✅ fb-h5-a success
2026-08-06 08:02:24 [DASHBOARD] ✅ fb-h5 success
2026-08-06 08:02:24 [DASHBOARD] ✅ 上架包 success
2026-08-06 08:02:24 [DASHBOARD] ✅ fb-pwa-a success
2026-08-06 08:02:24 [DASHBOARD] ✅ kwai-pwa success
2026-08-06 08:02:24 [DASHBOARD] ✅ DL success
2026-08-06 08:02:24 [DASHBOARD] ✅ 其他 success
2026-08-06 08:02:24 [DASHBOARD] ✅ ws-h5 success
2026-08-06 08:02:24 [DASHBOARD] Brazil now : 2026-08-05 21:01:57.433109-03:00
2026-08-06 08:02:24 [DASHBOARD] Report day : 2026-08-05
2026-08-06 08:02:24 [DASHBOARD] Yesterday  : 2026-08-04
2026-08-06 08:02:24 [DASHBOARD] Hour start : 2026-08-04 03:00:00+00:00
2026-08-06 08:02:24 [DASHBOARD] Hour end   : 2026-08-04 23:59:59+00:00
2026-08-06 08:02:24 [DASHBOARD] Brazil now : 2026-08-05 21:01:57.433109-03:00
2026-08-06 08:02:24 [DASHBOARD] Hour start : 2026-08-04 03:00:00+00:00
2026-08-06 08:02:24 [DASHBOARD] Hour end   : 2026-08-04 23:59:59+00:00
2026-08-06 08:02:24 [DASHBOARD] ✅ hour ALL_TOTAL
2026-08-06 08:02:24 [DASHBOARD] ✅ hour DL
2026-08-06 08:02:24 [DASHBOARD] ✅ hour fb-ios
2026-08-06 08:02:24 [DASHBOARD] ✅ hour 上架包
2026-08-06 08:02:24 [DASHBOARD] ✅ hour fb-h5-a
2026-08-06 08:02:24 [DASHBOARD] ✅ hour fb-h5
2026-08-06 08:02:24 [DASHBOARD] ✅ hour fb-pwa
2026-08-06 08:02:24 [DASHBOARD] ✅ hour fb-pwa-a
2026-08-06 08:02:24 [DASHBOARD] ✅ hour kwai-pwa
2026-08-06 08:02:24 [DASHBOARD] ✅ hour fb-pwa-b
2026-08-06 08:02:24 [DASHBOARD] ✅ hour tt-pwa
2026-08-06 08:02:24 [DASHBOARD] ✅ hour ws-h5
2026-08-06 08:02:24 [DASHBOARD] ✅ hour 其他
2026-08-06 08:02:24 [DASHBOARD] ✅ retention ALL
2026-08-06 08:02:24 [DASHBOARD] ✅ retention fb-ios
2026-08-06 08:02:24 [DASHBOARD] ✅ retention fb-h5
2026-08-06 08:02:24 [DASHBOARD] ✅ retention fb-h5-a
2026-08-06 08:02:24 [DASHBOARD] ✅ retention tt-pwa
2026-08-06 08:02:24 [DASHBOARD] ✅ retention DL
2026-08-06 08:02:24 [DASHBOARD] ✅ retention fb-pwa
2026-08-06 08:02:24 [DASHBOARD] ✅ retention fb-pwa-b
2026-08-06 08:02:24 [DASHBOARD] ✅ retention fb-pwa-a
2026-08-06 08:02:24 [DASHBOARD] ✅ retention 上架包
2026-08-06 08:02:24 [DASHBOARD] ✅ retention kwai-pwa
2026-08-06 08:02:24 [DASHBOARD] ✅ retention 其他
2026-08-06 08:02:24 [DASHBOARD] ✅ retention ws-h5
2026-08-06 08:02:24 [DASHBOARD] Loading realtime data...
2026-08-06 08:02:24 [DASHBOARD] ✅ realtime 2026-08-05
2026-08-06 08:02:24 [DASHBOARD] ✅ realtime 2026-08-04
2026-08-06 08:02:24 [DASHBOARD] ✅ realtime 2026-08-03
2026-08-06 08:02:24 [DASHBOARD] ✅ realtime 2026-08-02
2026-08-06 08:02:24 [DASHBOARD] ✅ Saved: /Users/xiaoruan/Documents/76b-getdata/23a.json
2026-08-06 08:02:24 [DASHBOARD] ✅ Commit success
2026-08-06 08:02:24 [DASHBOARD] ✅ GitHub updated
2026-08-06 08:02:47 [DASHBOARD] ✅ ALL_TOTAL success
2026-08-06 08:02:47 [DASHBOARD] ✅ DL success
2026-08-06 08:02:47 [DASHBOARD] ✅ fb-pwa-a success
2026-08-06 08:02:47 [DASHBOARD] ✅ fb-ios success
2026-08-06 08:02:47 [DASHBOARD] ✅ 上架包 success
2026-08-06 08:02:47 [DASHBOARD] ✅ kwai-pwa success
2026-08-06 08:02:47 [DASHBOARD] ✅ fb-pwa success
2026-08-06 08:02:47 [DASHBOARD] ✅ fb-h5 success
2026-08-06 08:02:47 [DASHBOARD] ✅ 其他 success
2026-08-06 08:02:47 [DASHBOARD] ✅ tt-pwa success
2026-08-06 08:02:47 [DASHBOARD] ✅ fb-pwa-b success
2026-08-06 08:02:47 [DASHBOARD] Brazil now : 2026-08-05 21:02:25.040928-03:00
2026-08-06 08:02:47 [DASHBOARD] Report day : 2026-08-05
2026-08-06 08:02:47 [DASHBOARD] Yesterday  : 2026-08-04
2026-08-06 08:02:47 [DASHBOARD] Hour start : 2026-08-04 03:00:00+00:00
2026-08-06 08:02:47 [DASHBOARD] Hour end   : 2026-08-04 23:59:59+00:00
2026-08-06 08:02:47 [DASHBOARD] Brazil now : 2026-08-05 21:02:25.040928-03:00
2026-08-06 08:02:47 [DASHBOARD] Hour start : 2026-08-04 03:00:00+00:00
2026-08-06 08:02:47 [DASHBOARD] Hour end   : 2026-08-04 23:59:59+00:00
2026-08-06 08:02:47 [DASHBOARD] ✅ hour ALL_TOTAL
2026-08-06 08:02:47 [DASHBOARD] ✅ hour 其他
2026-08-06 08:02:47 [DASHBOARD] ✅ hour fb-ios
2026-08-06 08:02:47 [DASHBOARD] ✅ hour fb-pwa-b
2026-08-06 08:02:47 [DASHBOARD] ✅ hour kwai-pwa
2026-08-06 08:02:47 [DASHBOARD] ✅ hour fb-pwa
2026-08-06 08:02:47 [DASHBOARD] ✅ hour fb-h5
2026-08-06 08:02:47 [DASHBOARD] ✅ hour 上架包
2026-08-06 08:02:47 [DASHBOARD] ✅ hour tt-pwa
2026-08-06 08:02:47 [DASHBOARD] ✅ hour DL
2026-08-06 08:02:47 [DASHBOARD] ✅ hour fb-pwa-a
2026-08-06 08:02:47 [DASHBOARD] ✅ retention ALL
2026-08-06 08:02:47 [DASHBOARD] ✅ retention fb-h5
2026-08-06 08:02:47 [DASHBOARD] ✅ retention fb-ios
2026-08-06 08:02:47 [DASHBOARD] ✅ retention tt-pwa
2026-08-06 08:02:47 [DASHBOARD] ✅ retention 上架包
2026-08-06 08:02:47 [DASHBOARD] ✅ retention fb-pwa-a
2026-08-06 08:02:47 [DASHBOARD] ✅ retention kwai-pwa
2026-08-06 08:02:47 [DASHBOARD] ✅ retention 其他
2026-08-06 08:02:47 [DASHBOARD] ✅ retention fb-pwa-b
2026-08-06 08:02:47 [DASHBOARD] ✅ retention fb-pwa
2026-08-06 08:02:47 [DASHBOARD] ✅ retention DL
2026-08-06 08:02:47 [DASHBOARD] Loading realtime data...
2026-08-06 08:02:47 [DASHBOARD] ✅ realtime 2026-08-05
2026-08-06 08:02:47 [DASHBOARD] ✅ realtime 2026-08-04
2026-08-06 08:02:47 [DASHBOARD] ✅ realtime 2026-08-03
2026-08-06 08:02:47 [DASHBOARD] ✅ realtime 2026-08-02
2026-08-06 08:02:47 [DASHBOARD] ✅ Saved: /Users/xiaoruan/Documents/76b-getdata/23e.json
2026-08-06 08:02:47 [DASHBOARD] ✅ Commit success
2026-08-06 08:02:47 [DASHBOARD] ✅ GitHub updated
2026-08-06 08:02:47 [DASHBOARD] ✅ Done
2026-08-06 08:02:47 [DASHBOARD] ✅ 推广汇总更新完成
2026-08-06 08:38:26 [shujugenjin] ---> [1/25] 正在处理: Site 73J
2026-08-06 08:38:29 [shujugenjin] ---> [2/25] 正在处理: Site 23E
2026-08-06 08:38:32 [shujugenjin] ---> [3/25] 正在处理: Site 23A
2026-08-06 08:38:36 [shujugenjin] ---> [4/25] 正在处理: Site NN22
2026-08-06 08:38:41 [shujugenjin] ---> [5/25] 正在处理: Site 76B
2026-08-06 08:38:44 [shujugenjin] ---> [6/25] 正在处理: Site 5BBB
2026-08-06 08:38:47 [shujugenjin] ---> [7/25] 正在处理: Site XXX7
2026-08-06 08:38:50 [shujugenjin] ---> [8/25] 正在处理: Site WW33
2026-08-06 08:38:53 [shujugenjin] ---> [9/25] 正在处理: Site 55UU
2026-08-06 08:38:56 [shujugenjin] ---> [10/25] 正在处理: Site EE44
2026-08-06 08:38:58 [shujugenjin] ---> [11/25] 正在处理: Site BB22
2026-08-06 08:39:01 [shujugenjin] ---> [12/25] 正在处理: Site 7JJJ
2026-08-06 08:39:04 [shujugenjin] ---> [13/25] 正在处理: Site XXX1
2026-08-06 08:39:07 [shujugenjin] ---> [14/25] 正在处理: Site 44WW
2026-08-06 08:39:10 [shujugenjin] ---> [15/25] 正在处理: Site 33NN
2026-08-06 08:39:13 [shujugenjin] ---> [16/25] 正在处理: Site RR66
2026-08-06 08:39:15 [shujugenjin] ---> [17/25] 正在处理: Site KK44
2026-08-06 08:39:18 [shujugenjin] ---> [18/25] 正在处理: Site 33CC
2026-08-06 08:39:20 [shujugenjin] ---> [19/25] 正在处理: Site 22CC
2026-08-06 08:39:23 [shujugenjin] ---> [20/25] 正在处理: Site 77SS
2026-08-06 08:39:26 [shujugenjin] ---> [21/25] 正在处理: Site 11CC
2026-08-06 08:39:28 [shujugenjin] ---> [22/25] 正在处理: Site 99SS
2026-08-06 08:39:32 [shujugenjin] ---> [23/25] 正在处理: Site 66AA
2026-08-06 08:39:35 [shujugenjin] ---> [24/25] 正在处理: Site 77GG
2026-08-06 08:39:38 [shujugenjin] ---> [25/25] 正在处理: Site 77BB
2026-08-06 08:40:06 [shujugenjin] 🎉所有站点综合分析图片及文字报告已成功发送至 Telegram！
2026-08-06 09:00:00 [DASHBOARD] 🚀 Run: 2026-08-06 09:00:00.083131
2026-08-06 09:01:01 [DASHBOARD] ✅ ALL_TOTAL success
2026-08-06 09:01:01 [DASHBOARD] ✅ fb-pwa-b success
2026-08-06 09:01:01 [DASHBOARD] ✅ 上架包 success
2026-08-06 09:01:01 [DASHBOARD] ✅ fb-h5-b success
2026-08-06 09:01:01 [DASHBOARD] ✅ fb-pwa success
2026-08-06 09:01:01 [DASHBOARD] ✅ kwai-pwa success
2026-08-06 09:01:01 [DASHBOARD] ✅ fb-h5-a success
2026-08-06 09:01:01 [DASHBOARD] ✅ tt-pwa success
2026-08-06 09:01:01 [DASHBOARD] ✅ tt-h5 success
2026-08-06 09:01:01 [DASHBOARD] ✅ fb-ios success
2026-08-06 09:01:01 [DASHBOARD] ✅ fb-pwa-a success
2026-08-06 09:01:01 [DASHBOARD] ✅ DL success
2026-08-06 09:01:01 [DASHBOARD] ✅ 其他 success
2026-08-06 09:01:01 [DASHBOARD] Brazil now : 2026-08-05 22:00:00.228506-03:00
2026-08-06 09:01:01 [DASHBOARD] Report day : 2026-08-05
2026-08-06 09:01:01 [DASHBOARD] Yesterday  : 2026-08-04
2026-08-06 09:01:01 [DASHBOARD] Hour start : 2026-08-04 03:00:00+00:00
2026-08-06 09:01:01 [DASHBOARD] Hour end   : 2026-08-05 00:59:59+00:00
2026-08-06 09:01:01 [DASHBOARD] Brazil now : 2026-08-05 22:00:00.228506-03:00
2026-08-06 09:01:01 [DASHBOARD] Hour start : 2026-08-04 03:00:00+00:00
2026-08-06 09:01:01 [DASHBOARD] Hour end   : 2026-08-05 00:59:59+00:00
2026-08-06 09:01:01 [DASHBOARD] ✅ hour ALL_TOTAL
2026-08-06 09:01:01 [DASHBOARD] ✅ hour fb-pwa-a
2026-08-06 09:01:01 [DASHBOARD] ✅ hour fb-pwa-b
2026-08-06 09:01:01 [DASHBOARD] ✅ hour 上架包
2026-08-06 09:01:01 [DASHBOARD] ✅ hour tt-h5
2026-08-06 09:01:01 [DASHBOARD] ✅ hour fb-ios
2026-08-06 09:01:01 [DASHBOARD] ✅ hour kwai-pwa
2026-08-06 09:01:01 [DASHBOARD] ✅ hour fb-pwa
2026-08-06 09:01:01 [DASHBOARD] ✅ hour tt-pwa
2026-08-06 09:01:01 [DASHBOARD] ✅ hour fb-h5-b
2026-08-06 09:01:01 [DASHBOARD] ✅ hour fb-h5-a
2026-08-06 09:01:01 [DASHBOARD] ✅ hour 其他
2026-08-06 09:01:01 [DASHBOARD] ✅ hour DL
2026-08-06 09:01:01 [DASHBOARD] ✅ retention ALL
2026-08-06 09:01:01 [DASHBOARD] ✅ retention fb-pwa-b
2026-08-06 09:01:01 [DASHBOARD] ✅ retention fb-pwa-a
2026-08-06 09:01:01 [DASHBOARD] ✅ retention 上架包
2026-08-06 09:01:01 [DASHBOARD] ✅ retention tt-pwa
2026-08-06 09:01:01 [DASHBOARD] ✅ retention fb-h5-a
2026-08-06 09:01:01 [DASHBOARD] ✅ retention fb-h5-b
2026-08-06 09:01:01 [DASHBOARD] ✅ retention fb-ios
2026-08-06 09:01:01 [DASHBOARD] ✅ retention fb-pwa
2026-08-06 09:01:01 [DASHBOARD] ✅ retention tt-h5
2026-08-06 09:01:01 [DASHBOARD] ✅ retention kwai-pwa
2026-08-06 09:01:01 [DASHBOARD] ✅ retention 其他
2026-08-06 09:01:01 [DASHBOARD] ✅ retention DL
2026-08-06 09:01:01 [DASHBOARD] Loading realtime data...
2026-08-06 09:01:01 [DASHBOARD] ✅ realtime 2026-08-05
2026-08-06 09:01:01 [DASHBOARD] ✅ realtime 2026-08-04
2026-08-06 09:01:01 [DASHBOARD] ✅ realtime 2026-08-03
2026-08-06 09:01:01 [DASHBOARD] ✅ realtime 2026-08-02
2026-08-06 09:01:01 [DASHBOARD] ✅ Saved: /Users/xiaoruan/Documents/76b-getdata/data.json
2026-08-06 09:01:01 [DASHBOARD] ✅ Commit success
2026-08-06 09:01:01 [DASHBOARD] ✅ GitHub updated
2026-08-06 09:01:30 [DASHBOARD] ✅ ALL_TOTAL success
2026-08-06 09:01:30 [DASHBOARD] ✅ 其他 success
2026-08-06 09:01:30 [DASHBOARD] ✅ fb-pwa-a success
2026-08-06 09:01:30 [DASHBOARD] ✅ fb-h5-a success
2026-08-06 09:01:30 [DASHBOARD] ✅ fb-h5 success
2026-08-06 09:01:30 [DASHBOARD] ✅ 回访 success
2026-08-06 09:01:30 [DASHBOARD] ✅ tt-pwa success
2026-08-06 09:01:30 [DASHBOARD] ✅ fb-ios success
2026-08-06 09:01:30 [DASHBOARD] ✅ fb-pwa success
2026-08-06 09:01:30 [DASHBOARD] ✅ ws-h5 success
2026-08-06 09:01:30 [DASHBOARD] ✅ kwai-pwa success
2026-08-06 09:01:30 [DASHBOARD] ✅ dsp-h5 success
2026-08-06 09:01:30 [DASHBOARD] Brazil now : 2026-08-05 22:01:01.560326-03:00
2026-08-06 09:01:30 [DASHBOARD] Report day : 2026-08-05
2026-08-06 09:01:30 [DASHBOARD] Yesterday  : 2026-08-04
2026-08-06 09:01:30 [DASHBOARD] Hour start : 2026-08-04 03:00:00+00:00
2026-08-06 09:01:30 [DASHBOARD] Hour end   : 2026-08-05 00:59:59+00:00
2026-08-06 09:01:30 [DASHBOARD] Brazil now : 2026-08-05 22:01:01.560326-03:00
2026-08-06 09:01:30 [DASHBOARD] Hour start : 2026-08-04 03:00:00+00:00
2026-08-06 09:01:30 [DASHBOARD] Hour end   : 2026-08-05 00:59:59+00:00
2026-08-06 09:01:30 [DASHBOARD] ✅ hour ALL_TOTAL
2026-08-06 09:01:30 [DASHBOARD] ✅ hour tt-pwa
2026-08-06 09:01:30 [DASHBOARD] ✅ hour kwai-pwa
2026-08-06 09:01:30 [DASHBOARD] ✅ hour 回访
2026-08-06 09:01:30 [DASHBOARD] ✅ hour fb-h5-a
2026-08-06 09:01:30 [DASHBOARD] ✅ hour fb-pwa
2026-08-06 09:01:30 [DASHBOARD] ✅ hour fb-ios
2026-08-06 09:01:30 [DASHBOARD] ✅ hour fb-h5
2026-08-06 09:01:30 [DASHBOARD] ✅ hour dsp-h5
2026-08-06 09:01:30 [DASHBOARD] ✅ hour 其他
2026-08-06 09:01:30 [DASHBOARD] ✅ hour fb-pwa-a
2026-08-06 09:01:30 [DASHBOARD] ✅ hour ws-h5
2026-08-06 09:01:30 [DASHBOARD] ✅ retention ALL
2026-08-06 09:01:30 [DASHBOARD] ✅ retention kwai-pwa
2026-08-06 09:01:30 [DASHBOARD] ✅ retention 其他
2026-08-06 09:01:30 [DASHBOARD] ✅ retention fb-pwa-a
2026-08-06 09:01:30 [DASHBOARD] ✅ retention 回访
2026-08-06 09:01:30 [DASHBOARD] ✅ retention fb-pwa
2026-08-06 09:01:30 [DASHBOARD] ✅ retention fb-h5-a
2026-08-06 09:01:30 [DASHBOARD] ✅ retention fb-ios
2026-08-06 09:01:30 [DASHBOARD] ✅ retention dsp-h5
2026-08-06 09:01:30 [DASHBOARD] ✅ retention fb-h5
2026-08-06 09:01:30 [DASHBOARD] ✅ retention tt-pwa
2026-08-06 09:01:30 [DASHBOARD] ✅ retention ws-h5
2026-08-06 09:01:30 [DASHBOARD] Loading realtime data...
2026-08-06 09:01:30 [DASHBOARD] ✅ realtime 2026-08-05
2026-08-06 09:01:30 [DASHBOARD] ✅ realtime 2026-08-04
2026-08-06 09:01:30 [DASHBOARD] ✅ realtime 2026-08-03
2026-08-06 09:01:30 [DASHBOARD] ✅ realtime 2026-08-02
2026-08-06 09:01:30 [DASHBOARD] ✅ Saved: /Users/xiaoruan/Documents/76b-getdata/nn22.json
2026-08-06 09:01:30 [DASHBOARD] ✅ Commit success
2026-08-06 09:01:30 [DASHBOARD] ✅ GitHub updated
2026-08-06 09:01:57 [DASHBOARD] ✅ ALL_TOTAL success
2026-08-06 09:01:57 [DASHBOARD] ✅ fb-ios success
2026-08-06 09:01:57 [DASHBOARD] ✅ tt-pwa success
2026-08-06 09:01:57 [DASHBOARD] ✅ fb-pwa-a success
2026-08-06 09:01:57 [DASHBOARD] ✅ fb-pwa success
2026-08-06 09:01:57 [DASHBOARD] ✅ kwai-pwa success
2026-08-06 09:01:57 [DASHBOARD] ✅ 上架包 success
2026-08-06 09:01:57 [DASHBOARD] ✅ fb-pwa-b success
2026-08-06 09:01:57 [DASHBOARD] ✅ DL success
2026-08-06 09:01:57 [DASHBOARD] ✅ fb-h5 success
2026-08-06 09:01:57 [DASHBOARD] ✅ fb-h5-a success
2026-08-06 09:01:57 [DASHBOARD] ✅ 其他 success
2026-08-06 09:01:57 [DASHBOARD] ✅ ws-h5 success
2026-08-06 09:01:57 [DASHBOARD] Brazil now : 2026-08-05 22:01:30.979506-03:00
2026-08-06 09:01:57 [DASHBOARD] Report day : 2026-08-05
2026-08-06 09:01:57 [DASHBOARD] Yesterday  : 2026-08-04
2026-08-06 09:01:57 [DASHBOARD] Hour start : 2026-08-04 03:00:00+00:00
2026-08-06 09:01:57 [DASHBOARD] Hour end   : 2026-08-05 00:59:59+00:00
2026-08-06 09:01:57 [DASHBOARD] Brazil now : 2026-08-05 22:01:30.979506-03:00
2026-08-06 09:01:57 [DASHBOARD] Hour start : 2026-08-04 03:00:00+00:00
2026-08-06 09:01:57 [DASHBOARD] Hour end   : 2026-08-05 00:59:59+00:00
2026-08-06 09:01:57 [DASHBOARD] ✅ hour ALL_TOTAL
2026-08-06 09:01:57 [DASHBOARD] ✅ hour fb-h5
2026-08-06 09:01:57 [DASHBOARD] ✅ hour fb-ios
2026-08-06 09:01:57 [DASHBOARD] ✅ hour fb-h5-a
2026-08-06 09:01:57 [DASHBOARD] ✅ hour fb-pwa-b
2026-08-06 09:01:57 [DASHBOARD] ✅ hour kwai-pwa
2026-08-06 09:01:57 [DASHBOARD] ✅ hour 上架包
2026-08-06 09:01:57 [DASHBOARD] ✅ hour fb-pwa-a
2026-08-06 09:01:57 [DASHBOARD] ✅ hour DL
2026-08-06 09:01:57 [DASHBOARD] ✅ hour fb-pwa
2026-08-06 09:01:57 [DASHBOARD] ✅ hour ws-h5
2026-08-06 09:01:57 [DASHBOARD] ✅ hour 其他
2026-08-06 09:01:57 [DASHBOARD] ✅ hour tt-pwa
2026-08-06 09:01:57 [DASHBOARD] ✅ retention ALL
2026-08-06 09:01:57 [DASHBOARD] ✅ retention DL
2026-08-06 09:01:57 [DASHBOARD] ✅ retention fb-pwa
2026-08-06 09:01:57 [DASHBOARD] ✅ retention 上架包
2026-08-06 09:01:57 [DASHBOARD] ✅ retention fb-pwa-a
2026-08-06 09:01:57 [DASHBOARD] ✅ retention kwai-pwa
2026-08-06 09:01:57 [DASHBOARD] ✅ retention fb-h5-a
2026-08-06 09:01:57 [DASHBOARD] ✅ retention tt-pwa
2026-08-06 09:01:57 [DASHBOARD] ✅ retention fb-pwa-b
2026-08-06 09:01:57 [DASHBOARD] ✅ retention fb-ios
2026-08-06 09:01:57 [DASHBOARD] ✅ retention fb-h5
2026-08-06 09:01:57 [DASHBOARD] ✅ retention ws-h5
2026-08-06 09:01:57 [DASHBOARD] ✅ retention 其他
2026-08-06 09:01:57 [DASHBOARD] Loading realtime data...
2026-08-06 09:01:57 [DASHBOARD] ✅ realtime 2026-08-05
2026-08-06 09:01:57 [DASHBOARD] ✅ realtime 2026-08-04
2026-08-06 09:01:57 [DASHBOARD] ✅ realtime 2026-08-03
2026-08-06 09:01:57 [DASHBOARD] ✅ realtime 2026-08-02
2026-08-06 09:01:57 [DASHBOARD] ✅ Saved: /Users/xiaoruan/Documents/76b-getdata/23a.json
2026-08-06 09:01:57 [DASHBOARD] ✅ Commit success
2026-08-06 09:01:57 [DASHBOARD] ✅ GitHub updated
2026-08-06 09:02:20 [DASHBOARD] ✅ ALL_TOTAL success
2026-08-06 09:02:20 [DASHBOARD] ✅ fb-ios success
2026-08-06 09:02:20 [DASHBOARD] ✅ fb-pwa-b success
2026-08-06 09:02:20 [DASHBOARD] ✅ fb-pwa success
2026-08-06 09:02:20 [DASHBOARD] ✅ fb-pwa-a success
2026-08-06 09:02:20 [DASHBOARD] ✅ 上架包 success
2026-08-06 09:02:20 [DASHBOARD] ✅ fb-h5 success
2026-08-06 09:02:20 [DASHBOARD] ✅ tt-pwa success
2026-08-06 09:02:20 [DASHBOARD] ✅ kwai-pwa success
2026-08-06 09:02:20 [DASHBOARD] ✅ 其他 success
2026-08-06 09:02:20 [DASHBOARD] ✅ DL success
2026-08-06 09:02:20 [DASHBOARD] Brazil now : 2026-08-05 22:01:57.971063-03:00
2026-08-06 09:02:20 [DASHBOARD] Report day : 2026-08-05
2026-08-06 09:02:20 [DASHBOARD] Yesterday  : 2026-08-04
2026-08-06 09:02:20 [DASHBOARD] Hour start : 2026-08-04 03:00:00+00:00
2026-08-06 09:02:20 [DASHBOARD] Hour end   : 2026-08-05 00:59:59+00:00
2026-08-06 09:02:20 [DASHBOARD] Brazil now : 2026-08-05 22:01:57.971063-03:00
2026-08-06 09:02:20 [DASHBOARD] Hour start : 2026-08-04 03:00:00+00:00
2026-08-06 09:02:20 [DASHBOARD] Hour end   : 2026-08-05 00:59:59+00:00
2026-08-06 09:02:20 [DASHBOARD] ✅ hour ALL_TOTAL
2026-08-06 09:02:20 [DASHBOARD] ✅ hour kwai-pwa
2026-08-06 09:02:20 [DASHBOARD] ✅ hour fb-h5
2026-08-06 09:02:20 [DASHBOARD] ✅ hour 其他
2026-08-06 09:02:20 [DASHBOARD] ✅ hour fb-pwa-b
2026-08-06 09:02:20 [DASHBOARD] ✅ hour fb-pwa
2026-08-06 09:02:20 [DASHBOARD] ✅ hour tt-pwa
2026-08-06 09:02:20 [DASHBOARD] ✅ hour 上架包
2026-08-06 09:02:20 [DASHBOARD] ✅ hour fb-ios
2026-08-06 09:02:20 [DASHBOARD] ✅ hour DL
2026-08-06 09:02:20 [DASHBOARD] ✅ hour fb-pwa-a
2026-08-06 09:02:20 [DASHBOARD] ✅ retention ALL
2026-08-06 09:02:20 [DASHBOARD] ✅ retention 其他
2026-08-06 09:02:20 [DASHBOARD] ✅ retention tt-pwa
2026-08-06 09:02:20 [DASHBOARD] ✅ retention fb-ios
2026-08-06 09:02:20 [DASHBOARD] ✅ retention fb-pwa-b
2026-08-06 09:02:20 [DASHBOARD] ✅ retention fb-pwa
2026-08-06 09:02:20 [DASHBOARD] ✅ retention kwai-pwa
2026-08-06 09:02:20 [DASHBOARD] ✅ retention fb-pwa-a
2026-08-06 09:02:20 [DASHBOARD] ✅ retention DL
2026-08-06 09:02:20 [DASHBOARD] ✅ retention 上架包
2026-08-06 09:02:20 [DASHBOARD] ✅ retention fb-h5
2026-08-06 09:02:20 [DASHBOARD] Loading realtime data...
2026-08-06 09:02:20 [DASHBOARD] ✅ realtime 2026-08-05
2026-08-06 09:02:20 [DASHBOARD] ✅ realtime 2026-08-04
2026-08-06 09:02:20 [DASHBOARD] ✅ realtime 2026-08-03
2026-08-06 09:02:20 [DASHBOARD] ✅ realtime 2026-08-02
2026-08-06 09:02:20 [DASHBOARD] ✅ Saved: /Users/xiaoruan/Documents/76b-getdata/23e.json
2026-08-06 09:02:20 [DASHBOARD] ✅ Commit success
2026-08-06 09:02:20 [DASHBOARD] ✅ GitHub updated
2026-08-06 09:02:20 [DASHBOARD] ✅ Done
2026-08-06 09:02:20 [DASHBOARD] ✅ 推广汇总更新完成
2026-08-06 09:59:59 [DASHBOARD] 🚀 Run: 2026-08-06 09:59:59.952165
2026-08-06 10:01:14 [DASHBOARD] ✅ ALL_TOTAL success
2026-08-06 10:01:14 [DASHBOARD] ✅ fb-pwa-a success
2026-08-06 10:01:14 [DASHBOARD] ✅ 上架包 success
2026-08-06 10:01:14 [DASHBOARD] ✅ fb-ios success
2026-08-06 10:01:14 [DASHBOARD] ✅ fb-pwa-b success
2026-08-06 10:01:14 [DASHBOARD] ✅ fb-h5-b success
2026-08-06 10:01:14 [DASHBOARD] ✅ fb-h5-a success
2026-08-06 10:01:14 [DASHBOARD] ✅ tt-h5 success
2026-08-06 10:01:14 [DASHBOARD] ✅ kwai-pwa success
2026-08-06 10:01:14 [DASHBOARD] ✅ tt-pwa success
2026-08-06 10:01:14 [DASHBOARD] ✅ fb-pwa success
2026-08-06 10:01:14 [DASHBOARD] ✅ 其他 success
2026-08-06 10:01:14 [DASHBOARD] ✅ DL success
2026-08-06 10:01:14 [DASHBOARD] Brazil now : 2026-08-05 23:00:00.125676-03:00
2026-08-06 10:01:14 [DASHBOARD] Report day : 2026-08-05
2026-08-06 10:01:14 [DASHBOARD] Yesterday  : 2026-08-04
2026-08-06 10:01:14 [DASHBOARD] Hour start : 2026-08-04 03:00:00+00:00
2026-08-06 10:01:14 [DASHBOARD] Hour end   : 2026-08-05 01:59:59+00:00
2026-08-06 10:01:14 [DASHBOARD] Brazil now : 2026-08-05 23:00:00.125676-03:00
2026-08-06 10:01:14 [DASHBOARD] Hour start : 2026-08-04 03:00:00+00:00
2026-08-06 10:01:14 [DASHBOARD] Hour end   : 2026-08-05 01:59:59+00:00
2026-08-06 10:01:14 [DASHBOARD] ✅ hour ALL_TOTAL
2026-08-06 10:01:14 [DASHBOARD] ✅ hour fb-ios
2026-08-06 10:01:14 [DASHBOARD] ✅ hour fb-h5-a
2026-08-06 10:01:14 [DASHBOARD] ✅ hour fb-pwa
2026-08-06 10:01:14 [DASHBOARD] ✅ hour kwai-pwa
2026-08-06 10:01:14 [DASHBOARD] ✅ hour tt-pwa
2026-08-06 10:01:14 [DASHBOARD] ✅ hour fb-pwa-b
2026-08-06 10:01:14 [DASHBOARD] ✅ hour fb-pwa-a
2026-08-06 10:01:14 [DASHBOARD] ✅ hour fb-h5-b
2026-08-06 10:01:14 [DASHBOARD] ✅ hour tt-h5
2026-08-06 10:01:14 [DASHBOARD] ✅ hour 上架包
2026-08-06 10:01:14 [DASHBOARD] ✅ hour 其他
2026-08-06 10:01:14 [DASHBOARD] ✅ hour DL
2026-08-06 10:01:14 [DASHBOARD] ✅ retention ALL
2026-08-06 10:01:14 [DASHBOARD] ✅ retention tt-h5
2026-08-06 10:01:14 [DASHBOARD] ✅ retention fb-ios
2026-08-06 10:01:14 [DASHBOARD] ✅ retention tt-pwa
2026-08-06 10:01:14 [DASHBOARD] ✅ retention fb-h5-b
2026-08-06 10:01:14 [DASHBOARD] ✅ retention fb-h5-a
2026-08-06 10:01:14 [DASHBOARD] ✅ retention fb-pwa
2026-08-06 10:01:14 [DASHBOARD] ✅ retention fb-pwa-a
2026-08-06 10:01:14 [DASHBOARD] ✅ retention fb-pwa-b
2026-08-06 10:01:14 [DASHBOARD] ✅ retention 上架包
2026-08-06 10:01:14 [DASHBOARD] ✅ retention kwai-pwa
2026-08-06 10:01:14 [DASHBOARD] ✅ retention DL
2026-08-06 10:01:14 [DASHBOARD] ✅ retention 其他
2026-08-06 10:01:14 [DASHBOARD] Loading realtime data...
2026-08-06 10:01:14 [DASHBOARD] ✅ realtime 2026-08-05
2026-08-06 10:01:14 [DASHBOARD] ✅ realtime 2026-08-04
2026-08-06 10:01:14 [DASHBOARD] ✅ realtime 2026-08-03
2026-08-06 10:01:14 [DASHBOARD] ✅ realtime 2026-08-02
2026-08-06 10:01:14 [DASHBOARD] ✅ Saved: /Users/xiaoruan/Documents/76b-getdata/data.json
2026-08-06 10:01:14 [DASHBOARD] ✅ Commit success
2026-08-06 10:01:14 [DASHBOARD] ✅ GitHub updated
2026-08-06 10:01:44 [DASHBOARD] ✅ ALL_TOTAL success
2026-08-06 10:01:44 [DASHBOARD] ✅ dsp-h5 success
2026-08-06 10:01:44 [DASHBOARD] ✅ 其他 success
2026-08-06 10:01:44 [DASHBOARD] ✅ kwai-pwa success
2026-08-06 10:01:44 [DASHBOARD] ✅ fb-pwa-a success
2026-08-06 10:01:44 [DASHBOARD] ✅ fb-h5-a success
2026-08-06 10:01:44 [DASHBOARD] ✅ tt-pwa success
2026-08-06 10:01:44 [DASHBOARD] ✅ fb-h5 success
2026-08-06 10:01:44 [DASHBOARD] ✅ ws-h5 success
2026-08-06 10:01:44 [DASHBOARD] ✅ fb-pwa success
2026-08-06 10:01:44 [DASHBOARD] ✅ 回访 success
2026-08-06 10:01:44 [DASHBOARD] ✅ fb-ios success
2026-08-06 10:01:44 [DASHBOARD] Brazil now : 2026-08-05 23:01:14.777043-03:00
2026-08-06 10:01:44 [DASHBOARD] Report day : 2026-08-05
2026-08-06 10:01:44 [DASHBOARD] Yesterday  : 2026-08-04
2026-08-06 10:01:44 [DASHBOARD] Hour start : 2026-08-04 03:00:00+00:00
2026-08-06 10:01:44 [DASHBOARD] Hour end   : 2026-08-05 01:59:59+00:00
2026-08-06 10:01:44 [DASHBOARD] Brazil now : 2026-08-05 23:01:14.777043-03:00
2026-08-06 10:01:44 [DASHBOARD] Hour start : 2026-08-04 03:00:00+00:00
2026-08-06 10:01:44 [DASHBOARD] Hour end   : 2026-08-05 01:59:59+00:00
2026-08-06 10:01:44 [DASHBOARD] ✅ hour ALL_TOTAL
2026-08-06 10:01:44 [DASHBOARD] ✅ hour fb-h5-a
2026-08-06 10:01:44 [DASHBOARD] ✅ hour fb-pwa-a
2026-08-06 10:01:44 [DASHBOARD] ✅ hour tt-pwa
2026-08-06 10:01:44 [DASHBOARD] ✅ hour 其他
2026-08-06 10:01:44 [DASHBOARD] ✅ hour fb-pwa
2026-08-06 10:01:44 [DASHBOARD] ✅ hour 回访
2026-08-06 10:01:44 [DASHBOARD] ✅ hour fb-h5
2026-08-06 10:01:44 [DASHBOARD] ✅ hour kwai-pwa
2026-08-06 10:01:44 [DASHBOARD] ✅ hour dsp-h5
2026-08-06 10:01:44 [DASHBOARD] ✅ hour fb-ios
2026-08-06 10:01:44 [DASHBOARD] ✅ hour ws-h5
2026-08-06 10:01:44 [DASHBOARD] ✅ retention ALL
2026-08-06 10:01:44 [DASHBOARD] ✅ retention dsp-h5
2026-08-06 10:01:44 [DASHBOARD] ✅ retention fb-ios
2026-08-06 10:01:44 [DASHBOARD] ✅ retention 回访
2026-08-06 10:01:44 [DASHBOARD] ✅ retention 其他
2026-08-06 10:01:44 [DASHBOARD] ✅ retention tt-pwa
2026-08-06 10:01:44 [DASHBOARD] ✅ retention fb-h5-a
2026-08-06 10:01:44 [DASHBOARD] ✅ retention kwai-pwa
2026-08-06 10:01:44 [DASHBOARD] ✅ retention fb-pwa-a
2026-08-06 10:01:44 [DASHBOARD] ✅ retention fb-pwa
2026-08-06 10:01:44 [DASHBOARD] ✅ retention fb-h5
2026-08-06 10:01:44 [DASHBOARD] ✅ retention ws-h5
2026-08-06 10:01:44 [DASHBOARD] Loading realtime data...
2026-08-06 10:01:44 [DASHBOARD] ✅ realtime 2026-08-05
2026-08-06 10:01:44 [DASHBOARD] ✅ realtime 2026-08-04
2026-08-06 10:01:44 [DASHBOARD] ✅ realtime 2026-08-03
2026-08-06 10:01:44 [DASHBOARD] ✅ realtime 2026-08-02
2026-08-06 10:01:44 [DASHBOARD] ✅ Saved: /Users/xiaoruan/Documents/76b-getdata/nn22.json
2026-08-06 10:01:44 [DASHBOARD] ✅ Commit success
2026-08-06 10:01:44 [DASHBOARD] ✅ GitHub updated
2026-08-06 10:02:12 [DASHBOARD] ✅ ALL_TOTAL success
2026-08-06 10:02:12 [DASHBOARD] ✅ 上架包 success
2026-08-06 10:02:12 [DASHBOARD] ✅ fb-ios success
2026-08-06 10:02:12 [DASHBOARD] ✅ DL success
2026-08-06 10:02:12 [DASHBOARD] ✅ kwai-pwa success
2026-08-06 10:02:12 [DASHBOARD] ✅ fb-h5 success
2026-08-06 10:02:12 [DASHBOARD] ✅ fb-h5-a success
2026-08-06 10:02:12 [DASHBOARD] ✅ fb-pwa-b success
2026-08-06 10:02:12 [DASHBOARD] ✅ fb-pwa success
2026-08-06 10:02:12 [DASHBOARD] ✅ tt-pwa success
2026-08-06 10:02:12 [DASHBOARD] ✅ 其他 success
2026-08-06 10:02:12 [DASHBOARD] ✅ fb-pwa-a success
2026-08-06 10:02:12 [DASHBOARD] ✅ ws-h5 success
2026-08-06 10:02:12 [DASHBOARD] Brazil now : 2026-08-05 23:01:44.772285-03:00
2026-08-06 10:02:12 [DASHBOARD] Report day : 2026-08-05
2026-08-06 10:02:12 [DASHBOARD] Yesterday  : 2026-08-04
2026-08-06 10:02:12 [DASHBOARD] Hour start : 2026-08-04 03:00:00+00:00
2026-08-06 10:02:12 [DASHBOARD] Hour end   : 2026-08-05 01:59:59+00:00
2026-08-06 10:02:12 [DASHBOARD] Brazil now : 2026-08-05 23:01:44.772285-03:00
2026-08-06 10:02:12 [DASHBOARD] Hour start : 2026-08-04 03:00:00+00:00
2026-08-06 10:02:12 [DASHBOARD] Hour end   : 2026-08-05 01:59:59+00:00
2026-08-06 10:02:12 [DASHBOARD] ✅ hour ALL_TOTAL
2026-08-06 10:02:12 [DASHBOARD] ✅ hour fb-ios
2026-08-06 10:02:12 [DASHBOARD] ✅ hour fb-h5-a
2026-08-06 10:02:12 [DASHBOARD] ✅ hour kwai-pwa
2026-08-06 10:02:12 [DASHBOARD] ✅ hour fb-pwa-b
2026-08-06 10:02:12 [DASHBOARD] ✅ hour 上架包
2026-08-06 10:02:12 [DASHBOARD] ✅ hour fb-pwa
2026-08-06 10:02:12 [DASHBOARD] ✅ hour DL
2026-08-06 10:02:12 [DASHBOARD] ✅ hour tt-pwa
2026-08-06 10:02:12 [DASHBOARD] ✅ hour ws-h5
2026-08-06 10:02:12 [DASHBOARD] ✅ hour 其他
2026-08-06 10:02:12 [DASHBOARD] ✅ hour fb-h5
2026-08-06 10:02:12 [DASHBOARD] ✅ hour fb-pwa-a
2026-08-06 10:02:12 [DASHBOARD] ✅ retention ALL
2026-08-06 10:02:12 [DASHBOARD] ✅ retention fb-h5-a
2026-08-06 10:02:12 [DASHBOARD] ✅ retention fb-h5
2026-08-06 10:02:12 [DASHBOARD] ✅ retention fb-pwa
2026-08-06 10:02:12 [DASHBOARD] ✅ retention fb-ios
2026-08-06 10:02:12 [DASHBOARD] ✅ retention fb-pwa-b
2026-08-06 10:02:12 [DASHBOARD] ✅ retention DL
2026-08-06 10:02:12 [DASHBOARD] ✅ retention 上架包
2026-08-06 10:02:12 [DASHBOARD] ✅ retention tt-pwa
2026-08-06 10:02:12 [DASHBOARD] ✅ retention kwai-pwa
2026-08-06 10:02:12 [DASHBOARD] ✅ retention 其他
2026-08-06 10:02:12 [DASHBOARD] ✅ retention fb-pwa-a
2026-08-06 10:02:12 [DASHBOARD] ✅ retention ws-h5
2026-08-06 10:02:12 [DASHBOARD] Loading realtime data...
2026-08-06 10:02:12 [DASHBOARD] ✅ realtime 2026-08-05
2026-08-06 10:02:12 [DASHBOARD] ✅ realtime 2026-08-04
2026-08-06 10:02:12 [DASHBOARD] ✅ realtime 2026-08-03
2026-08-06 10:02:12 [DASHBOARD] ✅ realtime 2026-08-02
2026-08-06 10:02:12 [DASHBOARD] ✅ Saved: /Users/xiaoruan/Documents/76b-getdata/23a.json
2026-08-06 10:02:12 [DASHBOARD] ✅ Commit success
2026-08-06 10:02:12 [DASHBOARD] ✅ GitHub updated
2026-08-06 10:02:36 [DASHBOARD] ✅ ALL_TOTAL success
2026-08-06 10:02:36 [DASHBOARD] ✅ fb-h5 success
2026-08-06 10:02:36 [DASHBOARD] ✅ fb-pwa-a success
2026-08-06 10:02:36 [DASHBOARD] ✅ fb-ios success
2026-08-06 10:02:36 [DASHBOARD] ✅ fb-pwa success
2026-08-06 10:02:36 [DASHBOARD] ✅ fb-pwa-b success
2026-08-06 10:02:36 [DASHBOARD] ✅ tt-pwa success
2026-08-06 10:02:36 [DASHBOARD] ✅ kwai-pwa success
2026-08-06 10:02:36 [DASHBOARD] ✅ DL success
2026-08-06 10:02:36 [DASHBOARD] ✅ 其他 success
2026-08-06 10:02:36 [DASHBOARD] ✅ 上架包 success
2026-08-06 10:02:36 [DASHBOARD] Brazil now : 2026-08-05 23:02:12.659100-03:00
2026-08-06 10:02:36 [DASHBOARD] Report day : 2026-08-05
2026-08-06 10:02:36 [DASHBOARD] Yesterday  : 2026-08-04
2026-08-06 10:02:36 [DASHBOARD] Hour start : 2026-08-04 03:00:00+00:00
2026-08-06 10:02:36 [DASHBOARD] Hour end   : 2026-08-05 01:59:59+00:00
2026-08-06 10:02:36 [DASHBOARD] Brazil now : 2026-08-05 23:02:12.659100-03:00
2026-08-06 10:02:36 [DASHBOARD] Hour start : 2026-08-04 03:00:00+00:00
2026-08-06 10:02:36 [DASHBOARD] Hour end   : 2026-08-05 01:59:59+00:00
2026-08-06 10:02:36 [DASHBOARD] ✅ hour ALL_TOTAL
2026-08-06 10:02:36 [DASHBOARD] ✅ hour kwai-pwa
2026-08-06 10:02:36 [DASHBOARD] ✅ hour tt-pwa
2026-08-06 10:02:36 [DASHBOARD] ✅ hour fb-ios
2026-08-06 10:02:36 [DASHBOARD] ✅ hour 其他
2026-08-06 10:02:36 [DASHBOARD] ✅ hour 上架包
2026-08-06 10:02:36 [DASHBOARD] ✅ hour DL
2026-08-06 10:02:36 [DASHBOARD] ✅ hour fb-pwa
2026-08-06 10:02:36 [DASHBOARD] ✅ hour fb-pwa-b
2026-08-06 10:02:36 [DASHBOARD] ✅ hour fb-h5
2026-08-06 10:02:36 [DASHBOARD] ✅ hour fb-pwa-a
2026-08-06 10:02:36 [DASHBOARD] ✅ retention ALL
2026-08-06 10:02:36 [DASHBOARD] ✅ retention 其他
2026-08-06 10:02:36 [DASHBOARD] ✅ retention fb-h5
2026-08-06 10:02:36 [DASHBOARD] ✅ retention tt-pwa
2026-08-06 10:02:36 [DASHBOARD] ✅ retention fb-pwa
2026-08-06 10:02:36 [DASHBOARD] ✅ retention fb-ios
2026-08-06 10:02:36 [DASHBOARD] ✅ retention 上架包
2026-08-06 10:02:36 [DASHBOARD] ✅ retention fb-pwa-a
2026-08-06 10:02:36 [DASHBOARD] ✅ retention fb-pwa-b
2026-08-06 10:02:36 [DASHBOARD] ✅ retention kwai-pwa
2026-08-06 10:02:36 [DASHBOARD] ✅ retention DL
2026-08-06 10:02:36 [DASHBOARD] Loading realtime data...
2026-08-06 10:02:36 [DASHBOARD] ✅ realtime 2026-08-05
2026-08-06 10:02:36 [DASHBOARD] ✅ realtime 2026-08-04
2026-08-06 10:02:36 [DASHBOARD] ✅ realtime 2026-08-03
2026-08-06 10:02:36 [DASHBOARD] ✅ realtime 2026-08-02
2026-08-06 10:02:36 [DASHBOARD] ✅ Saved: /Users/xiaoruan/Documents/76b-getdata/23e.json
2026-08-06 10:02:36 [DASHBOARD] ✅ Commit success
2026-08-06 10:02:36 [DASHBOARD] ✅ GitHub updated
2026-08-06 10:02:36 [DASHBOARD] ✅ Done
2026-08-06 10:02:36 [DASHBOARD] ✅ 推广汇总更新完成
2026-08-06 11:00:00 [DASHBOARD] 🚀 Run: 2026-08-06 10:59:59.983669
2026-08-06 11:00:59 [DASHBOARD] ✅ ALL_TOTAL success
2026-08-06 11:00:59 [DASHBOARD] ✅ 上架包 success
2026-08-06 11:00:59 [DASHBOARD] ✅ fb-ios success
2026-08-06 11:00:59 [DASHBOARD] ✅ tt-h5 success
2026-08-06 11:00:59 [DASHBOARD] ✅ fb-pwa-b success
2026-08-06 11:00:59 [DASHBOARD] ✅ fb-pwa success
2026-08-06 11:00:59 [DASHBOARD] ✅ fb-h5-b success
2026-08-06 11:00:59 [DASHBOARD] ✅ tt-pwa success
2026-08-06 11:00:59 [DASHBOARD] ✅ fb-pwa-a success
2026-08-06 11:00:59 [DASHBOARD] ✅ kwai-pwa success
2026-08-06 11:00:59 [DASHBOARD] ✅ DL success
2026-08-06 11:00:59 [DASHBOARD] ✅ 其他 success
2026-08-06 11:00:59 [DASHBOARD] ✅ fb-h5-a success
2026-08-06 11:00:59 [DASHBOARD] Brazil now : 2026-08-06 00:00:00.149375-03:00
2026-08-06 11:00:59 [DASHBOARD] Report day : 2026-08-05
2026-08-06 11:00:59 [DASHBOARD] Yesterday  : 2026-08-04
2026-08-06 11:00:59 [DASHBOARD] Hour start : 2026-08-04 03:00:00+00:00
2026-08-06 11:00:59 [DASHBOARD] Hour end   : 2026-08-05 02:59:59+00:00
2026-08-06 11:00:59 [DASHBOARD] Brazil now : 2026-08-06 00:00:00.149375-03:00
2026-08-06 11:00:59 [DASHBOARD] Hour start : 2026-08-04 03:00:00+00:00
2026-08-06 11:00:59 [DASHBOARD] Hour end   : 2026-08-05 02:59:59+00:00
2026-08-06 11:00:59 [DASHBOARD] ✅ hour ALL_TOTAL
2026-08-06 11:00:59 [DASHBOARD] ❌ hour fb-h5-a Expecting value: line 1 column 1 (char 0)
2026-08-06 11:00:59 [DASHBOARD] ❌ hour fb-ios Expecting value: line 1 column 1 (char 0)
2026-08-06 11:00:59 [DASHBOARD] ✅ hour tt-pwa
2026-08-06 11:00:59 [DASHBOARD] ✅ hour fb-h5-b
2026-08-06 11:00:59 [DASHBOARD] ✅ hour 上架包
2026-08-06 11:00:59 [DASHBOARD] ✅ hour fb-pwa-a
2026-08-06 11:00:59 [DASHBOARD] ✅ hour kwai-pwa
2026-08-06 11:00:59 [DASHBOARD] ✅ hour fb-pwa-b
2026-08-06 11:00:59 [DASHBOARD] ✅ hour tt-h5
2026-08-06 11:00:59 [DASHBOARD] ✅ hour fb-pwa
2026-08-06 11:00:59 [DASHBOARD] ✅ hour 其他
2026-08-06 11:00:59 [DASHBOARD] ✅ hour DL
2026-08-06 11:00:59 [DASHBOARD] ✅ retention ALL
2026-08-06 11:00:59 [DASHBOARD] ✅ retention tt-h5
2026-08-06 11:00:59 [DASHBOARD] ✅ retention fb-pwa
2026-08-06 11:00:59 [DASHBOARD] ✅ retention tt-pwa
2026-08-06 11:00:59 [DASHBOARD] ✅ retention 上架包
2026-08-06 11:00:59 [DASHBOARD] ✅ retention fb-h5-b
2026-08-06 11:00:59 [DASHBOARD] ✅ retention fb-h5-a
2026-08-06 11:00:59 [DASHBOARD] ✅ retention fb-pwa-a
2026-08-06 11:00:59 [DASHBOARD] ✅ retention kwai-pwa
2026-08-06 11:00:59 [DASHBOARD] ✅ retention fb-pwa-b
2026-08-06 11:00:59 [DASHBOARD] ✅ retention fb-ios
2026-08-06 11:00:59 [DASHBOARD] ✅ retention DL
2026-08-06 11:00:59 [DASHBOARD] ✅ retention 其他
2026-08-06 11:00:59 [DASHBOARD] Loading realtime data...
2026-08-06 11:00:59 [DASHBOARD] ✅ realtime 2026-08-05
2026-08-06 11:00:59 [DASHBOARD] ✅ realtime 2026-08-04
2026-08-06 11:00:59 [DASHBOARD] ✅ realtime 2026-08-03
2026-08-06 11:00:59 [DASHBOARD] ✅ realtime 2026-08-02
2026-08-06 11:00:59 [DASHBOARD] ✅ Saved: /Users/xiaoruan/Documents/76b-getdata/data.json
2026-08-06 11:00:59 [DASHBOARD] ✅ Commit success
2026-08-06 11:00:59 [DASHBOARD] ✅ GitHub updated
2026-08-06 11:01:36 [DASHBOARD] ✅ ALL_TOTAL success
2026-08-06 11:01:36 [DASHBOARD] ✅ kwai-pwa success
2026-08-06 11:01:36 [DASHBOARD] ✅ fb-h5-a success
2026-08-06 11:01:36 [DASHBOARD] ✅ fb-pwa-a success
2026-08-06 11:01:36 [DASHBOARD] ✅ tt-pwa success
2026-08-06 11:01:36 [DASHBOARD] ✅ fb-pwa success
2026-08-06 11:01:36 [DASHBOARD] ✅ dsp-h5 success
2026-08-06 11:01:36 [DASHBOARD] ✅ 回访 success
2026-08-06 11:01:36 [DASHBOARD] ✅ fb-ios success
2026-08-06 11:01:36 [DASHBOARD] ✅ 其他 success
2026-08-06 11:01:36 [DASHBOARD] ✅ ws-h5 success
2026-08-06 11:01:36 [DASHBOARD] ✅ fb-h5 success
2026-08-06 11:01:36 [DASHBOARD] Brazil now : 2026-08-06 00:01:00.102546-03:00
2026-08-06 11:01:36 [DASHBOARD] Report day : 2026-08-05
2026-08-06 11:01:36 [DASHBOARD] Yesterday  : 2026-08-04
2026-08-06 11:01:36 [DASHBOARD] Hour start : 2026-08-04 03:00:00+00:00
2026-08-06 11:01:36 [DASHBOARD] Hour end   : 2026-08-05 02:59:59+00:00
2026-08-06 11:01:36 [DASHBOARD] Brazil now : 2026-08-06 00:01:00.102546-03:00
2026-08-06 11:01:36 [DASHBOARD] Hour start : 2026-08-04 03:00:00+00:00
2026-08-06 11:01:36 [DASHBOARD] Hour end   : 2026-08-05 02:59:59+00:00
2026-08-06 11:01:36 [DASHBOARD] ✅ hour ALL_TOTAL
2026-08-06 11:01:36 [DASHBOARD] ✅ hour fb-h5
2026-08-06 11:01:36 [DASHBOARD] ✅ hour fb-ios
2026-08-06 11:01:36 [DASHBOARD] ✅ hour fb-h5-a
2026-08-06 11:01:36 [DASHBOARD] ✅ hour tt-pwa
2026-08-06 11:01:36 [DASHBOARD] ✅ hour 其他
2026-08-06 11:01:36 [DASHBOARD] ✅ hour fb-pwa
2026-08-06 11:01:36 [DASHBOARD] ✅ hour 回访
2026-08-06 11:01:36 [DASHBOARD] ✅ hour fb-pwa-a
2026-08-06 11:01:36 [DASHBOARD] ✅ hour kwai-pwa
2026-08-06 11:01:36 [DASHBOARD] ✅ hour ws-h5
2026-08-06 11:01:36 [DASHBOARD] ✅ hour dsp-h5
2026-08-06 11:01:36 [DASHBOARD] ✅ retention ALL
2026-08-06 11:01:36 [DASHBOARD] ✅ retention fb-ios
2026-08-06 11:01:36 [DASHBOARD] ✅ retention dsp-h5
2026-08-06 11:01:36 [DASHBOARD] ✅ retention fb-h5
2026-08-06 11:01:36 [DASHBOARD] ✅ retention kwai-pwa
2026-08-06 11:01:36 [DASHBOARD] ✅ retention 其他
2026-08-06 11:01:36 [DASHBOARD] ✅ retention fb-pwa
2026-08-06 11:01:36 [DASHBOARD] ✅ retention fb-h5-a
2026-08-06 11:01:36 [DASHBOARD] ✅ retention tt-pwa
2026-08-06 11:01:36 [DASHBOARD] ✅ retention ws-h5
2026-08-06 11:01:36 [DASHBOARD] ✅ retention 回访
2026-08-06 11:01:36 [DASHBOARD] ✅ retention fb-pwa-a
2026-08-06 11:01:36 [DASHBOARD] Loading realtime data...
2026-08-06 11:01:36 [DASHBOARD] ✅ realtime 2026-08-05
2026-08-06 11:01:36 [DASHBOARD] ✅ realtime 2026-08-04
2026-08-06 11:01:36 [DASHBOARD] ✅ realtime 2026-08-03
2026-08-06 11:01:36 [DASHBOARD] ✅ realtime 2026-08-02
2026-08-06 11:01:36 [DASHBOARD] ✅ Saved: /Users/xiaoruan/Documents/76b-getdata/nn22.json
2026-08-06 11:01:36 [DASHBOARD] ✅ Commit success
2026-08-06 11:01:36 [DASHBOARD] ✅ GitHub updated
2026-08-06 11:02:06 [DASHBOARD] ✅ ALL_TOTAL success
2026-08-06 11:02:06 [DASHBOARD] ✅ fb-h5-a success
2026-08-06 11:02:06 [DASHBOARD] ✅ 上架包 success
2026-08-06 11:02:06 [DASHBOARD] ✅ kwai-pwa success
2026-08-06 11:02:06 [DASHBOARD] ✅ fb-ios success
2026-08-06 11:02:06 [DASHBOARD] ✅ tt-pwa success
2026-08-06 11:02:06 [DASHBOARD] ✅ fb-pwa-a success
2026-08-06 11:02:06 [DASHBOARD] ✅ ws-h5 success
2026-08-06 11:02:06 [DASHBOARD] ✅ fb-pwa success
2026-08-06 11:02:06 [DASHBOARD] ✅ fb-pwa-b success
2026-08-06 11:02:06 [DASHBOARD] ✅ fb-h5 success
2026-08-06 11:02:06 [DASHBOARD] ✅ DL success
2026-08-06 11:02:06 [DASHBOARD] ✅ 其他 success
2026-08-06 11:02:06 [DASHBOARD] Brazil now : 2026-08-06 00:01:36.818670-03:00
2026-08-06 11:02:06 [DASHBOARD] Report day : 2026-08-05
2026-08-06 11:02:06 [DASHBOARD] Yesterday  : 2026-08-04
2026-08-06 11:02:06 [DASHBOARD] Hour start : 2026-08-04 03:00:00+00:00
2026-08-06 11:02:06 [DASHBOARD] Hour end   : 2026-08-05 02:59:59+00:00
2026-08-06 11:02:06 [DASHBOARD] Brazil now : 2026-08-06 00:01:36.818670-03:00
2026-08-06 11:02:06 [DASHBOARD] Hour start : 2026-08-04 03:00:00+00:00
2026-08-06 11:02:06 [DASHBOARD] Hour end   : 2026-08-05 02:59:59+00:00
2026-08-06 11:02:06 [DASHBOARD] ✅ hour ALL_TOTAL
2026-08-06 11:02:06 [DASHBOARD] ✅ hour fb-ios
2026-08-06 11:02:06 [DASHBOARD] ✅ hour fb-h5-a
2026-08-06 11:02:06 [DASHBOARD] ✅ hour 上架包
2026-08-06 11:02:06 [DASHBOARD] ✅ hour kwai-pwa
2026-08-06 11:02:06 [DASHBOARD] ✅ hour fb-pwa
2026-08-06 11:02:06 [DASHBOARD] ✅ hour fb-pwa-a
2026-08-06 11:02:06 [DASHBOARD] ✅ hour tt-pwa
2026-08-06 11:02:06 [DASHBOARD] ✅ hour fb-h5
2026-08-06 11:02:06 [DASHBOARD] ✅ hour ws-h5
2026-08-06 11:02:06 [DASHBOARD] ✅ hour 其他
2026-08-06 11:02:06 [DASHBOARD] ✅ hour DL
2026-08-06 11:02:06 [DASHBOARD] ✅ hour fb-pwa-b
2026-08-06 11:02:06 [DASHBOARD] ✅ retention ALL
2026-08-06 11:02:06 [DASHBOARD] ✅ retention fb-h5
2026-08-06 11:02:06 [DASHBOARD] ✅ retention fb-h5-a
2026-08-06 11:02:06 [DASHBOARD] ✅ retention fb-pwa
2026-08-06 11:02:06 [DASHBOARD] ✅ retention kwai-pwa
2026-08-06 11:02:06 [DASHBOARD] ✅ retention fb-ios
2026-08-06 11:02:06 [DASHBOARD] ✅ retention DL
2026-08-06 11:02:06 [DASHBOARD] ✅ retention tt-pwa
2026-08-06 11:02:06 [DASHBOARD] ✅ retention fb-pwa-a
2026-08-06 11:02:06 [DASHBOARD] ✅ retention fb-pwa-b
2026-08-06 11:02:06 [DASHBOARD] ✅ retention 上架包
2026-08-06 11:02:06 [DASHBOARD] ✅ retention ws-h5
2026-08-06 11:02:06 [DASHBOARD] ✅ retention 其他
2026-08-06 11:02:06 [DASHBOARD] Loading realtime data...
2026-08-06 11:02:06 [DASHBOARD] ✅ realtime 2026-08-05
2026-08-06 11:02:06 [DASHBOARD] ✅ realtime 2026-08-04
2026-08-06 11:02:06 [DASHBOARD] ✅ realtime 2026-08-03
2026-08-06 11:02:06 [DASHBOARD] ✅ realtime 2026-08-02
2026-08-06 11:02:06 [DASHBOARD] ✅ Saved: /Users/xiaoruan/Documents/76b-getdata/23a.json
2026-08-06 11:02:06 [DASHBOARD] ✅ Commit success
2026-08-06 11:02:06 [DASHBOARD] ✅ GitHub updated
2026-08-06 11:02:42 [DASHBOARD] ✅ ALL_TOTAL success
2026-08-06 11:02:42 [DASHBOARD] ✅ fb-ios success
2026-08-06 11:02:42 [DASHBOARD] ✅ fb-h5 success
2026-08-06 11:02:42 [DASHBOARD] ✅ fb-pwa-b success
2026-08-06 11:02:42 [DASHBOARD] ✅ tt-pwa success
2026-08-06 11:02:42 [DASHBOARD] ✅ fb-pwa-a success
2026-08-06 11:02:42 [DASHBOARD] ✅ fb-pwa success
2026-08-06 11:02:42 [DASHBOARD] ✅ 上架包 success
2026-08-06 11:02:42 [DASHBOARD] ✅ kwai-pwa success
2026-08-06 11:02:42 [DASHBOARD] ✅ DL success
2026-08-06 11:02:42 [DASHBOARD] ✅ 其他 success
2026-08-06 11:02:42 [DASHBOARD] Brazil now : 2026-08-06 00:02:06.348404-03:00
2026-08-06 11:02:42 [DASHBOARD] Report day : 2026-08-05
2026-08-06 11:02:42 [DASHBOARD] Yesterday  : 2026-08-04
2026-08-06 11:02:42 [DASHBOARD] Hour start : 2026-08-04 03:00:00+00:00
2026-08-06 11:02:42 [DASHBOARD] Hour end   : 2026-08-05 02:59:59+00:00
2026-08-06 11:02:42 [DASHBOARD] Brazil now : 2026-08-06 00:02:06.348404-03:00
2026-08-06 11:02:42 [DASHBOARD] Hour start : 2026-08-04 03:00:00+00:00
2026-08-06 11:02:42 [DASHBOARD] Hour end   : 2026-08-05 02:59:59+00:00
2026-08-06 11:02:42 [DASHBOARD] ✅ hour ALL_TOTAL
2026-08-06 11:02:42 [DASHBOARD] ✅ hour 上架包
2026-08-06 11:02:42 [DASHBOARD] ✅ hour fb-ios
2026-08-06 11:02:42 [DASHBOARD] ✅ hour kwai-pwa
2026-08-06 11:02:42 [DASHBOARD] ✅ hour fb-pwa-b
2026-08-06 11:02:42 [DASHBOARD] ✅ hour fb-pwa-a
2026-08-06 11:02:42 [DASHBOARD] ✅ hour fb-h5
2026-08-06 11:02:42 [DASHBOARD] ✅ hour fb-pwa
2026-08-06 11:02:42 [DASHBOARD] ✅ hour 其他
2026-08-06 11:02:42 [DASHBOARD] ✅ hour DL
2026-08-06 11:02:42 [DASHBOARD] ✅ hour tt-pwa
2026-08-06 11:02:42 [DASHBOARD] ✅ retention ALL
2026-08-06 11:02:42 [DASHBOARD] ✅ retention fb-pwa
2026-08-06 11:02:42 [DASHBOARD] ✅ retention 其他
2026-08-06 11:02:42 [DASHBOARD] ✅ retention 上架包
2026-08-06 11:02:42 [DASHBOARD] ✅ retention tt-pwa
2026-08-06 11:02:42 [DASHBOARD] ✅ retention fb-pwa-a
2026-08-06 11:02:42 [DASHBOARD] ✅ retention kwai-pwa
2026-08-06 11:02:42 [DASHBOARD] ✅ retention fb-pwa-b
2026-08-06 11:02:42 [DASHBOARD] ✅ retention fb-ios
2026-08-06 11:02:42 [DASHBOARD] ✅ retention DL
2026-08-06 11:02:42 [DASHBOARD] ✅ retention fb-h5
2026-08-06 11:02:42 [DASHBOARD] Loading realtime data...
2026-08-06 11:02:42 [DASHBOARD] ✅ realtime 2026-08-05
2026-08-06 11:02:42 [DASHBOARD] ✅ realtime 2026-08-04
2026-08-06 11:02:42 [DASHBOARD] ✅ realtime 2026-08-03
2026-08-06 11:02:42 [DASHBOARD] ✅ realtime 2026-08-02
2026-08-06 11:02:42 [DASHBOARD] ✅ Saved: /Users/xiaoruan/Documents/76b-getdata/23e.json
2026-08-06 11:02:42 [DASHBOARD] ✅ Commit success
2026-08-06 11:02:42 [DASHBOARD] ✅ GitHub updated
2026-08-06 11:02:42 [DASHBOARD] ✅ Done
2026-08-06 11:02:42 [DASHBOARD] ✅ 推广汇总更新完成
2026-08-06 11:04:49 [TELEGRAM_BOT] 
2026-08-06 11:04:49 [TELEGRAM_BOT] 🚀 三方充值开始
2026-08-06 11:04:49 [TELEGRAM_BOT] 🇧🇷 日期: 2026-08-05
2026-08-06 11:04:49 [TELEGRAM_BOT] 创建导出响应状态: 200
2026-08-06 11:04:49 [TELEGRAM_BOT] ⏳ 等待任务生成...
2026-08-06 11:04:49 [TELEGRAM_BOT] 🎯 成功锁定专属任务 ID: 3353072 | 操作人: jqr73j | 创建时间: 2026-08-06T03:03:28.946Z
2026-08-06 11:04:49 [TELEGRAM_BOT] 生成中 (ID: 3353072, 状态: Exporting)...
2026-08-06 11:04:49 [TELEGRAM_BOT] 🎯 成功锁定专属任务 ID: 3353072 | 操作人: jqr73j | 创建时间: 2026-08-06T03:03:28.946Z
2026-08-06 11:04:49 [TELEGRAM_BOT] 生成中 (ID: 3353072, 状态: Exporting)...
2026-08-06 11:04:49 [TELEGRAM_BOT] 🎯 成功锁定专属任务 ID: 3353072 | 操作人: jqr73j | 创建时间: 2026-08-06T03:03:28.946Z
2026-08-06 11:04:49 [TELEGRAM_BOT] 生成中 (ID: 3353072, 状态: Exporting)...
2026-08-06 11:04:49 [TELEGRAM_BOT] 🎯 成功锁定专属任务 ID: 3353072 | 操作人: jqr73j | 创建时间: 2026-08-06T03:03:28.946Z
2026-08-06 11:04:49 [TELEGRAM_BOT] 生成中 (ID: 3353072, 状态: Exporting)...
2026-08-06 11:04:49 [TELEGRAM_BOT] 🎯 成功锁定专属任务 ID: 3353072 | 操作人: jqr73j | 创建时间: 2026-08-06T03:03:28.946Z
2026-08-06 11:04:49 [TELEGRAM_BOT] 生成中 (ID: 3353072, 状态: Exporting)...
2026-08-06 11:04:49 [TELEGRAM_BOT] 🎯 成功锁定专属任务 ID: 3353072 | 操作人: jqr73j | 创建时间: 2026-08-06T03:03:28.946Z
2026-08-06 11:04:49 [TELEGRAM_BOT] 生成中 (ID: 3353072, 状态: Exporting)...
2026-08-06 11:04:49 [TELEGRAM_BOT] 🎯 成功锁定专属任务 ID: 3353072 | 操作人: jqr73j | 创建时间: 2026-08-06T03:03:28.946Z
2026-08-06 11:04:49 [TELEGRAM_BOT] 生成中 (ID: 3353072, 状态: Exporting)...
2026-08-06 11:04:49 [TELEGRAM_BOT] 🎯 成功锁定专属任务 ID: 3353072 | 操作人: jqr73j | 创建时间: 2026-08-06T03:03:28.946Z
2026-08-06 11:04:49 [TELEGRAM_BOT] 生成中 (ID: 3353072, 状态: Exporting)...
2026-08-06 11:04:49 [TELEGRAM_BOT] 🎯 成功锁定专属任务 ID: 3353072 | 操作人: jqr73j | 创建时间: 2026-08-06T03:03:28.946Z
2026-08-06 11:04:49 [TELEGRAM_BOT] 生成中 (ID: 3353072, 状态: Exporting)...
2026-08-06 11:04:49 [TELEGRAM_BOT] 🎯 成功锁定专属任务 ID: 3353072 | 操作人: jqr73j | 创建时间: 2026-08-06T03:03:28.946Z
2026-08-06 11:04:49 [TELEGRAM_BOT] 生成中 (ID: 3353072, 状态: Exporting)...
2026-08-06 11:04:49 [TELEGRAM_BOT] 🎯 成功锁定专属任务 ID: 3353072 | 操作人: jqr73j | 创建时间: 2026-08-06T03:03:28.946Z
2026-08-06 11:04:49 [TELEGRAM_BOT] 导出完成: 3353072
2026-08-06 11:04:49 [TELEGRAM_BOT] Export ID: 3353072
2026-08-06 11:04:49 [TELEGRAM_BOT] CSV地址获取成功 (尝试 1): https://download-prod-5s.y-7-l-x.com/adb_data/success_pay_record-3901ae5e-3c04-4555-8c69-dfedc3ff0bb0.csv
2026-08-06 11:04:49 [TELEGRAM_BOT] 读取充值CSV...
2026-08-06 11:04:49 [TELEGRAM_BOT] 原始充值数量: 500069
2026-08-06 11:04:49 [TELEGRAM_BOT] CSV字段: ['会员id', '订单号', '外部订单号', '地区', '商户', '订单金额', '支付金额', '优惠金额', '上分金额', '支付方式', '支付渠道', '会员渠道', '订单状态', '金币状态', '创建时间', '完成时间', '订单备注']
2026-08-06 11:04:49 [TELEGRAM_BOT] 识别字段: 会员id 支付金额 会员渠道 完成时间
2026-08-06 11:04:49 [TELEGRAM_BOT] 合并后: 273123
2026-08-06 11:04:49 [TELEGRAM_BOT] 保存日期: ['2026-08-05' '2026-08-06']
2026-08-06 11:04:49 [TELEGRAM_BOT] ✅ 保存 SQLite，新增 273123 条
2026-08-06 11:04:49 [TELEGRAM_BOT] 
2026-08-06 11:04:49 [TELEGRAM_BOT] 🎉 全部完成
2026-08-06 11:04:49 [TELEGRAM_BOT] 耗时: 83.14 秒
2026-08-06 11:05:00 [QUANJU] ============================================================
2026-08-06 11:05:00 [QUANJU] 🚀 2026-08-06 00:05:00.346489-03:00
2026-08-06 11:06:23 [TELEGRAM_BOT] CSV最后日期: 2026-08-04
2026-08-06 11:06:23 [TELEGRAM_BOT] 开始: 2026-08-05
2026-08-06 11:06:23 [TELEGRAM_BOT] 结束: 2026-08-05
2026-08-06 11:06:23 [TELEGRAM_BOT] 需要更新: ['2026-08-05']
2026-08-06 11:06:23 [TELEGRAM_BOT] 🚀 创建: 2026-08-05
2026-08-06 11:06:23 [TELEGRAM_BOT] ✅ 创建成功，正在精准匹配并锁定专属 ID...
2026-08-06 11:06:23 [TELEGRAM_BOT] 🎯 成功锁定 Task ID: 3353165 | 操作人: jqr73j | 创建时间: 2026-08-06T03:05:12.004Z
2026-08-06 11:06:23 [TELEGRAM_BOT] 状态 [ID: 3353165]: Exporting (1/60)
2026-08-06 11:06:23 [TELEGRAM_BOT] 状态 [ID: 3353165]: Exporting (2/60)
2026-08-06 11:06:23 [TELEGRAM_BOT] 状态 [ID: 3353165]: Exporting (3/60)
2026-08-06 11:06:23 [TELEGRAM_BOT] 状态 [ID: 3353165]: Exporting (4/60)
2026-08-06 11:06:23 [TELEGRAM_BOT] 状态 [ID: 3353165]: Exporting (5/60)
2026-08-06 11:06:23 [TELEGRAM_BOT] 状态 [ID: 3353165]: Exporting (6/60)
2026-08-06 11:06:23 [TELEGRAM_BOT] 状态 [ID: 3353165]: ExportSuccess (7/60)
2026-08-06 11:06:23 [TELEGRAM_BOT] ⬇️ 下载: 2026-08-05
2026-08-06 11:06:23 [TELEGRAM_BOT] 下载地址 (尝试 1): https://download-prod-5s.y-7-l-x.com/adb_data/user_day_data-02492f68-5005-4a93-ad10-b14c8d8fca5a.csv
2026-08-06 11:06:23 [TELEGRAM_BOT] 📥 写入 SQLite: 2026-08-05
2026-08-06 11:06:23 [TELEGRAM_BOT] ✅ 保存 SQLite，新增 188082 条
2026-08-06 11:06:23 [TELEGRAM_BOT] 
2026-08-06 11:06:23 [TELEGRAM_BOT] 🎉 全部更新完成
2026-08-06 11:08:04 [TELEGRAM_BOT] ============================================================
2026-08-06 11:08:04 [TELEGRAM_BOT] 🚀 开始计算留存
2026-08-06 11:08:04 [TELEGRAM_BOT] ============================================================
2026-08-06 11:08:04 [TELEGRAM_BOT] 首充数量: 435518
2026-08-06 11:08:04 [TELEGRAM_BOT] 充值数量: 273123
2026-08-06 11:08:04 [TELEGRAM_BOT] 开始清理数据...
2026-08-06 11:08:04 [TELEGRAM_BOT] 清理完成
2026-08-06 11:08:04 [TELEGRAM_BOT] 
2026-08-06 11:08:04 [TELEGRAM_BOT] 首充数据: 435518
2026-08-06 11:08:04 [TELEGRAM_BOT] 充值数据: 273123
2026-08-06 11:08:04 [TELEGRAM_BOT] 
2026-08-06 11:08:04 [TELEGRAM_BOT] 建立充值索引...
2026-08-06 11:08:04 [TELEGRAM_BOT] 充值会员: 273120
2026-08-06 11:08:04 [TELEGRAM_BOT] 开始计算...
2026-08-06 11:08:04 [TELEGRAM_BOT] 生成行: 2227
2026-08-06 11:08:04 [TELEGRAM_BOT] 计算耗时: 77.93 秒
2026-08-06 11:08:04 [TELEGRAM_BOT] 
2026-08-06 11:08:04 [TELEGRAM_BOT] 计算完成
2026-08-06 11:08:04 [TELEGRAM_BOT] 
2026-08-06 11:08:04 [TELEGRAM_BOT] 输出行数: 2227
2026-08-06 11:08:04 [TELEGRAM_BOT] 
2026-08-06 11:08:04 [TELEGRAM_BOT] 准备上传留存1...
2026-08-06 11:08:04 [TELEGRAM_BOT] 旧数据删除完成（保留第1、2行）
2026-08-06 11:08:04 [TELEGRAM_BOT] 准备上传 2229 行
2026-08-06 11:08:04 [TELEGRAM_BOT] 上传 A3
2026-08-06 11:08:04 [TELEGRAM_BOT] ✅ 73J更新完成
2026-08-06 11:08:04 [TELEGRAM_BOT] 
2026-08-06 11:08:04 [TELEGRAM_BOT] ============================================================
2026-08-06 11:08:04 [TELEGRAM_BOT] ✅ 留存计算-上传完成
2026-08-06 11:08:04 [TELEGRAM_BOT] 耗时: 82.81 秒
2026-08-06 11:08:04 [TELEGRAM_BOT] ============================================================
2026-08-06 11:09:15 [TELEGRAM_BOT] 
2026-08-06 11:09:15 [TELEGRAM_BOT] 🚀 三方充值开始
2026-08-06 11:09:15 [TELEGRAM_BOT] 🇧🇷 日期: 2026-08-05
2026-08-06 11:09:15 [TELEGRAM_BOT] 创建导出响应状态: 200
2026-08-06 11:09:15 [TELEGRAM_BOT] ⏳ 等待任务生成...
2026-08-06 11:09:15 [TELEGRAM_BOT] 🎯 成功锁定专属任务 ID: 190950 | 操作人: jiqiren23e | 创建时间: 2026-08-06T03:08:36.920Z
2026-08-06 11:09:15 [TELEGRAM_BOT] 生成中 (ID: 190950, 状态: Exporting)...
2026-08-06 11:09:15 [TELEGRAM_BOT] 🎯 成功锁定专属任务 ID: 190950 | 操作人: jiqiren23e | 创建时间: 2026-08-06T03:08:36.920Z
2026-08-06 11:09:15 [TELEGRAM_BOT] 生成中 (ID: 190950, 状态: Exporting)...
2026-08-06 11:09:15 [TELEGRAM_BOT] 🎯 成功锁定专属任务 ID: 190950 | 操作人: jiqiren23e | 创建时间: 2026-08-06T03:08:36.920Z
2026-08-06 11:09:15 [TELEGRAM_BOT] 生成中 (ID: 190950, 状态: Exporting)...
2026-08-06 11:09:15 [TELEGRAM_BOT] 🎯 成功锁定专属任务 ID: 190950 | 操作人: jiqiren23e | 创建时间: 2026-08-06T03:08:36.920Z
2026-08-06 11:09:15 [TELEGRAM_BOT] 生成中 (ID: 190950, 状态: Exporting)...
2026-08-06 11:09:15 [TELEGRAM_BOT] 🎯 成功锁定专属任务 ID: 190950 | 操作人: jiqiren23e | 创建时间: 2026-08-06T03:08:36.920Z
2026-08-06 11:09:15 [TELEGRAM_BOT] 生成中 (ID: 190950, 状态: Exporting)...
2026-08-06 11:09:15 [TELEGRAM_BOT] 🎯 成功锁定专属任务 ID: 190950 | 操作人: jiqiren23e | 创建时间: 2026-08-06T03:08:36.920Z
2026-08-06 11:09:15 [TELEGRAM_BOT] 生成中 (ID: 190950, 状态: Exporting)...
2026-08-06 11:09:15 [TELEGRAM_BOT] 🎯 成功锁定专属任务 ID: 190950 | 操作人: jiqiren23e | 创建时间: 2026-08-06T03:08:36.920Z
2026-08-06 11:09:15 [TELEGRAM_BOT] 导出完成: 190950
2026-08-06 11:09:15 [TELEGRAM_BOT] Export ID: 190950
2026-08-06 11:09:15 [TELEGRAM_BOT] CSV地址获取成功 (尝试 1): https://download-prod-6s.c-9-m-1.com/adb_data/success_pay_record-6ee19f81-3ec5-448e-86b9-67fd35c53b3d.csv
2026-08-06 11:09:15 [TELEGRAM_BOT] 读取充值CSV...
2026-08-06 11:09:15 [TELEGRAM_BOT] 原始充值数量: 141372
2026-08-06 11:09:15 [TELEGRAM_BOT] CSV字段: ['会员id', '订单号', '外部订单号', '地区', '商户', '订单金额', '支付金额', '优惠金额', '上分金额', '支付方式', '支付渠道', '会员渠道', '订单状态', '金币状态', '创建时间', '完成时间', '订单备注']
2026-08-06 11:09:15 [TELEGRAM_BOT] 识别字段: 会员id 支付金额 会员渠道 完成时间
2026-08-06 11:09:15 [TELEGRAM_BOT] 合并后: 83587
2026-08-06 11:09:15 [TELEGRAM_BOT] 保存日期: ['2026-08-05']
2026-08-06 11:09:15 [TELEGRAM_BOT] ✅ 保存 SQLite，新增 83587 条
2026-08-06 11:09:15 [TELEGRAM_BOT] 
2026-08-06 11:09:15 [TELEGRAM_BOT] 🎉 全部完成
2026-08-06 11:09:15 [TELEGRAM_BOT] 耗时: 39.2 秒
2026-08-06 11:09:50 [QUANJU] 🇧🇷 Brazil Time : 2026-08-06 00:05:03.026891-03:00
2026-08-06 11:09:50 [QUANJU] 📅 Query Date : 2026-08-05
2026-08-06 11:09:50 [QUANJU] 
2026-08-06 11:09:50 [QUANJU] ================================================================================
2026-08-06 11:09:50 [QUANJU] JS-团队-每日全局报表
2026-08-06 11:09:50 [QUANJU] ================================================================================
2026-08-06 11:09:50 [QUANJU] 🚀 开始并发获取数据...
2026-08-06 11:09:50 [QUANJU] 
2026-08-06 11:09:50 [QUANJU] ============================================================
2026-08-06 11:09:50 [QUANJU] 开始获取： 15016-73J
2026-08-06 11:09:50 [QUANJU] ============================================================
2026-08-06 11:09:50 [QUANJU] 
2026-08-06 11:09:50 [QUANJU] ============================================================
2026-08-06 11:09:50 [QUANJU] 开始获取： 16028-23E
2026-08-06 11:09:50 [QUANJU] ============================================================
2026-08-06 11:09:50 [QUANJU] 
2026-08-06 11:09:50 [QUANJU] ============================================================
2026-08-06 11:09:50 [QUANJU] 开始获取： 16021-23A
2026-08-06 11:09:50 [QUANJU] ============================================================
2026-08-06 11:09:50 [QUANJU] dashboard: 200
2026-08-06 11:09:50 [QUANJU] dashboard: 200
2026-08-06 11:09:50 [QUANJU] dashboard: 200
2026-08-06 11:09:50 [QUANJU] gameRecord: 200
2026-08-06 11:09:50 [QUANJU] gameRecord: 200
2026-08-06 11:09:50 [QUANJU] assetsChange: 200
2026-08-06 11:09:50 [QUANJU] 
2026-08-06 11:09:50 [QUANJU] ➡️ Website=16028-23E | AppType=全部
2026-08-06 11:09:50 [QUANJU] assetsChange: 200
2026-08-06 11:09:50 [QUANJU] 
2026-08-06 11:09:50 [QUANJU] ➡️ Website=16021-23A | AppType=全部
2026-08-06 11:09:50 [QUANJU] HTTP Status = 200
2026-08-06 11:09:50 [QUANJU] ✅ Total = 304633
2026-08-06 11:09:50 [QUANJU] 
2026-08-06 11:09:50 [QUANJU] ➡️ Website=16028-23E | AppType=安卓H5
2026-08-06 11:09:50 [QUANJU] HTTP Status = 200
2026-08-06 11:09:50 [QUANJU] ✅ Total = 289264
2026-08-06 11:09:50 [QUANJU] 
2026-08-06 11:09:50 [QUANJU] ➡️ Website=16021-23A | AppType=安卓H5
2026-08-06 11:09:50 [QUANJU] gameRecord: 200
2026-08-06 11:09:50 [QUANJU] HTTP Status = 200
2026-08-06 11:09:50 [QUANJU] ✅ Total = 4543
2026-08-06 11:09:50 [QUANJU] 
2026-08-06 11:09:50 [QUANJU] ➡️ Website=16028-23E | AppType=苹果H5
2026-08-06 11:09:50 [QUANJU] HTTP Status = 200
2026-08-06 11:09:50 [QUANJU] ✅ Total = 4232
2026-08-06 11:09:50 [QUANJU] 
2026-08-06 11:09:50 [QUANJU] ➡️ Website=16021-23A | AppType=苹果H5
2026-08-06 11:09:50 [QUANJU] HTTP Status = 200
2026-08-06 11:09:50 [QUANJU] ✅ Total = 1804
2026-08-06 11:09:50 [QUANJU] 
2026-08-06 11:09:50 [QUANJU] ➡️ Website=16028-23E | AppType=PWA
2026-08-06 11:09:50 [QUANJU] HTTP Status = 429
2026-08-06 11:09:50 [QUANJU] ⚠️ 操作太频繁，3 giây sau thử lại...
2026-08-06 11:09:50 [QUANJU] HTTP Status = 200
2026-08-06 11:09:50 [QUANJU] ✅ Total = 2538
2026-08-06 11:09:50 [QUANJU] 
2026-08-06 11:09:50 [QUANJU] ➡️ Website=16021-23A | AppType=PWA
2026-08-06 11:09:50 [QUANJU] HTTP Status = 429
2026-08-06 11:09:50 [QUANJU] ⚠️ 操作太频繁，3 giây sau thử lại...
2026-08-06 11:09:50 [QUANJU] assetsChange: 200
2026-08-06 11:09:50 [QUANJU] 
2026-08-06 11:09:50 [QUANJU] ➡️ Website=15016-73J | AppType=全部
2026-08-06 11:09:50 [QUANJU] HTTP Status = 429
2026-08-06 11:09:50 [QUANJU] ⚠️ 操作太频繁，3 giây sau thử lại...
2026-08-06 11:09:50 [QUANJU] HTTP Status = 429
2026-08-06 11:09:50 [QUANJU] ⚠️ 操作太频繁，3 giây sau thử lại...
2026-08-06 11:09:50 [QUANJU] HTTP Status = 200
2026-08-06 11:09:50 [QUANJU] ✅ Total = 479889
2026-08-06 11:09:50 [QUANJU] 
2026-08-06 11:09:50 [QUANJU] ➡️ Website=15016-73J | AppType=安卓H5
2026-08-06 11:09:50 [QUANJU] HTTP Status = 200
2026-08-06 11:09:50 [QUANJU] ✅ Total = 16719
2026-08-06 11:09:50 [QUANJU] 
2026-08-06 11:09:50 [QUANJU] ➡️ Website=15016-73J | AppType=苹果H5
2026-08-06 11:09:50 [QUANJU] HTTP Status = 200
2026-08-06 11:09:50 [QUANJU] ✅ Total = 248274
2026-08-06 11:09:50 [QUANJU] 
2026-08-06 11:09:50 [QUANJU] ➡️ Website=16028-23E | AppType=APK
2026-08-06 11:09:50 [QUANJU] HTTP Status = 429
2026-08-06 11:09:50 [QUANJU] ⚠️ 操作太频繁，3 giây sau thử lại...
2026-08-06 11:09:50 [QUANJU] HTTP Status = 200
2026-08-06 11:09:50 [QUANJU] ✅ Total = 229790
2026-08-06 11:09:50 [QUANJU] 
2026-08-06 11:09:50 [QUANJU] ➡️ Website=16021-23A | AppType=APK
2026-08-06 11:09:50 [QUANJU] HTTP Status = 429
2026-08-06 11:09:50 [QUANJU] ⚠️ 操作太频繁，3 giây sau thử lại...
2026-08-06 11:09:50 [QUANJU] HTTP Status = 200
2026-08-06 11:09:50 [QUANJU] ✅ Total = 9157
2026-08-06 11:09:50 [QUANJU] 
2026-08-06 11:09:50 [QUANJU] ➡️ Website=15016-73J | AppType=PWA
2026-08-06 11:09:50 [QUANJU] HTTP Status = 200
2026-08-06 11:09:50 [QUANJU] ✅ Total = 400115
2026-08-06 11:09:50 [QUANJU] 
2026-08-06 11:09:50 [QUANJU] ➡️ Website=15016-73J | AppType=APK
2026-08-06 11:09:50 [QUANJU] HTTP Status = 200
2026-08-06 11:09:50 [QUANJU] ✅ Total = 46851
2026-08-06 11:09:50 [QUANJU] 
2026-08-06 11:09:50 [QUANJU] ➡️ Website=16028-23E | AppType=苹果APP
2026-08-06 11:09:50 [QUANJU] HTTP Status = 429
2026-08-06 11:09:50 [QUANJU] ⚠️ 操作太频繁，3 giây sau thử lại...
2026-08-06 11:09:50 [QUANJU] HTTP Status = 200
2026-08-06 11:09:50 [QUANJU] ✅ Total = 52321
2026-08-06 11:09:50 [QUANJU] 
2026-08-06 11:09:50 [QUANJU] ➡️ Website=16021-23A | AppType=苹果APP
2026-08-06 11:09:50 [QUANJU] HTTP Status = 200
2026-08-06 11:09:50 [QUANJU] ✅ Total = 0
2026-08-06 11:09:50 [QUANJU] ⚠️ TOTAL = 0
2026-08-06 11:09:50 [QUANJU] {
2026-08-06 11:09:50 [QUANJU]   "result": {
2026-08-06 11:09:50 [QUANJU]     "data": {
2026-08-06 11:09:50 [QUANJU]       "json": {
2026-08-06 11:09:50 [QUANJU]         "userList": {
2026-08-06 11:09:50 [QUANJU]           "pageData": [],
2026-08-06 11:09:50 [QUANJU]           "total": 0
2026-08-06 11:09:50 [QUANJU]         }
2026-08-06 11:09:50 [QUANJU]       }
2026-08-06 11:09:50 [QUANJU]     }
2026-08-06 11:09:50 [QUANJU]   }
2026-08-06 11:09:50 [QUANJU] }
2026-08-06 11:09:50 [QUANJU] 
2026-08-06 11:09:50 [QUANJU] ➡️ Website=16021-23A | AppType=电脑系统
2026-08-06 11:09:50 [QUANJU] HTTP Status = 429
2026-08-06 11:09:50 [QUANJU] ⚠️ 操作太频繁，3 giây sau thử lại...
2026-08-06 11:09:50 [QUANJU] HTTP Status = 200
2026-08-06 11:09:50 [QUANJU] ✅ Total = 46726
2026-08-06 11:09:50 [QUANJU] 
2026-08-06 11:09:50 [QUANJU] ➡️ Website=15016-73J | AppType=苹果APP
2026-08-06 11:09:50 [QUANJU] HTTP Status = 429
2026-08-06 11:09:50 [QUANJU] ⚠️ 操作太频繁，3 giây sau thử lại...
2026-08-06 11:09:50 [QUANJU] HTTP Status = 200
2026-08-06 11:09:50 [QUANJU] ✅ Total = 687
2026-08-06 11:09:50 [QUANJU] 
2026-08-06 11:09:50 [QUANJU] ➡️ Website=16028-23E | AppType=电脑系统
2026-08-06 11:09:50 [QUANJU] HTTP Status = 429
2026-08-06 11:09:50 [QUANJU] ⚠️ 操作太频繁，3 giây sau thử lại...
2026-08-06 11:09:50 [QUANJU] HTTP Status = 200
2026-08-06 11:09:50 [QUANJU] ✅ Total = 155
2026-08-06 11:09:50 [QUANJU] 
2026-08-06 11:09:50 [QUANJU] ============================================================
2026-08-06 11:09:50 [QUANJU] 开始获取： 16011-NN22
2026-08-06 11:09:50 [QUANJU] ============================================================
2026-08-06 11:09:50 [QUANJU] dashboard: 200
2026-08-06 11:09:50 [QUANJU] gameRecord: 200
2026-08-06 11:09:50 [QUANJU] assetsChange: 200
2026-08-06 11:09:50 [QUANJU] 
2026-08-06 11:09:50 [QUANJU] ➡️ Website=16011-NN22 | AppType=全部
2026-08-06 11:09:50 [QUANJU] HTTP Status = 200
2026-08-06 11:09:50 [QUANJU] ✅ Total = 1510
2026-08-06 11:09:50 [QUANJU] 
2026-08-06 11:09:50 [QUANJU] ➡️ Website=15016-73J | AppType=电脑系统
2026-08-06 11:09:50 [QUANJU] HTTP Status = 200
2026-08-06 11:09:50 [QUANJU] ✅ Total = 113
2026-08-06 11:09:50 [QUANJU] 
2026-08-06 11:09:50 [QUANJU] ============================================================
2026-08-06 11:09:50 [QUANJU] 开始获取： 2306-76B
2026-08-06 11:09:50 [QUANJU] ============================================================
2026-08-06 11:09:50 [QUANJU] HTTP Status = 200
2026-08-06 11:09:50 [QUANJU] ✅ Total = 240352
2026-08-06 11:09:50 [QUANJU] 
2026-08-06 11:09:50 [QUANJU] ➡️ Website=16011-NN22 | AppType=安卓H5
2026-08-06 11:09:50 [QUANJU] dashboard: 200
2026-08-06 11:09:50 [QUANJU] HTTP Status = 200
2026-08-06 11:09:50 [QUANJU] ✅ Total = 3466
2026-08-06 11:09:50 [QUANJU] 
2026-08-06 11:09:50 [QUANJU] ➡️ Website=16011-NN22 | AppType=苹果H5
2026-08-06 11:09:50 [QUANJU] HTTP Status = 200
2026-08-06 11:09:50 [QUANJU] ✅ Total = 177
2026-08-06 11:09:50 [QUANJU] 
2026-08-06 11:09:50 [QUANJU] ============================================================
2026-08-06 11:09:50 [QUANJU] 开始获取： 2300-5BBB
2026-08-06 11:09:50 [QUANJU] ============================================================
2026-08-06 11:09:50 [QUANJU] HTTP Status = 200
2026-08-06 11:09:50 [QUANJU] ✅ Total = 588
2026-08-06 11:09:50 [QUANJU] 
2026-08-06 11:09:50 [QUANJU] ➡️ Website=16011-NN22 | AppType=PWA
2026-08-06 11:09:50 [QUANJU] HTTP Status = 429
2026-08-06 11:09:50 [QUANJU] ⚠️ 操作太频繁，3 giây sau thử lại...
2026-08-06 11:09:50 [QUANJU] gameRecord: 200
2026-08-06 11:09:50 [QUANJU] dashboard: 200
2026-08-06 11:09:50 [QUANJU] gameRecord: 200
2026-08-06 11:09:50 [QUANJU] assetsChange: 200
2026-08-06 11:09:50 [QUANJU] 
2026-08-06 11:09:50 [QUANJU] ➡️ Website=2306-76B | AppType=全部
2026-08-06 11:09:50 [QUANJU] HTTP Status = 429
2026-08-06 11:09:50 [QUANJU] ⚠️ 操作太频繁，3 giây sau thử lại...
2026-08-06 11:09:50 [QUANJU] assetsChange: 200
2026-08-06 11:09:50 [QUANJU] 
2026-08-06 11:09:50 [QUANJU] ➡️ Website=2300-5BBB | AppType=全部
2026-08-06 11:09:50 [QUANJU] HTTP Status = 200
2026-08-06 11:09:50 [QUANJU] ✅ Total = 186406
2026-08-06 11:09:50 [QUANJU] 
2026-08-06 11:09:50 [QUANJU] ➡️ Website=2306-76B | AppType=安卓H5
2026-08-06 11:09:50 [QUANJU] HTTP Status = 200
2026-08-06 11:09:50 [QUANJU] ✅ Total = 27015
2026-08-06 11:09:50 [QUANJU] 
2026-08-06 11:09:50 [QUANJU] ➡️ Website=2300-5BBB | AppType=安卓H5
2026-08-06 11:09:50 [QUANJU] HTTP Status = 200
2026-08-06 11:09:50 [QUANJU] ✅ Total = 2326
2026-08-06 11:09:50 [QUANJU] 
2026-08-06 11:09:50 [QUANJU] ➡️ Website=2306-76B | AppType=苹果H5
2026-08-06 11:09:50 [QUANJU] HTTP Status = 200
2026-08-06 11:09:50 [QUANJU] ✅ Total = 191058
2026-08-06 11:09:50 [QUANJU] 
2026-08-06 11:09:50 [QUANJU] ➡️ Website=16011-NN22 | AppType=APK
2026-08-06 11:09:50 [QUANJU] HTTP Status = 429
2026-08-06 11:09:50 [QUANJU] ⚠️ 操作太频繁，3 giây sau thử lại...
2026-08-06 11:09:50 [QUANJU] HTTP Status = 200
2026-08-06 11:09:50 [QUANJU] ✅ Total = 306
2026-08-06 11:09:50 [QUANJU] 
2026-08-06 11:09:50 [QUANJU] ➡️ Website=2306-76B | AppType=PWA
2026-08-06 11:09:50 [QUANJU] HTTP Status = 200
2026-08-06 11:09:50 [QUANJU] ✅ Total = 363
2026-08-06 11:09:50 [QUANJU] 
2026-08-06 11:09:50 [QUANJU] ➡️ Website=2300-5BBB | AppType=苹果H5
2026-08-06 11:09:50 [QUANJU] HTTP Status = 200
2026-08-06 11:09:50 [QUANJU] ✅ Total = 152946
2026-08-06 11:09:50 [QUANJU] 
2026-08-06 11:09:50 [QUANJU] ➡️ Website=2306-76B | AppType=APK
2026-08-06 11:09:50 [QUANJU] HTTP Status = 200
2026-08-06 11:09:50 [QUANJU] ✅ Total = 70
2026-08-06 11:09:50 [QUANJU] 
2026-08-06 11:09:50 [QUANJU] ➡️ Website=2300-5BBB | AppType=PWA
2026-08-06 11:09:50 [QUANJU] HTTP Status = 200
2026-08-06 11:09:50 [QUANJU] ✅ Total = 41622
2026-08-06 11:09:50 [QUANJU] 
2026-08-06 11:09:50 [QUANJU] ➡️ Website=16011-NN22 | AppType=苹果APP
2026-08-06 11:09:50 [QUANJU] HTTP Status = 200
2026-08-06 11:09:50 [QUANJU] ✅ Total = 27311
2026-08-06 11:09:50 [QUANJU] 
2026-08-06 11:09:50 [QUANJU] ➡️ Website=2306-76B | AppType=苹果APP
2026-08-06 11:09:50 [QUANJU] HTTP Status = 200
2026-08-06 11:09:50 [QUANJU] ✅ Total = 3364
2026-08-06 11:09:50 [QUANJU] 
2026-08-06 11:09:50 [QUANJU] ➡️ Website=16011-NN22 | AppType=电脑系统
2026-08-06 11:09:50 [QUANJU] HTTP Status = 429
2026-08-06 11:09:50 [QUANJU] ⚠️ 操作太频繁，3 giây sau thử lại...
2026-08-06 11:09:50 [QUANJU] HTTP Status = 200
2026-08-06 11:09:50 [QUANJU] ✅ Total = 22033
2026-08-06 11:09:50 [QUANJU] 
2026-08-06 11:09:50 [QUANJU] ➡️ Website=2300-5BBB | AppType=APK
2026-08-06 11:09:50 [QUANJU] HTTP Status = 200
2026-08-06 11:09:50 [QUANJU] ✅ Total = 3439
2026-08-06 11:09:50 [QUANJU] 
2026-08-06 11:09:50 [QUANJU] ➡️ Website=2306-76B | AppType=电脑系统
2026-08-06 11:09:50 [QUANJU] HTTP Status = 200
2026-08-06 11:09:50 [QUANJU] ✅ Total = 3978
2026-08-06 11:09:50 [QUANJU] 
2026-08-06 11:09:50 [QUANJU] ➡️ Website=2300-5BBB | AppType=苹果APP
2026-08-06 11:09:50 [QUANJU] HTTP Status = 200
2026-08-06 11:09:50 [QUANJU] ✅ Total = 220
2026-08-06 11:09:50 [QUANJU] 
2026-08-06 11:09:50 [QUANJU] ============================================================
2026-08-06 11:09:50 [QUANJU] 开始获取： 2527-XXX7
2026-08-06 11:09:50 [QUANJU] ============================================================
2026-08-06 11:09:50 [QUANJU] HTTP Status = 200
2026-08-06 11:09:50 [QUANJU] ✅ Total = 67
2026-08-06 11:09:50 [QUANJU] 
2026-08-06 11:09:50 [QUANJU] ============================================================
2026-08-06 11:09:50 [QUANJU] 开始获取： 15008-WW33
2026-08-06 11:09:50 [QUANJU] ============================================================
2026-08-06 11:09:50 [QUANJU] HTTP Status = 200
2026-08-06 11:09:50 [QUANJU] ✅ Total = 567
2026-08-06 11:09:50 [QUANJU] 
2026-08-06 11:09:50 [QUANJU] ➡️ Website=2300-5BBB | AppType=电脑系统
2026-08-06 11:09:50 [QUANJU] dashboard: 200
2026-08-06 11:09:50 [QUANJU] dashboard: 200
2026-08-06 11:09:50 [QUANJU] HTTP Status = 200
2026-08-06 11:09:50 [QUANJU] ✅ Total = 3
2026-08-06 11:09:50 [QUANJU] 
2026-08-06 11:09:50 [QUANJU] ============================================================
2026-08-06 11:09:50 [QUANJU] 开始获取： 2502-55UU
2026-08-06 11:09:50 [QUANJU] ============================================================
2026-08-06 11:09:50 [QUANJU] dashboard: 200
2026-08-06 11:09:50 [QUANJU] gameRecord: 200
2026-08-06 11:09:50 [QUANJU] gameRecord: 200
2026-08-06 11:09:50 [QUANJU] gameRecord: 200
2026-08-06 11:09:50 [QUANJU] assetsChange: 200
2026-08-06 11:09:50 [QUANJU] 
2026-08-06 11:09:50 [QUANJU] ➡️ Website=2527-XXX7 | AppType=全部
2026-08-06 11:09:50 [QUANJU] assetsChange: 200
2026-08-06 11:09:50 [QUANJU] 
2026-08-06 11:09:50 [QUANJU] ➡️ Website=15008-WW33 | AppType=全部
2026-08-06 11:09:50 [QUANJU] HTTP Status = 200
2026-08-06 11:09:50 [QUANJU] ✅ Total = 61859
2026-08-06 11:09:50 [QUANJU] 
2026-08-06 11:09:50 [QUANJU] ➡️ Website=2527-XXX7 | AppType=安卓H5
2026-08-06 11:09:50 [QUANJU] assetsChange: 200
2026-08-06 11:09:50 [QUANJU] 
2026-08-06 11:09:50 [QUANJU] ➡️ Website=2502-55UU | AppType=全部
2026-08-06 11:09:50 [QUANJU] HTTP Status = 200
2026-08-06 11:09:50 [QUANJU] ✅ Total = 24248
2026-08-06 11:09:50 [QUANJU] 
2026-08-06 11:09:50 [QUANJU] ➡️ Website=15008-WW33 | AppType=安卓H5
2026-08-06 11:09:50 [QUANJU] HTTP Status = 200
2026-08-06 11:09:50 [QUANJU] ✅ Total = 677
2026-08-06 11:09:50 [QUANJU] 
2026-08-06 11:09:50 [QUANJU] ➡️ Website=2527-XXX7 | AppType=苹果H5
2026-08-06 11:09:50 [QUANJU] HTTP Status = 200
2026-08-06 11:09:50 [QUANJU] ✅ Total = 35131
2026-08-06 11:09:50 [QUANJU] 
2026-08-06 11:09:50 [QUANJU] ➡️ Website=2502-55UU | AppType=安卓H5
2026-08-06 11:09:50 [QUANJU] HTTP Status = 200
2026-08-06 11:09:50 [QUANJU] ✅ Total = 278
2026-08-06 11:09:50 [QUANJU] 
2026-08-06 11:09:50 [QUANJU] ➡️ Website=15008-WW33 | AppType=苹果H5
2026-08-06 11:09:50 [QUANJU] HTTP Status = 200
2026-08-06 11:09:50 [QUANJU] ✅ Total = 57
2026-08-06 11:09:50 [QUANJU] 
2026-08-06 11:09:50 [QUANJU] ➡️ Website=2527-XXX7 | AppType=PWA
2026-08-06 11:09:50 [QUANJU] HTTP Status = 200
2026-08-06 11:09:50 [QUANJU] ✅ Total = 41
2026-08-06 11:09:50 [QUANJU] 
2026-08-06 11:09:50 [QUANJU] ➡️ Website=15008-WW33 | AppType=PWA
2026-08-06 11:09:50 [QUANJU] HTTP Status = 200
2026-08-06 11:09:50 [QUANJU] ✅ Total = 443
2026-08-06 11:09:50 [QUANJU] 
2026-08-06 11:09:50 [QUANJU] ➡️ Website=2502-55UU | AppType=苹果H5
2026-08-06 11:09:50 [QUANJU] HTTP Status = 200
2026-08-06 11:09:50 [QUANJU] ✅ Total = 50700
2026-08-06 11:09:50 [QUANJU] 
2026-08-06 11:09:50 [QUANJU] ➡️ Website=2527-XXX7 | AppType=APK
2026-08-06 11:09:50 [QUANJU] HTTP Status = 200
2026-08-06 11:09:50 [QUANJU] ✅ Total = 19412
2026-08-06 11:09:50 [QUANJU] 
2026-08-06 11:09:50 [QUANJU] ➡️ Website=15008-WW33 | AppType=APK
2026-08-06 11:09:50 [QUANJU] HTTP Status = 200
2026-08-06 11:09:50 [QUANJU] ✅ Total = 80
2026-08-06 11:09:50 [QUANJU] 
2026-08-06 11:09:50 [QUANJU] ➡️ Website=2502-55UU | AppType=PWA
2026-08-06 11:09:50 [QUANJU] HTTP Status = 200
2026-08-06 11:09:50 [QUANJU] ✅ Total = 9455
2026-08-06 11:09:50 [QUANJU] 
2026-08-06 11:09:50 [QUANJU] ➡️ Website=2527-XXX7 | AppType=苹果APP
2026-08-06 11:09:50 [QUANJU] HTTP Status = 200
2026-08-06 11:09:50 [QUANJU] ✅ Total = 3848
2026-08-06 11:09:50 [QUANJU] 
2026-08-06 11:09:50 [QUANJU] ➡️ Website=15008-WW33 | AppType=苹果APP
2026-08-06 11:09:50 [QUANJU] HTTP Status = 200
2026-08-06 11:09:50 [QUANJU] ✅ Total = 27375
2026-08-06 11:09:50 [QUANJU] 
2026-08-06 11:09:50 [QUANJU] ➡️ Website=2502-55UU | AppType=APK
2026-08-06 11:09:50 [QUANJU] HTTP Status = 200
2026-08-06 11:09:50 [QUANJU] ✅ Total = 931
2026-08-06 11:09:50 [QUANJU] 
2026-08-06 11:09:50 [QUANJU] ➡️ Website=2527-XXX7 | AppType=电脑系统
2026-08-06 11:09:50 [QUANJU] HTTP Status = 429
2026-08-06 11:09:50 [QUANJU] ⚠️ 操作太频繁，3 giây sau thử lại...
2026-08-06 11:09:50 [QUANJU] HTTP Status = 200
2026-08-06 11:09:50 [QUANJU] ✅ Total = 557
2026-08-06 11:09:50 [QUANJU] 
2026-08-06 11:09:50 [QUANJU] ➡️ Website=15008-WW33 | AppType=电脑系统
2026-08-06 11:09:50 [QUANJU] HTTP Status = 429
2026-08-06 11:09:50 [QUANJU] ⚠️ 操作太频繁，3 giây sau thử lại...
2026-08-06 11:09:50 [QUANJU] HTTP Status = 200
2026-08-06 11:09:50 [QUANJU] ✅ Total = 6374
2026-08-06 11:09:50 [QUANJU] 
2026-08-06 11:09:50 [QUANJU] ➡️ Website=2502-55UU | AppType=苹果APP
2026-08-06 11:09:50 [QUANJU] HTTP Status = 429
2026-08-06 11:09:50 [QUANJU] ⚠️ 操作太频繁，3 giây sau thử lại...
2026-08-06 11:09:50 [QUANJU] HTTP Status = 200
2026-08-06 11:09:50 [QUANJU] ✅ Total = 26
2026-08-06 11:09:50 [QUANJU] 
2026-08-06 11:09:50 [QUANJU] ============================================================
2026-08-06 11:09:50 [QUANJU] 开始获取： 2515-EE44
2026-08-06 11:09:50 [QUANJU] ============================================================
2026-08-06 11:09:50 [QUANJU] HTTP Status = 200
2026-08-06 11:09:50 [QUANJU] ✅ Total = 110
2026-08-06 11:09:50 [QUANJU] 
2026-08-06 11:09:50 [QUANJU] ============================================================
2026-08-06 11:09:50 [QUANJU] 开始获取： 720-BB22
2026-08-06 11:09:50 [QUANJU] ============================================================
2026-08-06 11:09:50 [QUANJU] dashboard: 200
2026-08-06 11:09:50 [QUANJU] HTTP Status = 200
2026-08-06 11:09:50 [QUANJU] ✅ Total = 808
2026-08-06 11:09:50 [QUANJU] 
2026-08-06 11:09:50 [QUANJU] ➡️ Website=2502-55UU | AppType=电脑系统
2026-08-06 11:09:50 [QUANJU] dashboard: 200
2026-08-06 11:09:50 [QUANJU] gameRecord: 200
2026-08-06 11:09:50 [QUANJU] HTTP Status = 200
2026-08-06 11:09:50 [QUANJU] ✅ Total = 47
2026-08-06 11:09:50 [QUANJU] 
2026-08-06 11:09:50 [QUANJU] ============================================================
2026-08-06 11:09:50 [QUANJU] 开始获取： 2409-7JJJ
2026-08-06 11:09:50 [QUANJU] ============================================================
2026-08-06 11:09:50 [QUANJU] dashboard: 200
2026-08-06 11:09:50 [QUANJU] gameRecord: 200
2026-08-06 11:09:50 [QUANJU] assetsChange: 200
2026-08-06 11:09:50 [QUANJU] 
2026-08-06 11:09:50 [QUANJU] ➡️ Website=2515-EE44 | AppType=全部
2026-08-06 11:09:50 [QUANJU] gameRecord: 200
2026-08-06 11:09:50 [QUANJU] assetsChange: 200
2026-08-06 11:09:50 [QUANJU] 
2026-08-06 11:09:50 [QUANJU] ➡️ Website=720-BB22 | AppType=全部
2026-08-06 11:09:50 [QUANJU] assetsChange: 200
2026-08-06 11:09:50 [QUANJU] 
2026-08-06 11:09:50 [QUANJU] ➡️ Website=2409-7JJJ | AppType=全部
2026-08-06 11:09:50 [QUANJU] HTTP Status = 200
2026-08-06 11:09:50 [QUANJU] ✅ Total = 26177
2026-08-06 11:09:50 [QUANJU] 
2026-08-06 11:09:50 [QUANJU] ➡️ Website=2515-EE44 | AppType=安卓H5
2026-08-06 11:09:50 [QUANJU] HTTP Status = 200
2026-08-06 11:09:50 [QUANJU] ✅ Total = 440
2026-08-06 11:09:50 [QUANJU] 
2026-08-06 11:09:50 [QUANJU] ➡️ Website=2515-EE44 | AppType=苹果H5
2026-08-06 11:09:50 [QUANJU] HTTP Status = 200
2026-08-06 11:09:50 [QUANJU] ✅ Total = 28909
2026-08-06 11:09:50 [QUANJU] 
2026-08-06 11:09:50 [QUANJU] ➡️ Website=2409-7JJJ | AppType=安卓H5
2026-08-06 11:09:50 [QUANJU] HTTP Status = 200
2026-08-06 11:09:50 [QUANJU] ✅ Total = 212966
2026-08-06 11:09:50 [QUANJU] 
2026-08-06 11:09:50 [QUANJU] ➡️ Website=720-BB22 | AppType=安卓H5
2026-08-06 11:09:50 [QUANJU] HTTP Status = 200
2026-08-06 11:09:50 [QUANJU] ✅ Total = 61
2026-08-06 11:09:50 [QUANJU] 
2026-08-06 11:09:50 [QUANJU] ➡️ Website=2515-EE44 | AppType=PWA
2026-08-06 11:09:50 [QUANJU] HTTP Status = 200
2026-08-06 11:09:50 [QUANJU] ✅ Total = 1428
2026-08-06 11:09:50 [QUANJU] 
2026-08-06 11:09:50 [QUANJU] ➡️ Website=720-BB22 | AppType=苹果H5
2026-08-06 11:09:50 [QUANJU] HTTP Status = 200
2026-08-06 11:09:50 [QUANJU] ✅ Total = 359
2026-08-06 11:09:50 [QUANJU] 
2026-08-06 11:09:50 [QUANJU] ➡️ Website=2409-7JJJ | AppType=苹果H5
2026-08-06 11:09:50 [QUANJU] HTTP Status = 200
2026-08-06 11:09:50 [QUANJU] ✅ Total = 12560
2026-08-06 11:09:50 [QUANJU] 
2026-08-06 11:09:50 [QUANJU] ➡️ Website=2515-EE44 | AppType=APK
2026-08-06 11:09:50 [QUANJU] HTTP Status = 200
2026-08-06 11:09:50 [QUANJU] ✅ Total = 46
2026-08-06 11:09:50 [QUANJU] 
2026-08-06 11:09:50 [QUANJU] ➡️ Website=2409-7JJJ | AppType=PWA
2026-08-06 11:09:50 [QUANJU] HTTP Status = 200
2026-08-06 11:09:50 [QUANJU] ✅ Total = 12105
2026-08-06 11:09:50 [QUANJU] 
2026-08-06 11:09:50 [QUANJU] ➡️ Website=2515-EE44 | AppType=苹果APP
2026-08-06 11:09:50 [QUANJU] HTTP Status = 200
2026-08-06 11:09:50 [QUANJU] ✅ Total = 236
2026-08-06 11:09:50 [QUANJU] 
2026-08-06 11:09:50 [QUANJU] ➡️ Website=720-BB22 | AppType=PWA
2026-08-06 11:09:50 [QUANJU] HTTP Status = 200
2026-08-06 11:09:50 [QUANJU] ✅ Total = 8669
2026-08-06 11:09:50 [QUANJU] 
2026-08-06 11:09:50 [QUANJU] ➡️ Website=2409-7JJJ | AppType=APK
2026-08-06 11:09:50 [QUANJU] HTTP Status = 200
2026-08-06 11:09:50 [QUANJU] ✅ Total = 908
2026-08-06 11:09:50 [QUANJU] 
2026-08-06 11:09:50 [QUANJU] ➡️ Website=2515-EE44 | AppType=电脑系统
2026-08-06 11:09:50 [QUANJU] HTTP Status = 200
2026-08-06 11:09:50 [QUANJU] ✅ Total = 170460
2026-08-06 11:09:50 [QUANJU] 
2026-08-06 11:09:50 [QUANJU] ➡️ Website=720-BB22 | AppType=APK
2026-08-06 11:09:50 [QUANJU] HTTP Status = 200
2026-08-06 11:09:50 [QUANJU] ✅ Total = 95
2026-08-06 11:09:50 [QUANJU] 
2026-08-06 11:09:50 [QUANJU] ============================================================
2026-08-06 11:09:50 [QUANJU] 开始获取： 2501-XX11
2026-08-06 11:09:50 [QUANJU] ============================================================
2026-08-06 11:09:50 [QUANJU] dashboard: 200
2026-08-06 11:09:50 [QUANJU] HTTP Status = 200
2026-08-06 11:09:50 [QUANJU] ✅ Total = 18732
2026-08-06 11:09:50 [QUANJU] 
2026-08-06 11:09:50 [QUANJU] ➡️ Website=2409-7JJJ | AppType=苹果APP
2026-08-06 11:09:50 [QUANJU] HTTP Status = 200
2026-08-06 11:09:50 [QUANJU] ✅ Total = 34953
2026-08-06 11:09:50 [QUANJU] 
2026-08-06 11:09:50 [QUANJU] ➡️ Website=720-BB22 | AppType=苹果APP
2026-08-06 11:09:50 [QUANJU] gameRecord: 200
2026-08-06 11:09:50 [QUANJU] HTTP Status = 200
2026-08-06 11:09:50 [QUANJU] ✅ Total = 894
2026-08-06 11:09:50 [QUANJU] 
2026-08-06 11:09:50 [QUANJU] ➡️ Website=2409-7JJJ | AppType=电脑系统
2026-08-06 11:09:50 [QUANJU] HTTP Status = 200
2026-08-06 11:09:50 [QUANJU] ✅ Total = 5495
2026-08-06 11:09:50 [QUANJU] 
2026-08-06 11:09:50 [QUANJU] ➡️ Website=720-BB22 | AppType=电脑系统
2026-08-06 11:09:50 [QUANJU] assetsChange: 200
2026-08-06 11:09:50 [QUANJU] 
2026-08-06 11:09:50 [QUANJU] ➡️ Website=2501-XX11 | AppType=全部
2026-08-06 11:09:50 [QUANJU] HTTP Status = 200
2026-08-06 11:09:50 [QUANJU] ✅ Total = 204
2026-08-06 11:09:50 [QUANJU] 
2026-08-06 11:09:50 [QUANJU] ============================================================
2026-08-06 11:09:50 [QUANJU] 开始获取： 928-44WW
2026-08-06 11:09:50 [QUANJU] ============================================================
2026-08-06 11:09:50 [QUANJU] dashboard: 200
2026-08-06 11:09:50 [QUANJU] HTTP Status = 200
2026-08-06 11:09:50 [QUANJU] ✅ Total = 58475
2026-08-06 11:09:50 [QUANJU] 
2026-08-06 11:09:50 [QUANJU] ➡️ Website=2501-XX11 | AppType=安卓H5
2026-08-06 11:09:50 [QUANJU] HTTP Status = 200
2026-08-06 11:09:50 [QUANJU] ✅ Total = 361
2026-08-06 11:09:50 [QUANJU] 
2026-08-06 11:09:50 [QUANJU] ============================================================
2026-08-06 11:09:50 [QUANJU] 开始获取： 923-33NN
2026-08-06 11:09:50 [QUANJU] ============================================================
2026-08-06 11:09:50 [QUANJU] gameRecord: 200
2026-08-06 11:09:50 [QUANJU] HTTP Status = 200
2026-08-06 11:09:50 [QUANJU] ✅ Total = 334
2026-08-06 11:09:50 [QUANJU] 
2026-08-06 11:09:50 [QUANJU] ➡️ Website=2501-XX11 | AppType=苹果H5
2026-08-06 11:09:50 [QUANJU] dashboard: 200
2026-08-06 11:09:50 [QUANJU] HTTP Status = 200
2026-08-06 11:09:50 [QUANJU] ✅ Total = 44
2026-08-06 11:09:50 [QUANJU] 
2026-08-06 11:09:50 [QUANJU] ➡️ Website=2501-XX11 | AppType=PWA
2026-08-06 11:09:50 [QUANJU] assetsChange: 200
2026-08-06 11:09:50 [QUANJU] 
2026-08-06 11:09:50 [QUANJU] ➡️ Website=928-44WW | AppType=全部
2026-08-06 11:09:50 [QUANJU] gameRecord: 200
2026-08-06 11:09:50 [QUANJU] HTTP Status = 200
2026-08-06 11:09:50 [QUANJU] ✅ Total = 46298
2026-08-06 11:09:50 [QUANJU] 
2026-08-06 11:09:50 [QUANJU] ➡️ Website=2501-XX11 | AppType=APK
2026-08-06 11:09:50 [QUANJU] HTTP Status = 200
2026-08-06 11:09:50 [QUANJU] ✅ Total = 34979
2026-08-06 11:09:50 [QUANJU] 
2026-08-06 11:09:50 [QUANJU] ➡️ Website=928-44WW | AppType=安卓H5
2026-08-06 11:09:50 [QUANJU] HTTP Status = 200
2026-08-06 11:09:50 [QUANJU] ✅ Total = 10420
2026-08-06 11:09:50 [QUANJU] 
2026-08-06 11:09:50 [QUANJU] ➡️ Website=2501-XX11 | AppType=苹果APP
2026-08-06 11:09:50 [QUANJU] assetsChange: 200
2026-08-06 11:09:50 [QUANJU] 
2026-08-06 11:09:50 [QUANJU] ➡️ Website=923-33NN | AppType=全部
2026-08-06 11:09:50 [QUANJU] HTTP Status = 200
2026-08-06 11:09:50 [QUANJU] ✅ Total = 274
2026-08-06 11:09:50 [QUANJU] 
2026-08-06 11:09:50 [QUANJU] ➡️ Website=928-44WW | AppType=苹果H5
2026-08-06 11:09:50 [QUANJU] HTTP Status = 200
2026-08-06 11:09:50 [QUANJU] ✅ Total = 1354
2026-08-06 11:09:50 [QUANJU] 
2026-08-06 11:09:50 [QUANJU] ➡️ Website=2501-XX11 | AppType=电脑系统
2026-08-06 11:09:50 [QUANJU] HTTP Status = 200
2026-08-06 11:09:50 [QUANJU] ✅ Total = 67774
2026-08-06 11:09:50 [QUANJU] 
2026-08-06 11:09:50 [QUANJU] ➡️ Website=923-33NN | AppType=安卓H5
2026-08-06 11:09:50 [QUANJU] HTTP Status = 200
2026-08-06 11:09:50 [QUANJU] ✅ Total = 38
2026-08-06 11:09:50 [QUANJU] 
2026-08-06 11:09:50 [QUANJU] ➡️ Website=928-44WW | AppType=PWA
2026-08-06 11:09:50 [QUANJU] HTTP Status = 200
2026-08-06 11:09:50 [QUANJU] ✅ Total = 5
2026-08-06 11:09:50 [QUANJU] 
2026-08-06 11:09:50 [QUANJU] ============================================================
2026-08-06 11:09:50 [QUANJU] 开始获取： 913-RR66
2026-08-06 11:09:50 [QUANJU] ============================================================
2026-08-06 11:09:50 [QUANJU] HTTP Status = 200
2026-08-06 11:09:50 [QUANJU] ✅ Total = 370
2026-08-06 11:09:50 [QUANJU] 
2026-08-06 11:09:50 [QUANJU] ➡️ Website=923-33NN | AppType=苹果H5
2026-08-06 11:09:50 [QUANJU] dashboard: 200
2026-08-06 11:09:50 [QUANJU] HTTP Status = 200
2026-08-06 11:09:50 [QUANJU] ✅ Total = 8526
2026-08-06 11:09:50 [QUANJU] 
2026-08-06 11:09:50 [QUANJU] ➡️ Website=928-44WW | AppType=APK
2026-08-06 11:09:50 [QUANJU] HTTP Status = 200
2026-08-06 11:09:50 [QUANJU] ✅ Total = 53
2026-08-06 11:09:50 [QUANJU] 
2026-08-06 11:09:50 [QUANJU] ➡️ Website=923-33NN | AppType=PWA
2026-08-06 11:09:50 [QUANJU] gameRecord: 200
2026-08-06 11:09:50 [QUANJU] HTTP Status = 200
2026-08-06 11:09:50 [QUANJU] ✅ Total = 24929
2026-08-06 11:09:50 [QUANJU] 
2026-08-06 11:09:50 [QUANJU] ➡️ Website=928-44WW | AppType=苹果APP
2026-08-06 11:09:50 [QUANJU] HTTP Status = 429
2026-08-06 11:09:50 [QUANJU] ⚠️ 操作太频繁，3 giây sau thử lại...
2026-08-06 11:09:50 [QUANJU] HTTP Status = 200
2026-08-06 11:09:50 [QUANJU] ✅ Total = 53249
2026-08-06 11:09:50 [QUANJU] 
2026-08-06 11:09:50 [QUANJU] ➡️ Website=923-33NN | AppType=APK
2026-08-06 11:09:50 [QUANJU] assetsChange: 200
2026-08-06 11:09:50 [QUANJU] 
2026-08-06 11:09:50 [QUANJU] ➡️ Website=913-RR66 | AppType=全部
2026-08-06 11:09:50 [QUANJU] HTTP Status = 200
2026-08-06 11:09:50 [QUANJU] ✅ Total = 12460
2026-08-06 11:09:50 [QUANJU] 
2026-08-06 11:09:50 [QUANJU] ➡️ Website=923-33NN | AppType=苹果APP
2026-08-06 11:09:50 [QUANJU] HTTP Status = 200
2026-08-06 11:09:50 [QUANJU] ✅ Total = 56519
2026-08-06 11:09:50 [QUANJU] 
2026-08-06 11:09:50 [QUANJU] ➡️ Website=913-RR66 | AppType=安卓H5
2026-08-06 11:09:50 [QUANJU] HTTP Status = 200
2026-08-06 11:09:50 [QUANJU] ✅ Total = 1619
2026-08-06 11:09:50 [QUANJU] 
2026-08-06 11:09:50 [QUANJU] ➡️ Website=923-33NN | AppType=电脑系统
2026-08-06 11:09:50 [QUANJU] HTTP Status = 200
2026-08-06 11:09:50 [QUANJU] ✅ Total = 1198
2026-08-06 11:09:50 [QUANJU] 
2026-08-06 11:09:50 [QUANJU] ➡️ Website=928-44WW | AppType=电脑系统
2026-08-06 11:09:50 [QUANJU] HTTP Status = 200
2026-08-06 11:09:50 [QUANJU] ✅ Total = 386
2026-08-06 11:09:50 [QUANJU] 
2026-08-06 11:09:50 [QUANJU] ➡️ Website=913-RR66 | AppType=苹果H5
2026-08-06 11:09:50 [QUANJU] HTTP Status = 200
2026-08-06 11:09:50 [QUANJU] ✅ Total = 5
2026-08-06 11:09:50 [QUANJU] 
2026-08-06 11:09:50 [QUANJU] ============================================================
2026-08-06 11:09:50 [QUANJU] 开始获取： 915-KK44
2026-08-06 11:09:50 [QUANJU] ============================================================
2026-08-06 11:09:50 [QUANJU] HTTP Status = 200
2026-08-06 11:09:50 [QUANJU] ✅ Total = 7
2026-08-06 11:09:50 [QUANJU] 
2026-08-06 11:09:50 [QUANJU] ============================================================
2026-08-06 11:09:50 [QUANJU] 开始获取： 907-33CC
2026-08-06 11:09:50 [QUANJU] ============================================================
2026-08-06 11:09:50 [QUANJU] HTTP Status = 200
2026-08-06 11:09:50 [QUANJU] ✅ Total = 57
2026-08-06 11:09:50 [QUANJU] 
2026-08-06 11:09:50 [QUANJU] ➡️ Website=913-RR66 | AppType=PWA
2026-08-06 11:09:50 [QUANJU] dashboard: 200
2026-08-06 11:09:50 [QUANJU] dashboard: 200
2026-08-06 11:09:50 [QUANJU] gameRecord: 200
2026-08-06 11:09:50 [QUANJU] HTTP Status = 200
2026-08-06 11:09:50 [QUANJU] ✅ Total = 44314
2026-08-06 11:09:50 [QUANJU] 
2026-08-06 11:09:50 [QUANJU] ➡️ Website=913-RR66 | AppType=APK
2026-08-06 11:09:50 [QUANJU] gameRecord: 200
2026-08-06 11:09:50 [QUANJU] HTTP Status = 200
2026-08-06 11:09:50 [QUANJU] ✅ Total = 10142
2026-08-06 11:09:50 [QUANJU] 
2026-08-06 11:09:50 [QUANJU] ➡️ Website=913-RR66 | AppType=苹果APP
2026-08-06 11:09:50 [QUANJU] HTTP Status = 429
2026-08-06 11:09:50 [QUANJU] ⚠️ 操作太频繁，3 giây sau thử lại...
2026-08-06 11:09:50 [QUANJU] assetsChange: 200
2026-08-06 11:09:50 [QUANJU] 
2026-08-06 11:09:50 [QUANJU] ➡️ Website=915-KK44 | AppType=全部
2026-08-06 11:09:50 [QUANJU] assetsChange: 200
2026-08-06 11:09:50 [QUANJU] 
2026-08-06 11:09:50 [QUANJU] ➡️ Website=907-33CC | AppType=全部
2026-08-06 11:09:50 [QUANJU] HTTP Status = 200
2026-08-06 11:09:50 [QUANJU] ✅ Total = 36025
2026-08-06 11:09:50 [QUANJU] 
2026-08-06 11:09:50 [QUANJU] ➡️ Website=915-KK44 | AppType=安卓H5
2026-08-06 11:09:50 [QUANJU] HTTP Status = 200
2026-08-06 11:09:50 [QUANJU] ✅ Total = 62856
2026-08-06 11:09:50 [QUANJU] 
2026-08-06 11:09:50 [QUANJU] ➡️ Website=907-33CC | AppType=安卓H5
2026-08-06 11:09:50 [QUANJU] HTTP Status = 200
2026-08-06 11:09:50 [QUANJU] ✅ Total = 406
2026-08-06 11:09:50 [QUANJU] 
2026-08-06 11:09:50 [QUANJU] ➡️ Website=915-KK44 | AppType=苹果H5
2026-08-06 11:09:50 [QUANJU] HTTP Status = 200
2026-08-06 11:09:50 [QUANJU] ✅ Total = 375
2026-08-06 11:09:50 [QUANJU] 
2026-08-06 11:09:50 [QUANJU] ➡️ Website=907-33CC | AppType=苹果H5
2026-08-06 11:09:50 [QUANJU] HTTP Status = 200
2026-08-06 11:09:50 [QUANJU] ✅ Total = 1365
2026-08-06 11:09:50 [QUANJU] 
2026-08-06 11:09:50 [QUANJU] ➡️ Website=913-RR66 | AppType=电脑系统
2026-08-06 11:09:50 [QUANJU] HTTP Status = 200
2026-08-06 11:09:50 [QUANJU] ✅ Total = 39
2026-08-06 11:09:50 [QUANJU] 
2026-08-06 11:09:50 [QUANJU] ➡️ Website=915-KK44 | AppType=PWA
2026-08-06 11:09:50 [QUANJU] HTTP Status = 200
2026-08-06 11:09:50 [QUANJU] ✅ Total = 45
2026-08-06 11:09:50 [QUANJU] 
2026-08-06 11:09:50 [QUANJU] ➡️ Website=907-33CC | AppType=PWA
2026-08-06 11:09:50 [QUANJU] HTTP Status = 200
2026-08-06 11:09:50 [QUANJU] ✅ Total = 245
2026-08-06 11:09:50 [QUANJU] 
2026-08-06 11:09:50 [QUANJU] ============================================================
2026-08-06 11:09:50 [QUANJU] 开始获取： 517-22CC
2026-08-06 11:09:50 [QUANJU] ============================================================
2026-08-06 11:09:50 [QUANJU] HTTP Status = 200
2026-08-06 11:09:50 [QUANJU] ✅ Total = 7036
2026-08-06 11:09:50 [QUANJU] 
2026-08-06 11:09:50 [QUANJU] ➡️ Website=915-KK44 | AppType=APK
2026-08-06 11:09:50 [QUANJU] dashboard: 200
2026-08-06 11:09:50 [QUANJU] gameRecord: 200
2026-08-06 11:09:50 [QUANJU] HTTP Status = 200
2026-08-06 11:09:50 [QUANJU] ✅ Total = 49876
2026-08-06 11:09:50 [QUANJU] 
2026-08-06 11:09:50 [QUANJU] ➡️ Website=907-33CC | AppType=APK
2026-08-06 11:09:50 [QUANJU] HTTP Status = 200
2026-08-06 11:09:50 [QUANJU] ✅ Total = 27391
2026-08-06 11:09:50 [QUANJU] 
2026-08-06 11:09:50 [QUANJU] ➡️ Website=915-KK44 | AppType=苹果APP
2026-08-06 11:09:50 [QUANJU] assetsChange: 200
2026-08-06 11:09:50 [QUANJU] 
2026-08-06 11:09:50 [QUANJU] ➡️ Website=517-22CC | AppType=全部
2026-08-06 11:09:50 [QUANJU] HTTP Status = 200
2026-08-06 11:09:50 [QUANJU] ✅ Total = 11138
2026-08-06 11:09:50 [QUANJU] 
2026-08-06 11:09:50 [QUANJU] ➡️ Website=907-33CC | AppType=苹果APP
2026-08-06 11:09:50 [QUANJU] HTTP Status = 200
2026-08-06 11:09:50 [QUANJU] ✅ Total = 1134
2026-08-06 11:09:50 [QUANJU] 
2026-08-06 11:09:50 [QUANJU] ➡️ Website=915-KK44 | AppType=电脑系统
2026-08-06 11:09:50 [QUANJU] HTTP Status = 429
2026-08-06 11:09:50 [QUANJU] ⚠️ 操作太频繁，3 giây sau thử lại...
2026-08-06 11:09:50 [QUANJU] HTTP Status = 200
2026-08-06 11:09:50 [QUANJU] ✅ Total = 38814
2026-08-06 11:09:50 [QUANJU] 
2026-08-06 11:09:50 [QUANJU] ➡️ Website=517-22CC | AppType=安卓H5
2026-08-06 11:09:50 [QUANJU] HTTP Status = 200
2026-08-06 11:09:50 [QUANJU] ✅ Total = 1398
2026-08-06 11:09:50 [QUANJU] 
2026-08-06 11:09:50 [QUANJU] ➡️ Website=907-33CC | AppType=电脑系统
2026-08-06 11:09:50 [QUANJU] HTTP Status = 429
2026-08-06 11:09:50 [QUANJU] ⚠️ 操作太频繁，3 giây sau thử lại...
2026-08-06 11:09:50 [QUANJU] HTTP Status = 200
2026-08-06 11:09:50 [QUANJU] ✅ Total = 233
2026-08-06 11:09:50 [QUANJU] 
2026-08-06 11:09:50 [QUANJU] ➡️ Website=517-22CC | AppType=苹果H5
2026-08-06 11:09:50 [QUANJU] HTTP Status = 200
2026-08-06 11:09:50 [QUANJU] ✅ Total = 34
2026-08-06 11:09:50 [QUANJU] 
2026-08-06 11:09:50 [QUANJU] ➡️ Website=517-22CC | AppType=PWA
2026-08-06 11:09:50 [QUANJU] HTTP Status = 200
2026-08-06 11:09:50 [QUANJU] ✅ Total = 15
2026-08-06 11:09:50 [QUANJU] 
2026-08-06 11:09:50 [QUANJU] ============================================================
2026-08-06 11:09:50 [QUANJU] 开始获取： 713-77SS
2026-08-06 11:09:50 [QUANJU] ============================================================
2026-08-06 11:09:50 [QUANJU] HTTP Status = 200
2026-08-06 11:09:50 [QUANJU] ✅ Total = 30600
2026-08-06 11:09:50 [QUANJU] 
2026-08-06 11:09:50 [QUANJU] ➡️ Website=517-22CC | AppType=APK
2026-08-06 11:09:50 [QUANJU] dashboard: 200
2026-08-06 11:09:50 [QUANJU] HTTP Status = 200
2026-08-06 11:09:50 [QUANJU] ✅ Total = 9
2026-08-06 11:09:50 [QUANJU] 
2026-08-06 11:09:50 [QUANJU] ============================================================
2026-08-06 11:09:50 [QUANJU] 开始获取： 707-11CC
2026-08-06 11:09:50 [QUANJU] ============================================================
2026-08-06 11:09:50 [QUANJU] gameRecord: 200
2026-08-06 11:09:50 [QUANJU] dashboard: 200
2026-08-06 11:09:50 [QUANJU] HTTP Status = 200
2026-08-06 11:09:50 [QUANJU] ✅ Total = 7450
2026-08-06 11:09:50 [QUANJU] 
2026-08-06 11:09:50 [QUANJU] ➡️ Website=517-22CC | AppType=苹果APP
2026-08-06 11:09:50 [QUANJU] gameRecord: 200
2026-08-06 11:09:50 [QUANJU] assetsChange: 200
2026-08-06 11:09:50 [QUANJU] 
2026-08-06 11:09:50 [QUANJU] ➡️ Website=713-77SS | AppType=全部
2026-08-06 11:09:50 [QUANJU] assetsChange: 200
2026-08-06 11:09:50 [QUANJU] 
2026-08-06 11:09:50 [QUANJU] ➡️ Website=707-11CC | AppType=全部
2026-08-06 11:09:50 [QUANJU] HTTP Status = 200
2026-08-06 11:09:50 [QUANJU] ✅ Total = 486
2026-08-06 11:09:50 [QUANJU] 
2026-08-06 11:09:50 [QUANJU] ➡️ Website=517-22CC | AppType=电脑系统
2026-08-06 11:09:50 [QUANJU] HTTP Status = 200
2026-08-06 11:09:50 [QUANJU] ✅ Total = 48136
2026-08-06 11:09:50 [QUANJU] 
2026-08-06 11:09:50 [QUANJU] ➡️ Website=713-77SS | AppType=安卓H5
2026-08-06 11:09:50 [QUANJU] HTTP Status = 200
2026-08-06 11:09:50 [QUANJU] ✅ Total = 5
2026-08-06 11:09:50 [QUANJU] 
2026-08-06 11:09:50 [QUANJU] ============================================================
2026-08-06 11:09:50 [QUANJU] 开始获取： 706-99SS
2026-08-06 11:09:50 [QUANJU] ============================================================
2026-08-06 11:09:50 [QUANJU] HTTP Status = 200
2026-08-06 11:09:50 [QUANJU] ✅ Total = 84603
2026-08-06 11:09:50 [QUANJU] 
2026-08-06 11:09:50 [QUANJU] ➡️ Website=707-11CC | AppType=安卓H5
2026-08-06 11:09:50 [QUANJU] dashboard: 200
2026-08-06 11:09:50 [QUANJU] gameRecord: 200
2026-08-06 11:09:50 [QUANJU] HTTP Status = 200
2026-08-06 11:09:50 [QUANJU] ✅ Total = 335
2026-08-06 11:09:50 [QUANJU] 
2026-08-06 11:09:50 [QUANJU] ➡️ Website=713-77SS | AppType=苹果H5
2026-08-06 11:09:50 [QUANJU] assetsChange: 200
2026-08-06 11:09:50 [QUANJU] 
2026-08-06 11:09:50 [QUANJU] ➡️ Website=706-99SS | AppType=全部
2026-08-06 11:09:50 [QUANJU] HTTP Status = 200
2026-08-06 11:09:50 [QUANJU] ✅ Total = 380
2026-08-06 11:09:50 [QUANJU] 
2026-08-06 11:09:50 [QUANJU] ➡️ Website=707-11CC | AppType=苹果H5
2026-08-06 11:09:50 [QUANJU] HTTP Status = 200
2026-08-06 11:09:50 [QUANJU] ✅ Total = 33
2026-08-06 11:09:50 [QUANJU] 
2026-08-06 11:09:50 [QUANJU] ➡️ Website=713-77SS | AppType=PWA
2026-08-06 11:09:50 [QUANJU] HTTP Status = 200
2026-08-06 11:09:50 [QUANJU] ✅ Total = 56
2026-08-06 11:09:50 [QUANJU] 
2026-08-06 11:09:50 [QUANJU] ➡️ Website=707-11CC | AppType=PWA
2026-08-06 11:09:50 [QUANJU] HTTP Status = 200
2026-08-06 11:09:50 [QUANJU] ✅ Total = 35315
2026-08-06 11:09:50 [QUANJU] 
2026-08-06 11:09:50 [QUANJU] ➡️ Website=706-99SS | AppType=安卓H5
2026-08-06 11:09:50 [QUANJU] HTTP Status = 200
2026-08-06 11:09:50 [QUANJU] ✅ Total = 14045
2026-08-06 11:09:50 [QUANJU] 
2026-08-06 11:09:50 [QUANJU] ➡️ Website=713-77SS | AppType=APK
2026-08-06 11:09:50 [QUANJU] HTTP Status = 200
2026-08-06 11:09:50 [QUANJU] ✅ Total = 59733
2026-08-06 11:09:50 [QUANJU] 
2026-08-06 11:09:50 [QUANJU] ➡️ Website=707-11CC | AppType=APK
2026-08-06 11:09:50 [QUANJU] HTTP Status = 200
2026-08-06 11:09:50 [QUANJU] ✅ Total = 131
2026-08-06 11:09:50 [QUANJU] 
2026-08-06 11:09:50 [QUANJU] ➡️ Website=706-99SS | AppType=苹果H5
2026-08-06 11:09:50 [QUANJU] HTTP Status = 200
2026-08-06 11:09:50 [QUANJU] ✅ Total = 22812
2026-08-06 11:09:50 [QUANJU] 
2026-08-06 11:09:50 [QUANJU] ➡️ Website=707-11CC | AppType=苹果APP
2026-08-06 11:09:50 [QUANJU] HTTP Status = 200
2026-08-06 11:09:50 [QUANJU] ✅ Total = 25
2026-08-06 11:09:50 [QUANJU] 
2026-08-06 11:09:50 [QUANJU] ➡️ Website=706-99SS | AppType=PWA
2026-08-06 11:09:50 [QUANJU] HTTP Status = 200
2026-08-06 11:09:50 [QUANJU] ✅ Total = 32549
2026-08-06 11:09:50 [QUANJU] 
2026-08-06 11:09:50 [QUANJU] ➡️ Website=713-77SS | AppType=苹果APP
2026-08-06 11:09:50 [QUANJU] HTTP Status = 200
2026-08-06 11:09:50 [QUANJU] ✅ Total = 920
2026-08-06 11:09:50 [QUANJU] 
2026-08-06 11:09:50 [QUANJU] ➡️ Website=707-11CC | AppType=电脑系统
2026-08-06 11:09:50 [QUANJU] HTTP Status = 200
2026-08-06 11:09:50 [QUANJU] ✅ Total = 1156
2026-08-06 11:09:50 [QUANJU] 
2026-08-06 11:09:50 [QUANJU] ➡️ Website=713-77SS | AppType=电脑系统
2026-08-06 11:09:50 [QUANJU] HTTP Status = 200
2026-08-06 11:09:50 [QUANJU] ✅ Total = 8389
2026-08-06 11:09:50 [QUANJU] 
2026-08-06 11:09:50 [QUANJU] ➡️ Website=706-99SS | AppType=APK
2026-08-06 11:09:50 [QUANJU] HTTP Status = 200
2026-08-06 11:09:50 [QUANJU] ✅ Total = 655
2026-08-06 11:09:50 [QUANJU] 
2026-08-06 11:09:50 [QUANJU] ============================================================
2026-08-06 11:09:50 [QUANJU] 开始获取： 704-66AA
2026-08-06 11:09:50 [QUANJU] ============================================================
2026-08-06 11:09:50 [QUANJU] HTTP Status = 200
2026-08-06 11:09:50 [QUANJU] ✅ Total = 6
2026-08-06 11:09:50 [QUANJU] 
2026-08-06 11:09:50 [QUANJU] ============================================================
2026-08-06 11:09:50 [QUANJU] 开始获取： 650-77GG
2026-08-06 11:09:50 [QUANJU] ============================================================
2026-08-06 11:09:50 [QUANJU] dashboard: 200
2026-08-06 11:09:50 [QUANJU] dashboard: 200
2026-08-06 11:09:50 [QUANJU] HTTP Status = 200
2026-08-06 11:09:50 [QUANJU] ✅ Total = 26381
2026-08-06 11:09:50 [QUANJU] 
2026-08-06 11:09:50 [QUANJU] ➡️ Website=706-99SS | AppType=苹果APP
2026-08-06 11:09:50 [QUANJU] gameRecord: 200
2026-08-06 11:09:50 [QUANJU] gameRecord: 200
2026-08-06 11:09:50 [QUANJU] assetsChange: 200
2026-08-06 11:09:50 [QUANJU] 
2026-08-06 11:09:50 [QUANJU] ➡️ Website=650-77GG | AppType=全部
2026-08-06 11:09:50 [QUANJU] assetsChange: 200
2026-08-06 11:09:50 [QUANJU] 
2026-08-06 11:09:50 [QUANJU] ➡️ Website=704-66AA | AppType=全部
2026-08-06 11:09:50 [QUANJU] HTTP Status = 200
2026-08-06 11:09:50 [QUANJU] ✅ Total = 371
2026-08-06 11:09:50 [QUANJU] 
2026-08-06 11:09:50 [QUANJU] ➡️ Website=706-99SS | AppType=电脑系统
2026-08-06 11:09:50 [QUANJU] HTTP Status = 200
2026-08-06 11:09:50 [QUANJU] ✅ Total = 96252
2026-08-06 11:09:50 [QUANJU] 
2026-08-06 11:09:50 [QUANJU] ➡️ Website=650-77GG | AppType=安卓H5
2026-08-06 11:09:50 [QUANJU] HTTP Status = 200
2026-08-06 11:09:50 [QUANJU] ✅ Total = 160577
2026-08-06 11:09:50 [QUANJU] 
2026-08-06 11:09:50 [QUANJU] ➡️ Website=704-66AA | AppType=安卓H5
2026-08-06 11:09:50 [QUANJU] HTTP Status = 200
2026-08-06 11:09:50 [QUANJU] ✅ Total = 3
2026-08-06 11:09:50 [QUANJU] 
2026-08-06 11:09:50 [QUANJU] ============================================================
2026-08-06 11:09:50 [QUANJU] 开始获取： 619-77BB
2026-08-06 11:09:50 [QUANJU] ============================================================
2026-08-06 11:09:50 [QUANJU] dashboard: 200
2026-08-06 11:09:50 [QUANJU] HTTP Status = 200
2026-08-06 11:09:50 [QUANJU] ✅ Total = 352
2026-08-06 11:09:50 [QUANJU] 
2026-08-06 11:09:50 [QUANJU] ➡️ Website=650-77GG | AppType=苹果H5
2026-08-06 11:09:50 [QUANJU] gameRecord: 200
2026-08-06 11:09:50 [QUANJU] HTTP Status = 200
2026-08-06 11:09:50 [QUANJU] ✅ Total = 137
2026-08-06 11:09:50 [QUANJU] 
2026-08-06 11:09:50 [QUANJU] ➡️ Website=650-77GG | AppType=PWA
2026-08-06 11:09:50 [QUANJU] assetsChange: 200
2026-08-06 11:09:50 [QUANJU] 
2026-08-06 11:09:50 [QUANJU] ➡️ Website=619-77BB | AppType=全部
2026-08-06 11:09:50 [QUANJU] HTTP Status = 200
2026-08-06 11:09:50 [QUANJU] ✅ Total = 68690
2026-08-06 11:09:50 [QUANJU] 
2026-08-06 11:09:50 [QUANJU] ➡️ Website=650-77GG | AppType=APK
2026-08-06 11:09:50 [QUANJU] HTTP Status = 200
2026-08-06 11:09:50 [QUANJU] ✅ Total = 155700
2026-08-06 11:09:50 [QUANJU] 
2026-08-06 11:09:50 [QUANJU] ➡️ Website=619-77BB | AppType=安卓H5
2026-08-06 11:09:50 [QUANJU] HTTP Status = 200
2026-08-06 11:09:50 [QUANJU] ✅ Total = 523
2026-08-06 11:09:50 [QUANJU] 
2026-08-06 11:09:50 [QUANJU] ➡️ Website=704-66AA | AppType=苹果H5
2026-08-06 11:09:50 [QUANJU] HTTP Status = 200
2026-08-06 11:09:50 [QUANJU] ✅ Total = 25923
2026-08-06 11:09:50 [QUANJU] 
2026-08-06 11:09:50 [QUANJU] ➡️ Website=650-77GG | AppType=苹果APP
2026-08-06 11:09:50 [QUANJU] HTTP Status = 200
2026-08-06 11:09:50 [QUANJU] ✅ Total = 2609
2026-08-06 11:09:50 [QUANJU] 
2026-08-06 11:09:50 [QUANJU] ➡️ Website=619-77BB | AppType=苹果H5
2026-08-06 11:09:50 [QUANJU] HTTP Status = 200
2026-08-06 11:09:50 [QUANJU] ✅ Total = 779
2026-08-06 11:09:50 [QUANJU] 
2026-08-06 11:09:50 [QUANJU] ➡️ Website=650-77GG | AppType=电脑系统
2026-08-06 11:09:50 [QUANJU] HTTP Status = 200
2026-08-06 11:09:50 [QUANJU] ✅ Total = 746
2026-08-06 11:09:50 [QUANJU] 
2026-08-06 11:09:50 [QUANJU] ➡️ Website=619-77BB | AppType=PWA
2026-08-06 11:09:50 [QUANJU] HTTP Status = 200
2026-08-06 11:09:50 [QUANJU] ✅ Total = 115
2026-08-06 11:09:50 [QUANJU] 
2026-08-06 11:09:50 [QUANJU] ➡️ Website=704-66AA | AppType=PWA
2026-08-06 11:09:50 [QUANJU] HTTP Status = 200
2026-08-06 11:09:50 [QUANJU] ✅ Total = 335
2026-08-06 11:09:50 [QUANJU] HTTP Status = 200
2026-08-06 11:09:50 [QUANJU] ✅ Total = 113077
2026-08-06 11:09:50 [QUANJU] 
2026-08-06 11:09:50 [QUANJU] ➡️ Website=619-77BB | AppType=APK
2026-08-06 11:09:50 [QUANJU] HTTP Status = 200
2026-08-06 11:09:50 [QUANJU] ✅ Total = 106704
2026-08-06 11:09:50 [QUANJU] 
2026-08-06 11:09:50 [QUANJU] ➡️ Website=704-66AA | AppType=APK
2026-08-06 11:09:50 [QUANJU] HTTP Status = 200
2026-08-06 11:09:50 [QUANJU] ✅ Total = 35837
2026-08-06 11:09:50 [QUANJU] 
2026-08-06 11:09:50 [QUANJU] ➡️ Website=619-77BB | AppType=苹果APP
2026-08-06 11:09:50 [QUANJU] HTTP Status = 200
2026-08-06 11:09:50 [QUANJU] ✅ Total = 3352
2026-08-06 11:09:50 [QUANJU] 
2026-08-06 11:09:50 [QUANJU] ➡️ Website=619-77BB | AppType=电脑系统
2026-08-06 11:09:50 [QUANJU] HTTP Status = 200
2026-08-06 11:09:50 [QUANJU] ✅ Total = 51395
2026-08-06 11:09:50 [QUANJU] 
2026-08-06 11:09:50 [QUANJU] ➡️ Website=704-66AA | AppType=苹果APP
2026-08-06 11:09:50 [QUANJU] HTTP Status = 200
2026-08-06 11:09:50 [QUANJU] ✅ Total = 19
2026-08-06 11:09:50 [QUANJU] HTTP Status = 200
2026-08-06 11:09:50 [QUANJU] ✅ Total = 1296
2026-08-06 11:09:50 [QUANJU] 
2026-08-06 11:09:50 [QUANJU] ➡️ Website=704-66AA | AppType=电脑系统
2026-08-06 11:09:50 [QUANJU] HTTP Status = 200
2026-08-06 11:09:50 [QUANJU] ✅ Total = 395
2026-08-06 11:09:50 [QUANJU] 
2026-08-06 11:09:50 [QUANJU] ✅ API全部获取完成
2026-08-06 11:09:50 [QUANJU] 
2026-08-06 11:09:50 [QUANJU] 📤 开始写入Google Sheet...
2026-08-06 11:09:50 [QUANJU] ✅ 15016-73J 上传成功
2026-08-06 11:09:50 [QUANJU] ✅ 16028-23E 上传成功
2026-08-06 11:09:50 [QUANJU] ✅ 16021-23A 上传成功
2026-08-06 11:09:50 [QUANJU] ✅ 16011-NN22 上传成功
2026-08-06 11:09:50 [QUANJU] ✅ 2306-76B 上传成功
2026-08-06 11:09:50 [QUANJU] ✅ 2300-5BBB 上传成功
2026-08-06 11:09:50 [QUANJU] ✅ 2527-XXX7 上传成功
2026-08-06 11:09:50 [QUANJU] ✅ 15008-WW33 上传成功
2026-08-06 11:09:50 [QUANJU] ✅ 2502-55UU 上传成功
2026-08-06 11:09:50 [QUANJU] ✅ 2515-EE44 上传成功
2026-08-06 11:09:50 [QUANJU] ✅ 720-BB22 上传成功
2026-08-06 11:09:50 [QUANJU] ✅ 2409-7JJJ 上传成功
2026-08-06 11:09:50 [QUANJU] ✅ 2501-XX11 上传成功
2026-08-06 11:09:50 [QUANJU] ✅ 928-44WW 上传成功
2026-08-06 11:09:50 [QUANJU] ✅ 923-33NN 上传成功
2026-08-06 11:09:50 [QUANJU] ✅ 913-RR66 上传成功
2026-08-06 11:09:50 [QUANJU] ✅ 915-KK44 上传成功
2026-08-06 11:09:50 [QUANJU] ✅ 907-33CC 上传成功
2026-08-06 11:09:50 [QUANJU] ✅ 517-22CC 上传成功
2026-08-06 11:09:50 [QUANJU] ✅ 713-77SS 上传成功
2026-08-06 11:09:50 [QUANJU] ✅ 707-11CC 上传成功
2026-08-06 11:09:50 [QUANJU] ✅ 706-99SS 上传成功
2026-08-06 11:09:50 [QUANJU] ✅ 704-66AA 上传成功
2026-08-06 11:09:50 [QUANJU] ✅ 650-77GG 上传成功
2026-08-06 11:09:50 [QUANJU] ✅ 619-77BB 上传成功
2026-08-06 11:09:50 [QUANJU] 
2026-08-06 11:09:50 [QUANJU] ================================================================================
2026-08-06 11:09:50 [QUANJU] 全部完成
2026-08-06 11:09:50 [QUANJU] 成功: 25 / 25
2026-08-06 11:09:50 [QUANJU] ================================================================================
2026-08-06 11:09:50 [QUANJU] ✅ Finish
2026-08-06 11:09:50 [QUANJU] ✅ 全站汇总更新完成
2026-08-06 11:10:10 [TELEGRAM_BOT] CSV最后日期: 2026-08-04
2026-08-06 11:10:10 [TELEGRAM_BOT] 开始: 2026-08-05
2026-08-06 11:10:10 [TELEGRAM_BOT] 结束: 2026-08-05
2026-08-06 11:10:10 [TELEGRAM_BOT] 需要更新: ['2026-08-05']
2026-08-06 11:10:10 [TELEGRAM_BOT] 🚀 创建: 2026-08-05
2026-08-06 11:10:10 [TELEGRAM_BOT] ✅ 创建成功，正在精准匹配并锁定专属 ID...
2026-08-06 11:10:10 [TELEGRAM_BOT] 🎯 成功锁定 Task ID: 190960 | 操作人: jiqiren23e | 创建时间: 2026-08-06T03:09:35.229Z
2026-08-06 11:10:10 [TELEGRAM_BOT] 状态 [ID: 190960]: Exporting (1/60)
2026-08-06 11:10:10 [TELEGRAM_BOT] 状态 [ID: 190960]: Exporting (2/60)
2026-08-06 11:10:10 [TELEGRAM_BOT] 状态 [ID: 190960]: Exporting (3/60)
2026-08-06 11:10:10 [TELEGRAM_BOT] 状态 [ID: 190960]: ExportSuccess (4/60)
2026-08-06 11:10:10 [TELEGRAM_BOT] ⬇️ 下载: 2026-08-05
2026-08-06 11:10:10 [TELEGRAM_BOT] 下载地址 (尝试 1): https://download-prod-6s.c-9-m-1.com/adb_data/user_day_data-37865459-f6c5-444b-a0dd-acd1c3812dc7.csv
2026-08-06 11:10:10 [TELEGRAM_BOT] 📥 写入 SQLite: 2026-08-05
2026-08-06 11:10:10 [TELEGRAM_BOT] ✅ 保存 SQLite，新增 17907 条
2026-08-06 11:10:10 [TELEGRAM_BOT] 
2026-08-06 11:10:10 [TELEGRAM_BOT] 🎉 全部更新完成
2026-08-06 11:11:10 [TELEGRAM_BOT] ============================================================
2026-08-06 11:11:10 [TELEGRAM_BOT] 🚀 开始计算留存
2026-08-06 11:11:10 [TELEGRAM_BOT] ============================================================
2026-08-06 11:11:10 [TELEGRAM_BOT] 首充数量: 791675
2026-08-06 11:11:10 [TELEGRAM_BOT] 充值数量: 83587
2026-08-06 11:11:10 [TELEGRAM_BOT] 开始清理数据...
2026-08-06 11:11:10 [TELEGRAM_BOT] 清理完成
2026-08-06 11:11:10 [TELEGRAM_BOT] 
2026-08-06 11:11:10 [TELEGRAM_BOT] 首充数据: 791675
2026-08-06 11:11:10 [TELEGRAM_BOT] 充值数据: 83587
2026-08-06 11:11:10 [TELEGRAM_BOT] 
2026-08-06 11:11:10 [TELEGRAM_BOT] 建立充值索引...
2026-08-06 11:11:10 [TELEGRAM_BOT] 充值会员: 83587
2026-08-06 11:11:10 [TELEGRAM_BOT] 开始计算...
2026-08-06 11:11:10 [TELEGRAM_BOT] 生成行: 11647
2026-08-06 11:11:10 [TELEGRAM_BOT] 计算耗时: 27.13 秒
2026-08-06 11:11:10 [TELEGRAM_BOT] 
2026-08-06 11:11:10 [TELEGRAM_BOT] 计算完成
2026-08-06 11:11:10 [TELEGRAM_BOT] 
2026-08-06 11:11:10 [TELEGRAM_BOT] 输出行数: 11647
2026-08-06 11:11:10 [TELEGRAM_BOT] 
2026-08-06 11:11:10 [TELEGRAM_BOT] 准备上传留存1...
2026-08-06 11:11:10 [TELEGRAM_BOT] 旧数据删除完成（保留第1、2行）
2026-08-06 11:11:10 [TELEGRAM_BOT] 准备上传 11663 行
2026-08-06 11:11:10 [TELEGRAM_BOT] 上传 A3
2026-08-06 11:11:10 [TELEGRAM_BOT] 上传 A5003
2026-08-06 11:11:10 [TELEGRAM_BOT] 上传 A10003
2026-08-06 11:11:10 [TELEGRAM_BOT] ✅ 23E更新完成
2026-08-06 11:11:10 [TELEGRAM_BOT] 
2026-08-06 11:11:10 [TELEGRAM_BOT] ============================================================
2026-08-06 11:11:10 [TELEGRAM_BOT] ✅ 留存计算-上传完成
2026-08-06 11:11:10 [TELEGRAM_BOT] 耗时: 42.12 秒
2026-08-06 11:11:10 [TELEGRAM_BOT] ============================================================
2026-08-06 12:00:00 [DASHBOARD] 🚀 Run: 2026-08-06 12:00:00.033592
2026-08-06 12:01:18 [DASHBOARD] ✅ ALL_TOTAL success
2026-08-06 12:01:18 [DASHBOARD] ✅ fb-pwa success
2026-08-06 12:01:18 [DASHBOARD] ✅ fb-ios success
2026-08-06 12:01:18 [DASHBOARD] ✅ fb-h5-b success
2026-08-06 12:01:18 [DASHBOARD] ✅ fb-pwa-b success
2026-08-06 12:01:18 [DASHBOARD] ✅ 上架包 success
2026-08-06 12:01:18 [DASHBOARD] ✅ tt-pwa success
2026-08-06 12:01:18 [DASHBOARD] ✅ tt-h5 success
2026-08-06 12:01:18 [DASHBOARD] ✅ fb-h5-a success
2026-08-06 12:01:18 [DASHBOARD] ✅ kwai-pwa success
2026-08-06 12:01:18 [DASHBOARD] ✅ fb-pwa-a success
2026-08-06 12:01:18 [DASHBOARD] ✅ DL success
2026-08-06 12:01:18 [DASHBOARD] ✅ 其他 success
2026-08-06 12:01:18 [DASHBOARD] Brazil now : 2026-08-06 01:00:00.199791-03:00
2026-08-06 12:01:18 [DASHBOARD] Report day : 2026-08-06
2026-08-06 12:01:18 [DASHBOARD] Yesterday  : 2026-08-05
2026-08-06 12:01:18 [DASHBOARD] Hour start : 2026-08-05 03:00:00+00:00
2026-08-06 12:01:18 [DASHBOARD] Hour end   : 2026-08-05 03:59:59+00:00
2026-08-06 12:01:18 [DASHBOARD] Brazil now : 2026-08-06 01:00:00.199791-03:00
2026-08-06 12:01:18 [DASHBOARD] Hour start : 2026-08-05 03:00:00+00:00
2026-08-06 12:01:18 [DASHBOARD] Hour end   : 2026-08-05 03:59:59+00:00
2026-08-06 12:01:18 [DASHBOARD] ✅ hour ALL_TOTAL
2026-08-06 12:01:18 [DASHBOARD] ✅ hour fb-h5-b
2026-08-06 12:01:18 [DASHBOARD] ✅ hour fb-ios
2026-08-06 12:01:18 [DASHBOARD] ✅ hour 上架包
2026-08-06 12:01:18 [DASHBOARD] ✅ hour kwai-pwa
2026-08-06 12:01:18 [DASHBOARD] ✅ hour fb-h5-a
2026-08-06 12:01:18 [DASHBOARD] ✅ hour tt-pwa
2026-08-06 12:01:18 [DASHBOARD] ✅ hour fb-pwa-b
2026-08-06 12:01:18 [DASHBOARD] ✅ hour tt-h5
2026-08-06 12:01:18 [DASHBOARD] ✅ hour fb-pwa-a
2026-08-06 12:01:18 [DASHBOARD] ✅ hour fb-pwa
2026-08-06 12:01:18 [DASHBOARD] ✅ hour DL
2026-08-06 12:01:18 [DASHBOARD] ✅ hour 其他
2026-08-06 12:01:18 [DASHBOARD] ✅ retention ALL
2026-08-06 12:01:18 [DASHBOARD] ✅ retention fb-h5-b
2026-08-06 12:01:18 [DASHBOARD] ✅ retention kwai-pwa
2026-08-06 12:01:18 [DASHBOARD] ✅ retention tt-h5
2026-08-06 12:01:18 [DASHBOARD] ✅ retention fb-pwa
2026-08-06 12:01:18 [DASHBOARD] ✅ retention fb-ios
2026-08-06 12:01:18 [DASHBOARD] ✅ retention fb-pwa-a
2026-08-06 12:01:18 [DASHBOARD] ✅ retention tt-pwa
2026-08-06 12:01:18 [DASHBOARD] ✅ retention fb-pwa-b
2026-08-06 12:01:18 [DASHBOARD] ✅ retention fb-h5-a
2026-08-06 12:01:18 [DASHBOARD] ✅ retention 上架包
2026-08-06 12:01:18 [DASHBOARD] ✅ retention DL
2026-08-06 12:01:18 [DASHBOARD] ✅ retention 其他
2026-08-06 12:01:18 [DASHBOARD] Loading realtime data...
2026-08-06 12:01:18 [DASHBOARD] ✅ realtime 2026-08-06
2026-08-06 12:01:18 [DASHBOARD] ✅ realtime 2026-08-05
2026-08-06 12:01:18 [DASHBOARD] ✅ realtime 2026-08-04
2026-08-06 12:01:18 [DASHBOARD] ✅ realtime 2026-08-03
2026-08-06 12:01:18 [DASHBOARD] ✅ Saved: /Users/xiaoruan/Documents/76b-getdata/data.json
2026-08-06 12:01:18 [DASHBOARD] ✅ Commit success
2026-08-06 12:01:18 [DASHBOARD] ✅ GitHub updated
2026-08-06 12:02:11 [DASHBOARD] ✅ ALL_TOTAL success
2026-08-06 12:02:11 [DASHBOARD] ✅ fb-h5-a success
2026-08-06 12:02:11 [DASHBOARD] ✅ fb-h5 success
2026-08-06 12:02:11 [DASHBOARD] ✅ fb-ios success
2026-08-06 12:02:11 [DASHBOARD] ✅ tt-pwa success
2026-08-06 12:02:11 [DASHBOARD] ✅ fb-pwa-a success
2026-08-06 12:02:11 [DASHBOARD] ✅ 其他 success
2026-08-06 12:02:11 [DASHBOARD] ✅ ws-h5 success
2026-08-06 12:02:11 [DASHBOARD] ✅ 回访 success
2026-08-06 12:02:11 [DASHBOARD] ✅ fb-pwa success
2026-08-06 12:02:11 [DASHBOARD] ✅ dsp-h5 success
2026-08-06 12:02:11 [DASHBOARD] ✅ kwai-pwa success
2026-08-06 12:02:11 [DASHBOARD] Brazil now : 2026-08-06 01:01:18.884138-03:00
2026-08-06 12:02:11 [DASHBOARD] Report day : 2026-08-06
2026-08-06 12:02:11 [DASHBOARD] Yesterday  : 2026-08-05
2026-08-06 12:02:11 [DASHBOARD] Hour start : 2026-08-05 03:00:00+00:00
2026-08-06 12:02:11 [DASHBOARD] Hour end   : 2026-08-05 03:59:59+00:00
2026-08-06 12:02:11 [DASHBOARD] Brazil now : 2026-08-06 01:01:18.884138-03:00
2026-08-06 12:02:11 [DASHBOARD] Hour start : 2026-08-05 03:00:00+00:00
2026-08-06 12:02:11 [DASHBOARD] Hour end   : 2026-08-05 03:59:59+00:00
2026-08-06 12:02:11 [DASHBOARD] ✅ hour ALL_TOTAL
2026-08-06 12:02:11 [DASHBOARD] ✅ hour kwai-pwa
2026-08-06 12:02:11 [DASHBOARD] ✅ hour fb-ios
2026-08-06 12:02:11 [DASHBOARD] ✅ hour fb-pwa
2026-08-06 12:02:11 [DASHBOARD] ✅ hour 其他
2026-08-06 12:02:11 [DASHBOARD] ✅ hour 回访
2026-08-06 12:02:11 [DASHBOARD] ✅ hour fb-pwa-a
2026-08-06 12:02:11 [DASHBOARD] ✅ hour fb-h5-a
2026-08-06 12:02:11 [DASHBOARD] ✅ hour dsp-h5
2026-08-06 12:02:11 [DASHBOARD] ✅ hour fb-h5
2026-08-06 12:02:11 [DASHBOARD] ✅ hour ws-h5
2026-08-06 12:02:11 [DASHBOARD] ❌ hour tt-pwa HTTPSConnectionPool(host='api6.o-9-d-4.com', port=443): Read timed out. (read timeout=20)
2026-08-06 12:02:11 [DASHBOARD] ✅ retention ALL
2026-08-06 12:02:11 [DASHBOARD] ✅ retention fb-ios
2026-08-06 12:02:11 [DASHBOARD] ✅ retention fb-h5
2026-08-06 12:02:11 [DASHBOARD] ✅ retention 其他
2026-08-06 12:02:11 [DASHBOARD] ✅ retention fb-pwa-a
2026-08-06 12:02:11 [DASHBOARD] ✅ retention tt-pwa
2026-08-06 12:02:11 [DASHBOARD] ✅ retention kwai-pwa
2026-08-06 12:02:11 [DASHBOARD] ✅ retention dsp-h5
2026-08-06 12:02:11 [DASHBOARD] ✅ retention 回访
2026-08-06 12:02:11 [DASHBOARD] ✅ retention fb-pwa
2026-08-06 12:02:11 [DASHBOARD] ✅ retention fb-h5-a
2026-08-06 12:02:11 [DASHBOARD] ✅ retention ws-h5
2026-08-06 12:02:11 [DASHBOARD] Loading realtime data...
2026-08-06 12:02:11 [DASHBOARD] ✅ realtime 2026-08-06
2026-08-06 12:02:11 [DASHBOARD] ✅ realtime 2026-08-05
2026-08-06 12:02:11 [DASHBOARD] ✅ realtime 2026-08-04
2026-08-06 12:02:11 [DASHBOARD] ✅ realtime 2026-08-03
2026-08-06 12:02:11 [DASHBOARD] ✅ Saved: /Users/xiaoruan/Documents/76b-getdata/nn22.json
2026-08-06 12:02:11 [DASHBOARD] ✅ Commit success
2026-08-06 12:02:11 [DASHBOARD] ✅ GitHub updated
2026-08-06 12:03:01 [DASHBOARD] ✅ ALL_TOTAL success
2026-08-06 12:03:01 [DASHBOARD] ✅ fb-pwa-a success
2026-08-06 12:03:01 [DASHBOARD] ✅ tt-pwa success
2026-08-06 12:03:01 [DASHBOARD] ✅ 上架包 success
2026-08-06 12:03:01 [DASHBOARD] ✅ kwai-pwa success
2026-08-06 12:03:01 [DASHBOARD] ✅ fb-pwa-b success
2026-08-06 12:03:01 [DASHBOARD] ✅ fb-h5 success
2026-08-06 12:03:01 [DASHBOARD] ✅ ws-h5 success
2026-08-06 12:03:01 [DASHBOARD] ✅ 其他 success
2026-08-06 12:03:01 [DASHBOARD] ✅ DL success
2026-08-06 12:03:01 [DASHBOARD] ✅ fb-ios success
2026-08-06 12:03:01 [DASHBOARD] ✅ fb-h5-a success
2026-08-06 12:03:01 [DASHBOARD] ✅ fb-pwa success
2026-08-06 12:03:01 [DASHBOARD] Brazil now : 2026-08-06 01:02:11.741937-03:00
2026-08-06 12:03:01 [DASHBOARD] Report day : 2026-08-06
2026-08-06 12:03:01 [DASHBOARD] Yesterday  : 2026-08-05
2026-08-06 12:03:01 [DASHBOARD] Hour start : 2026-08-05 03:00:00+00:00
2026-08-06 12:03:01 [DASHBOARD] Hour end   : 2026-08-05 03:59:59+00:00
2026-08-06 12:03:01 [DASHBOARD] Brazil now : 2026-08-06 01:02:11.741937-03:00
2026-08-06 12:03:01 [DASHBOARD] Hour start : 2026-08-05 03:00:00+00:00
2026-08-06 12:03:01 [DASHBOARD] Hour end   : 2026-08-05 03:59:59+00:00
2026-08-06 12:03:01 [DASHBOARD] ✅ hour ALL_TOTAL
2026-08-06 12:03:01 [DASHBOARD] ✅ hour kwai-pwa
2026-08-06 12:03:01 [DASHBOARD] ✅ hour fb-pwa-b
2026-08-06 12:03:01 [DASHBOARD] ✅ hour DL
2026-08-06 12:03:01 [DASHBOARD] ✅ hour fb-pwa
2026-08-06 12:03:01 [DASHBOARD] ✅ hour 上架包
2026-08-06 12:03:01 [DASHBOARD] ✅ hour fb-h5
2026-08-06 12:03:01 [DASHBOARD] ✅ hour fb-pwa-a
2026-08-06 12:03:01 [DASHBOARD] ✅ hour fb-ios
2026-08-06 12:03:01 [DASHBOARD] ✅ hour tt-pwa
2026-08-06 12:03:01 [DASHBOARD] ✅ hour fb-h5-a
2026-08-06 12:03:01 [DASHBOARD] ✅ hour ws-h5
2026-08-06 12:03:01 [DASHBOARD] ✅ hour 其他
2026-08-06 12:03:01 [DASHBOARD] ✅ retention ALL
2026-08-06 12:03:01 [DASHBOARD] ✅ retention fb-h5
2026-08-06 12:03:01 [DASHBOARD] ✅ retention tt-pwa
2026-08-06 12:03:01 [DASHBOARD] ✅ retention fb-pwa-b
2026-08-06 12:03:01 [DASHBOARD] ✅ retention 上架包
2026-08-06 12:03:01 [DASHBOARD] ✅ retention fb-h5-a
2026-08-06 12:03:01 [DASHBOARD] ✅ retention fb-ios
2026-08-06 12:03:01 [DASHBOARD] ✅ retention fb-pwa
2026-08-06 12:03:01 [DASHBOARD] ✅ retention fb-pwa-a
2026-08-06 12:03:01 [DASHBOARD] ✅ retention ws-h5
2026-08-06 12:03:01 [DASHBOARD] ✅ retention 其他
2026-08-06 12:03:01 [DASHBOARD] ✅ retention DL
2026-08-06 12:03:01 [DASHBOARD] ✅ retention kwai-pwa
2026-08-06 12:03:01 [DASHBOARD] Loading realtime data...
2026-08-06 12:03:01 [DASHBOARD] ✅ realtime 2026-08-06
2026-08-06 12:03:01 [DASHBOARD] ✅ realtime 2026-08-05
2026-08-06 12:03:01 [DASHBOARD] ✅ realtime 2026-08-04
2026-08-06 12:03:01 [DASHBOARD] ✅ realtime 2026-08-03
2026-08-06 12:03:01 [DASHBOARD] ✅ Saved: /Users/xiaoruan/Documents/76b-getdata/23a.json
2026-08-06 12:03:01 [DASHBOARD] ✅ Commit success
2026-08-06 12:03:01 [DASHBOARD] ✅ GitHub updated
2026-08-06 12:03:40 [DASHBOARD] ✅ ALL_TOTAL success
2026-08-06 12:03:40 [DASHBOARD] ✅ 上架包 success
2026-08-06 12:03:40 [DASHBOARD] ✅ fb-pwa success
2026-08-06 12:03:40 [DASHBOARD] ✅ fb-h5 success
2026-08-06 12:03:40 [DASHBOARD] ✅ fb-pwa-b success
2026-08-06 12:03:40 [DASHBOARD] ✅ fb-pwa-a success
2026-08-06 12:03:40 [DASHBOARD] ✅ tt-pwa success
2026-08-06 12:03:40 [DASHBOARD] ✅ kwai-pwa success
2026-08-06 12:03:40 [DASHBOARD] ✅ 其他 success
2026-08-06 12:03:40 [DASHBOARD] ✅ DL success
2026-08-06 12:03:40 [DASHBOARD] ✅ fb-ios success
2026-08-06 12:03:40 [DASHBOARD] Brazil now : 2026-08-06 01:03:01.330856-03:00
2026-08-06 12:03:40 [DASHBOARD] Report day : 2026-08-06
2026-08-06 12:03:40 [DASHBOARD] Yesterday  : 2026-08-05
2026-08-06 12:03:40 [DASHBOARD] Hour start : 2026-08-05 03:00:00+00:00
2026-08-06 12:03:40 [DASHBOARD] Hour end   : 2026-08-05 03:59:59+00:00
2026-08-06 12:03:40 [DASHBOARD] Brazil now : 2026-08-06 01:03:01.330856-03:00
2026-08-06 12:03:40 [DASHBOARD] Hour start : 2026-08-05 03:00:00+00:00
2026-08-06 12:03:40 [DASHBOARD] Hour end   : 2026-08-05 03:59:59+00:00
2026-08-06 12:03:40 [DASHBOARD] ✅ hour ALL_TOTAL
2026-08-06 12:03:40 [DASHBOARD] ✅ hour 上架包
2026-08-06 12:03:40 [DASHBOARD] ✅ hour 其他
2026-08-06 12:03:40 [DASHBOARD] ✅ hour fb-pwa-b
2026-08-06 12:03:40 [DASHBOARD] ✅ hour DL
2026-08-06 12:03:40 [DASHBOARD] ✅ hour fb-ios
2026-08-06 12:03:40 [DASHBOARD] ✅ hour fb-pwa
2026-08-06 12:03:40 [DASHBOARD] ✅ hour tt-pwa
2026-08-06 12:03:40 [DASHBOARD] ✅ hour fb-pwa-a
2026-08-06 12:03:40 [DASHBOARD] ✅ hour kwai-pwa
2026-08-06 12:03:40 [DASHBOARD] ✅ hour fb-h5
2026-08-06 12:03:40 [DASHBOARD] ✅ retention ALL
2026-08-06 12:03:40 [DASHBOARD] ✅ retention fb-pwa-a
2026-08-06 12:03:40 [DASHBOARD] ✅ retention fb-ios
2026-08-06 12:03:40 [DASHBOARD] ✅ retention tt-pwa
2026-08-06 12:03:40 [DASHBOARD] ✅ retention kwai-pwa
2026-08-06 12:03:40 [DASHBOARD] ✅ retention 其他
2026-08-06 12:03:40 [DASHBOARD] ✅ retention fb-h5
2026-08-06 12:03:40 [DASHBOARD] ✅ retention fb-pwa-b
2026-08-06 12:03:40 [DASHBOARD] ✅ retention DL
2026-08-06 12:03:40 [DASHBOARD] ✅ retention 上架包
2026-08-06 12:03:40 [DASHBOARD] ✅ retention fb-pwa
2026-08-06 12:03:40 [DASHBOARD] Loading realtime data...
2026-08-06 12:03:40 [DASHBOARD] ✅ realtime 2026-08-06
2026-08-06 12:03:40 [DASHBOARD] ✅ realtime 2026-08-05
2026-08-06 12:03:40 [DASHBOARD] ✅ realtime 2026-08-04
2026-08-06 12:03:40 [DASHBOARD] ✅ realtime 2026-08-03
2026-08-06 12:03:40 [DASHBOARD] ✅ Saved: /Users/xiaoruan/Documents/76b-getdata/23e.json
2026-08-06 12:03:40 [DASHBOARD] ✅ Commit success
2026-08-06 12:03:40 [DASHBOARD] ✅ GitHub updated
2026-08-06 12:03:40 [DASHBOARD] ✅ Done
2026-08-06 12:03:40 [DASHBOARD] ✅ 推广汇总更新完成
2026-08-06 12:05:00 [QUANJU] ============================================================
2026-08-06 12:05:00 [QUANJU] 🚀 2026-08-06 01:05:00.055563-03:00
2026-08-06 12:09:29 [QUANJU] 🇧🇷 Brazil Time : 2026-08-06 01:05:01.808991-03:00
2026-08-06 12:09:29 [QUANJU] 📅 Query Date : 2026-08-05
2026-08-06 12:09:29 [QUANJU] 
2026-08-06 12:09:29 [QUANJU] ================================================================================
2026-08-06 12:09:29 [QUANJU] JS-团队-每日全局报表
2026-08-06 12:09:29 [QUANJU] ================================================================================
2026-08-06 12:09:29 [QUANJU] 🚀 开始并发获取数据...
2026-08-06 12:09:29 [QUANJU] 
2026-08-06 12:09:29 [QUANJU] ============================================================
2026-08-06 12:09:29 [QUANJU] 开始获取： 15016-73J
2026-08-06 12:09:29 [QUANJU] ============================================================
2026-08-06 12:09:29 [QUANJU] 
2026-08-06 12:09:29 [QUANJU] ============================================================
2026-08-06 12:09:29 [QUANJU] 开始获取： 16028-23E
2026-08-06 12:09:29 [QUANJU] ============================================================
2026-08-06 12:09:29 [QUANJU] 
2026-08-06 12:09:29 [QUANJU] ============================================================
2026-08-06 12:09:29 [QUANJU] 开始获取： 16021-23A
2026-08-06 12:09:29 [QUANJU] ============================================================
2026-08-06 12:09:29 [QUANJU] dashboard: 200
2026-08-06 12:09:29 [QUANJU] dashboard: 200
2026-08-06 12:09:29 [QUANJU] dashboard: 200
2026-08-06 12:09:29 [QUANJU] gameRecord: 200
2026-08-06 12:09:29 [QUANJU] gameRecord: 200
2026-08-06 12:09:29 [QUANJU] assetsChange: 200
2026-08-06 12:09:29 [QUANJU] 
2026-08-06 12:09:29 [QUANJU] ➡️ Website=16021-23A | AppType=全部
2026-08-06 12:09:29 [QUANJU] assetsChange: 200
2026-08-06 12:09:29 [QUANJU] 
2026-08-06 12:09:29 [QUANJU] ➡️ Website=15016-73J | AppType=全部
2026-08-06 12:09:29 [QUANJU] gameRecord: 200
2026-08-06 12:09:29 [QUANJU] assetsChange: 200
2026-08-06 12:09:29 [QUANJU] 
2026-08-06 12:09:29 [QUANJU] ➡️ Website=16028-23E | AppType=全部
2026-08-06 12:09:29 [QUANJU] HTTP Status = 200
2026-08-06 12:09:29 [QUANJU] ✅ Total = 257545
2026-08-06 12:09:29 [QUANJU] 
2026-08-06 12:09:29 [QUANJU] ➡️ Website=16021-23A | AppType=安卓H5
2026-08-06 12:09:29 [QUANJU] HTTP Status = 200
2026-08-06 12:09:29 [QUANJU] ✅ Total = 3966
2026-08-06 12:09:29 [QUANJU] 
2026-08-06 12:09:29 [QUANJU] ➡️ Website=16021-23A | AppType=苹果H5
2026-08-06 12:09:29 [QUANJU] HTTP Status = 200
2026-08-06 12:09:29 [QUANJU] ✅ Total = 272414
2026-08-06 12:09:29 [QUANJU] 
2026-08-06 12:09:29 [QUANJU] ➡️ Website=16028-23E | AppType=安卓H5
2026-08-06 12:09:29 [QUANJU] HTTP Status = 200
2026-08-06 12:09:29 [QUANJU] ✅ Total = 421225
2026-08-06 12:09:29 [QUANJU] 
2026-08-06 12:09:29 [QUANJU] ➡️ Website=15016-73J | AppType=安卓H5
2026-08-06 12:09:29 [QUANJU] HTTP Status = 200
2026-08-06 12:09:29 [QUANJU] ✅ Total = 4310
2026-08-06 12:09:29 [QUANJU] 
2026-08-06 12:09:29 [QUANJU] ➡️ Website=16028-23E | AppType=苹果H5
2026-08-06 12:09:29 [QUANJU] HTTP Status = 200
2026-08-06 12:09:29 [QUANJU] ✅ Total = 2317
2026-08-06 12:09:29 [QUANJU] 
2026-08-06 12:09:29 [QUANJU] ➡️ Website=16021-23A | AppType=PWA
2026-08-06 12:09:29 [QUANJU] HTTP Status = 429
2026-08-06 12:09:29 [QUANJU] ⚠️ 操作太频繁，3 giây sau thử lại...
2026-08-06 12:09:29 [QUANJU] HTTP Status = 200
2026-08-06 12:09:29 [QUANJU] ✅ Total = 1681
2026-08-06 12:09:29 [QUANJU] 
2026-08-06 12:09:29 [QUANJU] ➡️ Website=16028-23E | AppType=PWA
2026-08-06 12:09:29 [QUANJU] HTTP Status = 429
2026-08-06 12:09:29 [QUANJU] ⚠️ 操作太频繁，3 giây sau thử lại...
2026-08-06 12:09:29 [QUANJU] HTTP Status = 200
2026-08-06 12:09:29 [QUANJU] ✅ Total = 15863
2026-08-06 12:09:29 [QUANJU] 
2026-08-06 12:09:29 [QUANJU] ➡️ Website=15016-73J | AppType=苹果H5
2026-08-06 12:09:29 [QUANJU] HTTP Status = 200
2026-08-06 12:09:29 [QUANJU] ✅ Total = 8801
2026-08-06 12:09:29 [QUANJU] 
2026-08-06 12:09:29 [QUANJU] ➡️ Website=15016-73J | AppType=PWA
2026-08-06 12:09:29 [QUANJU] HTTP Status = 429
2026-08-06 12:09:29 [QUANJU] ⚠️ 操作太频繁，3 giây sau thử lại...
2026-08-06 12:09:29 [QUANJU] HTTP Status = 429
2026-08-06 12:09:29 [QUANJU] ⚠️ 操作太频繁，3 giây sau thử lại...
2026-08-06 12:09:29 [QUANJU] HTTP Status = 200
2026-08-06 12:09:29 [QUANJU] ✅ Total = 349899
2026-08-06 12:09:29 [QUANJU] 
2026-08-06 12:09:29 [QUANJU] ➡️ Website=15016-73J | AppType=APK
2026-08-06 12:09:29 [QUANJU] HTTP Status = 200
2026-08-06 12:09:29 [QUANJU] ✅ Total = 39936
2026-08-06 12:09:29 [QUANJU] 
2026-08-06 12:09:29 [QUANJU] ➡️ Website=15016-73J | AppType=苹果APP
2026-08-06 12:09:29 [QUANJU] HTTP Status = 200
2026-08-06 12:09:29 [QUANJU] ✅ Total = 1317
2026-08-06 12:09:29 [QUANJU] 
2026-08-06 12:09:29 [QUANJU] ➡️ Website=15016-73J | AppType=电脑系统
2026-08-06 12:09:29 [QUANJU] HTTP Status = 200
2026-08-06 12:09:29 [QUANJU] ✅ Total = 205104
2026-08-06 12:09:29 [QUANJU] 
2026-08-06 12:09:29 [QUANJU] ➡️ Website=16021-23A | AppType=APK
2026-08-06 12:09:29 [QUANJU] HTTP Status = 429
2026-08-06 12:09:29 [QUANJU] ⚠️ 操作太频繁，3 giây sau thử lại...
2026-08-06 12:09:29 [QUANJU] HTTP Status = 200
2026-08-06 12:09:29 [QUANJU] ✅ Total = 222406
2026-08-06 12:09:29 [QUANJU] 
2026-08-06 12:09:29 [QUANJU] ➡️ Website=16028-23E | AppType=APK
2026-08-06 12:09:29 [QUANJU] HTTP Status = 429
2026-08-06 12:09:29 [QUANJU] ⚠️ 操作太频繁，3 giây sau thử lại...
2026-08-06 12:09:29 [QUANJU] HTTP Status = 200
2026-08-06 12:09:29 [QUANJU] ✅ Total = 164
2026-08-06 12:09:29 [QUANJU] 
2026-08-06 12:09:29 [QUANJU] ============================================================
2026-08-06 12:09:29 [QUANJU] 开始获取： 16011-NN22
2026-08-06 12:09:29 [QUANJU] ============================================================
2026-08-06 12:09:29 [QUANJU] dashboard: 200
2026-08-06 12:09:29 [QUANJU] gameRecord: 200
2026-08-06 12:09:29 [QUANJU] HTTP Status = 200
2026-08-06 12:09:29 [QUANJU] ✅ Total = 45765
2026-08-06 12:09:29 [QUANJU] 
2026-08-06 12:09:29 [QUANJU] ➡️ Website=16021-23A | AppType=苹果APP
2026-08-06 12:09:29 [QUANJU] HTTP Status = 429
2026-08-06 12:09:29 [QUANJU] ⚠️ 操作太频繁，3 giây sau thử lại...
2026-08-06 12:09:29 [QUANJU] assetsChange: 200
2026-08-06 12:09:29 [QUANJU] 
2026-08-06 12:09:29 [QUANJU] ➡️ Website=16011-NN22 | AppType=全部
2026-08-06 12:09:29 [QUANJU] HTTP Status = 200
2026-08-06 12:09:29 [QUANJU] ✅ Total = 41114
2026-08-06 12:09:29 [QUANJU] 
2026-08-06 12:09:29 [QUANJU] ➡️ Website=16028-23E | AppType=苹果APP
2026-08-06 12:09:29 [QUANJU] HTTP Status = 429
2026-08-06 12:09:29 [QUANJU] ⚠️ 操作太频繁，3 giây sau thử lại...
2026-08-06 12:09:29 [QUANJU] HTTP Status = 200
2026-08-06 12:09:29 [QUANJU] ✅ Total = 215218
2026-08-06 12:09:29 [QUANJU] 
2026-08-06 12:09:29 [QUANJU] ➡️ Website=16011-NN22 | AppType=安卓H5
2026-08-06 12:09:29 [QUANJU] HTTP Status = 200
2026-08-06 12:09:29 [QUANJU] ✅ Total = 3267
2026-08-06 12:09:29 [QUANJU] 
2026-08-06 12:09:29 [QUANJU] ➡️ Website=16011-NN22 | AppType=苹果H5
2026-08-06 12:09:29 [QUANJU] HTTP Status = 200
2026-08-06 12:09:29 [QUANJU] ✅ Total = 547
2026-08-06 12:09:29 [QUANJU] 
2026-08-06 12:09:29 [QUANJU] ➡️ Website=16011-NN22 | AppType=PWA
2026-08-06 12:09:29 [QUANJU] HTTP Status = 429
2026-08-06 12:09:29 [QUANJU] ⚠️ 操作太频繁，3 giây sau thử lại...
2026-08-06 12:09:29 [QUANJU] HTTP Status = 200
2026-08-06 12:09:29 [QUANJU] ✅ Total = 0
2026-08-06 12:09:29 [QUANJU] ⚠️ TOTAL = 0
2026-08-06 12:09:29 [QUANJU] {
2026-08-06 12:09:29 [QUANJU]   "result": {
2026-08-06 12:09:29 [QUANJU]     "data": {
2026-08-06 12:09:29 [QUANJU]       "json": {
2026-08-06 12:09:29 [QUANJU]         "userList": {
2026-08-06 12:09:29 [QUANJU]           "pageData": [],
2026-08-06 12:09:29 [QUANJU]           "total": 0
2026-08-06 12:09:29 [QUANJU]         }
2026-08-06 12:09:29 [QUANJU]       }
2026-08-06 12:09:29 [QUANJU]     }
2026-08-06 12:09:29 [QUANJU]   }
2026-08-06 12:09:29 [QUANJU] }
2026-08-06 12:09:29 [QUANJU] 
2026-08-06 12:09:29 [QUANJU] ➡️ Website=16021-23A | AppType=电脑系统
2026-08-06 12:09:29 [QUANJU] HTTP Status = 429
2026-08-06 12:09:29 [QUANJU] ⚠️ 操作太频繁，3 giây sau thử lại...
2026-08-06 12:09:29 [QUANJU] HTTP Status = 200
2026-08-06 12:09:29 [QUANJU] ✅ Total = 598
2026-08-06 12:09:29 [QUANJU] 
2026-08-06 12:09:29 [QUANJU] ➡️ Website=16028-23E | AppType=电脑系统
2026-08-06 12:09:29 [QUANJU] HTTP Status = 429
2026-08-06 12:09:29 [QUANJU] ⚠️ 操作太频繁，3 giây sau thử lại...
2026-08-06 12:09:29 [QUANJU] HTTP Status = 200
2026-08-06 12:09:29 [QUANJU] ✅ Total = 171174
2026-08-06 12:09:29 [QUANJU] 
2026-08-06 12:09:29 [QUANJU] ➡️ Website=16011-NN22 | AppType=APK
2026-08-06 12:09:29 [QUANJU] HTTP Status = 429
2026-08-06 12:09:29 [QUANJU] ⚠️ 操作太频繁，3 giây sau thử lại...
2026-08-06 12:09:29 [QUANJU] HTTP Status = 200
2026-08-06 12:09:29 [QUANJU] ✅ Total = 130
2026-08-06 12:09:29 [QUANJU] 
2026-08-06 12:09:29 [QUANJU] ============================================================
2026-08-06 12:09:29 [QUANJU] 开始获取： 2306-76B
2026-08-06 12:09:29 [QUANJU] ============================================================
2026-08-06 12:09:29 [QUANJU] dashboard: 200
2026-08-06 12:09:29 [QUANJU] HTTP Status = 200
2026-08-06 12:09:29 [QUANJU] ✅ Total = 107
2026-08-06 12:09:29 [QUANJU] 
2026-08-06 12:09:29 [QUANJU] ============================================================
2026-08-06 12:09:29 [QUANJU] 开始获取： 2300-5BBB
2026-08-06 12:09:29 [QUANJU] ============================================================
2026-08-06 12:09:29 [QUANJU] gameRecord: 200
2026-08-06 12:09:29 [QUANJU] dashboard: 200
2026-08-06 12:09:29 [QUANJU] gameRecord: 200
2026-08-06 12:09:29 [QUANJU] assetsChange: 200
2026-08-06 12:09:29 [QUANJU] 
2026-08-06 12:09:29 [QUANJU] ➡️ Website=2306-76B | AppType=全部
2026-08-06 12:09:29 [QUANJU] HTTP Status = 200
2026-08-06 12:09:29 [QUANJU] ✅ Total = 37016
2026-08-06 12:09:29 [QUANJU] 
2026-08-06 12:09:29 [QUANJU] ➡️ Website=16011-NN22 | AppType=苹果APP
2026-08-06 12:09:29 [QUANJU] HTTP Status = 429
2026-08-06 12:09:29 [QUANJU] ⚠️ 操作太频繁，3 giây sau thử lại...
2026-08-06 12:09:29 [QUANJU] assetsChange: 200
2026-08-06 12:09:29 [QUANJU] 
2026-08-06 12:09:29 [QUANJU] ➡️ Website=2300-5BBB | AppType=全部
2026-08-06 12:09:29 [QUANJU] HTTP Status = 200
2026-08-06 12:09:29 [QUANJU] ✅ Total = 167063
2026-08-06 12:09:29 [QUANJU] 
2026-08-06 12:09:29 [QUANJU] ➡️ Website=2306-76B | AppType=安卓H5
2026-08-06 12:09:29 [QUANJU] HTTP Status = 200
2026-08-06 12:09:29 [QUANJU] ✅ Total = 24533
2026-08-06 12:09:29 [QUANJU] 
2026-08-06 12:09:29 [QUANJU] ➡️ Website=2300-5BBB | AppType=安卓H5
2026-08-06 12:09:29 [QUANJU] HTTP Status = 200
2026-08-06 12:09:29 [QUANJU] ✅ Total = 2224
2026-08-06 12:09:29 [QUANJU] 
2026-08-06 12:09:29 [QUANJU] ➡️ Website=2306-76B | AppType=苹果H5
2026-08-06 12:09:29 [QUANJU] HTTP Status = 200
2026-08-06 12:09:29 [QUANJU] ✅ Total = 357
2026-08-06 12:09:29 [QUANJU] 
2026-08-06 12:09:29 [QUANJU] ➡️ Website=2300-5BBB | AppType=苹果H5
2026-08-06 12:09:29 [QUANJU] HTTP Status = 200
2026-08-06 12:09:29 [QUANJU] ✅ Total = 2982
2026-08-06 12:09:29 [QUANJU] 
2026-08-06 12:09:29 [QUANJU] ➡️ Website=16011-NN22 | AppType=电脑系统
2026-08-06 12:09:29 [QUANJU] HTTP Status = 429
2026-08-06 12:09:29 [QUANJU] ⚠️ 操作太频繁，3 giây sau thử lại...
2026-08-06 12:09:29 [QUANJU] HTTP Status = 200
2026-08-06 12:09:29 [QUANJU] ✅ Total = 294
2026-08-06 12:09:29 [QUANJU] 
2026-08-06 12:09:29 [QUANJU] ➡️ Website=2306-76B | AppType=PWA
2026-08-06 12:09:29 [QUANJU] HTTP Status = 200
2026-08-06 12:09:29 [QUANJU] ✅ Total = 68
2026-08-06 12:09:29 [QUANJU] 
2026-08-06 12:09:29 [QUANJU] ➡️ Website=2300-5BBB | AppType=PWA
2026-08-06 12:09:29 [QUANJU] HTTP Status = 200
2026-08-06 12:09:29 [QUANJU] ✅ Total = 20005
2026-08-06 12:09:29 [QUANJU] 
2026-08-06 12:09:29 [QUANJU] ➡️ Website=2300-5BBB | AppType=APK
2026-08-06 12:09:29 [QUANJU] HTTP Status = 200
2026-08-06 12:09:29 [QUANJU] ✅ Total = 137163
2026-08-06 12:09:29 [QUANJU] 
2026-08-06 12:09:29 [QUANJU] ➡️ Website=2306-76B | AppType=APK
2026-08-06 12:09:29 [QUANJU] HTTP Status = 200
2026-08-06 12:09:29 [QUANJU] ✅ Total = 205
2026-08-06 12:09:29 [QUANJU] 
2026-08-06 12:09:29 [QUANJU] ============================================================
2026-08-06 12:09:29 [QUANJU] 开始获取： 2527-XXX7
2026-08-06 12:09:29 [QUANJU] ============================================================
2026-08-06 12:09:29 [QUANJU] HTTP Status = 200
2026-08-06 12:09:29 [QUANJU] ✅ Total = 24293
2026-08-06 12:09:29 [QUANJU] 
2026-08-06 12:09:29 [QUANJU] ➡️ Website=2306-76B | AppType=苹果APP
2026-08-06 12:09:29 [QUANJU] HTTP Status = 200
2026-08-06 12:09:29 [QUANJU] ✅ Total = 3589
2026-08-06 12:09:29 [QUANJU] 
2026-08-06 12:09:29 [QUANJU] ➡️ Website=2300-5BBB | AppType=苹果APP
2026-08-06 12:09:29 [QUANJU] dashboard: 200
2026-08-06 12:09:29 [QUANJU] gameRecord: 200
2026-08-06 12:09:29 [QUANJU] HTTP Status = 200
2026-08-06 12:09:29 [QUANJU] ✅ Total = 510
2026-08-06 12:09:29 [QUANJU] 
2026-08-06 12:09:29 [QUANJU] ➡️ Website=2300-5BBB | AppType=电脑系统
2026-08-06 12:09:29 [QUANJU] HTTP Status = 200
2026-08-06 12:09:29 [QUANJU] ✅ Total = 3021
2026-08-06 12:09:29 [QUANJU] 
2026-08-06 12:09:29 [QUANJU] ➡️ Website=2306-76B | AppType=电脑系统
2026-08-06 12:09:29 [QUANJU] assetsChange: 200
2026-08-06 12:09:29 [QUANJU] 
2026-08-06 12:09:29 [QUANJU] ➡️ Website=2527-XXX7 | AppType=全部
2026-08-06 12:09:29 [QUANJU] HTTP Status = 200
2026-08-06 12:09:29 [QUANJU] ✅ Total = 3
2026-08-06 12:09:29 [QUANJU] 
2026-08-06 12:09:29 [QUANJU] ============================================================
2026-08-06 12:09:29 [QUANJU] 开始获取： 15008-WW33
2026-08-06 12:09:29 [QUANJU] ============================================================
2026-08-06 12:09:29 [QUANJU] dashboard: 200
2026-08-06 12:09:29 [QUANJU] HTTP Status = 200
2026-08-06 12:09:29 [QUANJU] ✅ Total = 58
2026-08-06 12:09:29 [QUANJU] 
2026-08-06 12:09:29 [QUANJU] ============================================================
2026-08-06 12:09:29 [QUANJU] 开始获取： 2502-55UU
2026-08-06 12:09:29 [QUANJU] ============================================================
2026-08-06 12:09:29 [QUANJU] HTTP Status = 200
2026-08-06 12:09:29 [QUANJU] ✅ Total = 55482
2026-08-06 12:09:29 [QUANJU] 
2026-08-06 12:09:29 [QUANJU] ➡️ Website=2527-XXX7 | AppType=安卓H5
2026-08-06 12:09:29 [QUANJU] gameRecord: 200
2026-08-06 12:09:29 [QUANJU] dashboard: 200
2026-08-06 12:09:29 [QUANJU] assetsChange: 200
2026-08-06 12:09:29 [QUANJU] 
2026-08-06 12:09:29 [QUANJU] ➡️ Website=15008-WW33 | AppType=全部
2026-08-06 12:09:29 [QUANJU] gameRecord: 200
2026-08-06 12:09:29 [QUANJU] HTTP Status = 200
2026-08-06 12:09:29 [QUANJU] ✅ Total = 648
2026-08-06 12:09:29 [QUANJU] 
2026-08-06 12:09:29 [QUANJU] ➡️ Website=2527-XXX7 | AppType=苹果H5
2026-08-06 12:09:29 [QUANJU] assetsChange: 200
2026-08-06 12:09:29 [QUANJU] 
2026-08-06 12:09:29 [QUANJU] ➡️ Website=2502-55UU | AppType=全部
2026-08-06 12:09:29 [QUANJU] HTTP Status = 200
2026-08-06 12:09:29 [QUANJU] ✅ Total = 22059
2026-08-06 12:09:29 [QUANJU] 
2026-08-06 12:09:29 [QUANJU] ➡️ Website=15008-WW33 | AppType=安卓H5
2026-08-06 12:09:29 [QUANJU] HTTP Status = 200
2026-08-06 12:09:29 [QUANJU] ✅ Total = 51
2026-08-06 12:09:29 [QUANJU] 
2026-08-06 12:09:29 [QUANJU] ➡️ Website=2527-XXX7 | AppType=PWA
2026-08-06 12:09:29 [QUANJU] HTTP Status = 200
2026-08-06 12:09:29 [QUANJU] ✅ Total = 31501
2026-08-06 12:09:29 [QUANJU] 
2026-08-06 12:09:29 [QUANJU] ➡️ Website=2502-55UU | AppType=安卓H5
2026-08-06 12:09:29 [QUANJU] HTTP Status = 200
2026-08-06 12:09:29 [QUANJU] ✅ Total = 268
2026-08-06 12:09:29 [QUANJU] 
2026-08-06 12:09:29 [QUANJU] ➡️ Website=15008-WW33 | AppType=苹果H5
2026-08-06 12:09:29 [QUANJU] HTTP Status = 200
2026-08-06 12:09:29 [QUANJU] ✅ Total = 45568
2026-08-06 12:09:29 [QUANJU] 
2026-08-06 12:09:29 [QUANJU] ➡️ Website=2527-XXX7 | AppType=APK
2026-08-06 12:09:29 [QUANJU] HTTP Status = 200
2026-08-06 12:09:29 [QUANJU] ✅ Total = 426
2026-08-06 12:09:29 [QUANJU] 
2026-08-06 12:09:29 [QUANJU] ➡️ Website=2502-55UU | AppType=苹果H5
2026-08-06 12:09:29 [QUANJU] HTTP Status = 200
2026-08-06 12:09:29 [QUANJU] ✅ Total = 39
2026-08-06 12:09:29 [QUANJU] 
2026-08-06 12:09:29 [QUANJU] ➡️ Website=15008-WW33 | AppType=PWA
2026-08-06 12:09:29 [QUANJU] HTTP Status = 200
2026-08-06 12:09:29 [QUANJU] ✅ Total = 8378
2026-08-06 12:09:29 [QUANJU] 
2026-08-06 12:09:29 [QUANJU] ➡️ Website=2527-XXX7 | AppType=苹果APP
2026-08-06 12:09:29 [QUANJU] HTTP Status = 200
2026-08-06 12:09:29 [QUANJU] ✅ Total = 75
2026-08-06 12:09:29 [QUANJU] 
2026-08-06 12:09:29 [QUANJU] ➡️ Website=2502-55UU | AppType=PWA
2026-08-06 12:09:29 [QUANJU] HTTP Status = 200
2026-08-06 12:09:29 [QUANJU] ✅ Total = 17756
2026-08-06 12:09:29 [QUANJU] 
2026-08-06 12:09:29 [QUANJU] ➡️ Website=15008-WW33 | AppType=APK
2026-08-06 12:09:29 [QUANJU] HTTP Status = 200
2026-08-06 12:09:29 [QUANJU] ✅ Total = 815
2026-08-06 12:09:29 [QUANJU] 
2026-08-06 12:09:29 [QUANJU] ➡️ Website=2527-XXX7 | AppType=电脑系统
2026-08-06 12:09:29 [QUANJU] HTTP Status = 200
2026-08-06 12:09:29 [QUANJU] ✅ Total = 24693
2026-08-06 12:09:29 [QUANJU] 
2026-08-06 12:09:29 [QUANJU] ➡️ Website=2502-55UU | AppType=APK
2026-08-06 12:09:29 [QUANJU] HTTP Status = 200
2026-08-06 12:09:29 [QUANJU] ✅ Total = 3450
2026-08-06 12:09:29 [QUANJU] 
2026-08-06 12:09:29 [QUANJU] ➡️ Website=15008-WW33 | AppType=苹果APP
2026-08-06 12:09:29 [QUANJU] HTTP Status = 200
2026-08-06 12:09:29 [QUANJU] ✅ Total = 19
2026-08-06 12:09:29 [QUANJU] 
2026-08-06 12:09:29 [QUANJU] ============================================================
2026-08-06 12:09:29 [QUANJU] 开始获取： 2515-EE44
2026-08-06 12:09:29 [QUANJU] ============================================================
2026-08-06 12:09:29 [QUANJU] dashboard: 200
2026-08-06 12:09:29 [QUANJU] HTTP Status = 200
2026-08-06 12:09:29 [QUANJU] ✅ Total = 5579
2026-08-06 12:09:29 [QUANJU] 
2026-08-06 12:09:29 [QUANJU] ➡️ Website=2502-55UU | AppType=苹果APP
2026-08-06 12:09:29 [QUANJU] HTTP Status = 429
2026-08-06 12:09:29 [QUANJU] ⚠️ 操作太频繁，3 giây sau thử lại...
2026-08-06 12:09:29 [QUANJU] HTTP Status = 200
2026-08-06 12:09:29 [QUANJU] ✅ Total = 470
2026-08-06 12:09:29 [QUANJU] 
2026-08-06 12:09:29 [QUANJU] ➡️ Website=15008-WW33 | AppType=电脑系统
2026-08-06 12:09:29 [QUANJU] HTTP Status = 429
2026-08-06 12:09:29 [QUANJU] ⚠️ 操作太频繁，3 giây sau thử lại...
2026-08-06 12:09:29 [QUANJU] gameRecord: 200
2026-08-06 12:09:29 [QUANJU] assetsChange: 200
2026-08-06 12:09:29 [QUANJU] 
2026-08-06 12:09:29 [QUANJU] ➡️ Website=2515-EE44 | AppType=全部
2026-08-06 12:09:29 [QUANJU] HTTP Status = 200
2026-08-06 12:09:29 [QUANJU] ✅ Total = 23459
2026-08-06 12:09:29 [QUANJU] 
2026-08-06 12:09:29 [QUANJU] ➡️ Website=2515-EE44 | AppType=安卓H5
2026-08-06 12:09:29 [QUANJU] HTTP Status = 200
2026-08-06 12:09:29 [QUANJU] ✅ Total = 699
2026-08-06 12:09:29 [QUANJU] 
2026-08-06 12:09:29 [QUANJU] ➡️ Website=2502-55UU | AppType=电脑系统
2026-08-06 12:09:29 [QUANJU] HTTP Status = 429
2026-08-06 12:09:29 [QUANJU] ⚠️ 操作太频繁，3 giây sau thử lại...
2026-08-06 12:09:29 [QUANJU] HTTP Status = 200
2026-08-06 12:09:29 [QUANJU] ✅ Total = 420
2026-08-06 12:09:29 [QUANJU] 
2026-08-06 12:09:29 [QUANJU] ➡️ Website=2515-EE44 | AppType=苹果H5
2026-08-06 12:09:29 [QUANJU] HTTP Status = 200
2026-08-06 12:09:29 [QUANJU] ✅ Total = 73
2026-08-06 12:09:29 [QUANJU] 
2026-08-06 12:09:29 [QUANJU] ============================================================
2026-08-06 12:09:29 [QUANJU] 开始获取： 720-BB22
2026-08-06 12:09:29 [QUANJU] ============================================================
2026-08-06 12:09:29 [QUANJU] dashboard: 200
2026-08-06 12:09:29 [QUANJU] HTTP Status = 200
2026-08-06 12:09:29 [QUANJU] ✅ Total = 60
2026-08-06 12:09:29 [QUANJU] 
2026-08-06 12:09:29 [QUANJU] ➡️ Website=2515-EE44 | AppType=PWA
2026-08-06 12:09:29 [QUANJU] gameRecord: 200
2026-08-06 12:09:29 [QUANJU] HTTP Status = 200
2026-08-06 12:09:29 [QUANJU] ✅ Total = 11306
2026-08-06 12:09:29 [QUANJU] 
2026-08-06 12:09:29 [QUANJU] ➡️ Website=2515-EE44 | AppType=APK
2026-08-06 12:09:29 [QUANJU] assetsChange: 200
2026-08-06 12:09:29 [QUANJU] 
2026-08-06 12:09:29 [QUANJU] ➡️ Website=720-BB22 | AppType=全部
2026-08-06 12:09:29 [QUANJU] HTTP Status = 200
2026-08-06 12:09:29 [QUANJU] ✅ Total = 10820
2026-08-06 12:09:29 [QUANJU] 
2026-08-06 12:09:29 [QUANJU] ➡️ Website=2515-EE44 | AppType=苹果APP
2026-08-06 12:09:29 [QUANJU] HTTP Status = 200
2026-08-06 12:09:29 [QUANJU] ✅ Total = 187497
2026-08-06 12:09:29 [QUANJU] 
2026-08-06 12:09:29 [QUANJU] ➡️ Website=720-BB22 | AppType=安卓H5
2026-08-06 12:09:29 [QUANJU] HTTP Status = 200
2026-08-06 12:09:29 [QUANJU] ✅ Total = 26
2026-08-06 12:09:29 [QUANJU] 
2026-08-06 12:09:29 [QUANJU] ============================================================
2026-08-06 12:09:29 [QUANJU] 开始获取： 2409-7JJJ
2026-08-06 12:09:29 [QUANJU] ============================================================
2026-08-06 12:09:29 [QUANJU] dashboard: 200
2026-08-06 12:09:29 [QUANJU] HTTP Status = 200
2026-08-06 12:09:29 [QUANJU] ✅ Total = 777
2026-08-06 12:09:29 [QUANJU] 
2026-08-06 12:09:29 [QUANJU] ➡️ Website=2515-EE44 | AppType=电脑系统
2026-08-06 12:09:29 [QUANJU] HTTP Status = 429
2026-08-06 12:09:29 [QUANJU] ⚠️ 操作太频繁，3 giây sau thử lại...
2026-08-06 12:09:29 [QUANJU] gameRecord: 200
2026-08-06 12:09:29 [QUANJU] HTTP Status = 200
2026-08-06 12:09:29 [QUANJU] ✅ Total = 1346
2026-08-06 12:09:29 [QUANJU] 
2026-08-06 12:09:29 [QUANJU] ➡️ Website=720-BB22 | AppType=苹果H5
2026-08-06 12:09:29 [QUANJU] assetsChange: 200
2026-08-06 12:09:29 [QUANJU] 
2026-08-06 12:09:29 [QUANJU] ➡️ Website=2409-7JJJ | AppType=全部
2026-08-06 12:09:29 [QUANJU] HTTP Status = 200
2026-08-06 12:09:29 [QUANJU] ✅ Total = 227
2026-08-06 12:09:29 [QUANJU] 
2026-08-06 12:09:29 [QUANJU] ➡️ Website=720-BB22 | AppType=PWA
2026-08-06 12:09:29 [QUANJU] HTTP Status = 200
2026-08-06 12:09:29 [QUANJU] ✅ Total = 26123
2026-08-06 12:09:29 [QUANJU] 
2026-08-06 12:09:29 [QUANJU] ➡️ Website=2409-7JJJ | AppType=安卓H5
2026-08-06 12:09:29 [QUANJU] HTTP Status = 200
2026-08-06 12:09:29 [QUANJU] ✅ Total = 74
2026-08-06 12:09:29 [QUANJU] 
2026-08-06 12:09:29 [QUANJU] ============================================================
2026-08-06 12:09:29 [QUANJU] 开始获取： 2501-XX11
2026-08-06 12:09:29 [QUANJU] ============================================================
2026-08-06 12:09:29 [QUANJU] dashboard: 200
2026-08-06 12:09:29 [QUANJU] gameRecord: 200
2026-08-06 12:09:29 [QUANJU] HTTP Status = 200
2026-08-06 12:09:29 [QUANJU] ✅ Total = 351
2026-08-06 12:09:29 [QUANJU] 
2026-08-06 12:09:29 [QUANJU] ➡️ Website=2409-7JJJ | AppType=苹果H5
2026-08-06 12:09:29 [QUANJU] HTTP Status = 200
2026-08-06 12:09:29 [QUANJU] ✅ Total = 150665
2026-08-06 12:09:29 [QUANJU] 
2026-08-06 12:09:29 [QUANJU] ➡️ Website=720-BB22 | AppType=APK
2026-08-06 12:09:29 [QUANJU] assetsChange: 200
2026-08-06 12:09:29 [QUANJU] 
2026-08-06 12:09:29 [QUANJU] ➡️ Website=2501-XX11 | AppType=全部
2026-08-06 12:09:29 [QUANJU] HTTP Status = 200
2026-08-06 12:09:29 [QUANJU] ✅ Total = 44
2026-08-06 12:09:29 [QUANJU] 
2026-08-06 12:09:29 [QUANJU] ➡️ Website=2409-7JJJ | AppType=PWA
2026-08-06 12:09:29 [QUANJU] HTTP Status = 200
2026-08-06 12:09:29 [QUANJU] ✅ Total = 52516
2026-08-06 12:09:29 [QUANJU] 
2026-08-06 12:09:29 [QUANJU] ➡️ Website=2501-XX11 | AppType=安卓H5
2026-08-06 12:09:29 [QUANJU] HTTP Status = 200
2026-08-06 12:09:29 [QUANJU] ✅ Total = 30193
2026-08-06 12:09:29 [QUANJU] 
2026-08-06 12:09:29 [QUANJU] ➡️ Website=720-BB22 | AppType=苹果APP
2026-08-06 12:09:29 [QUANJU] HTTP Status = 200
2026-08-06 12:09:29 [QUANJU] ✅ Total = 7808
2026-08-06 12:09:29 [QUANJU] 
2026-08-06 12:09:29 [QUANJU] ➡️ Website=2409-7JJJ | AppType=APK
2026-08-06 12:09:29 [QUANJU] HTTP Status = 200
2026-08-06 12:09:29 [QUANJU] ✅ Total = 319
2026-08-06 12:09:29 [QUANJU] 
2026-08-06 12:09:29 [QUANJU] ➡️ Website=2501-XX11 | AppType=苹果H5
2026-08-06 12:09:29 [QUANJU] HTTP Status = 200
2026-08-06 12:09:29 [QUANJU] ✅ Total = 43
2026-08-06 12:09:29 [QUANJU] 
2026-08-06 12:09:29 [QUANJU] ➡️ Website=2501-XX11 | AppType=PWA
2026-08-06 12:09:29 [QUANJU] HTTP Status = 200
2026-08-06 12:09:29 [QUANJU] ✅ Total = 16925
2026-08-06 12:09:29 [QUANJU] 
2026-08-06 12:09:29 [QUANJU] ➡️ Website=2409-7JJJ | AppType=苹果APP
2026-08-06 12:09:29 [QUANJU] HTTP Status = 429
2026-08-06 12:09:29 [QUANJU] ⚠️ 操作太频繁，3 giây sau thử lại...
2026-08-06 12:09:29 [QUANJU] HTTP Status = 200
2026-08-06 12:09:29 [QUANJU] ✅ Total = 4772
2026-08-06 12:09:29 [QUANJU] 
2026-08-06 12:09:29 [QUANJU] ➡️ Website=720-BB22 | AppType=电脑系统
2026-08-06 12:09:29 [QUANJU] HTTP Status = 200
2026-08-06 12:09:29 [QUANJU] ✅ Total = 41844
2026-08-06 12:09:29 [QUANJU] 
2026-08-06 12:09:29 [QUANJU] ➡️ Website=2501-XX11 | AppType=APK
2026-08-06 12:09:29 [QUANJU] HTTP Status = 200
2026-08-06 12:09:29 [QUANJU] ✅ Total = 272
2026-08-06 12:09:29 [QUANJU] 
2026-08-06 12:09:29 [QUANJU] ============================================================
2026-08-06 12:09:29 [QUANJU] 开始获取： 928-44WW
2026-08-06 12:09:29 [QUANJU] ============================================================
2026-08-06 12:09:29 [QUANJU] dashboard: 200
2026-08-06 12:09:29 [QUANJU] HTTP Status = 200
2026-08-06 12:09:29 [QUANJU] ✅ Total = 9130
2026-08-06 12:09:29 [QUANJU] 
2026-08-06 12:09:29 [QUANJU] ➡️ Website=2501-XX11 | AppType=苹果APP
2026-08-06 12:09:29 [QUANJU] HTTP Status = 200
2026-08-06 12:09:29 [QUANJU] ✅ Total = 1171
2026-08-06 12:09:29 [QUANJU] 
2026-08-06 12:09:29 [QUANJU] ➡️ Website=2501-XX11 | AppType=电脑系统
2026-08-06 12:09:29 [QUANJU] HTTP Status = 200
2026-08-06 12:09:29 [QUANJU] ✅ Total = 783
2026-08-06 12:09:29 [QUANJU] 
2026-08-06 12:09:29 [QUANJU] ➡️ Website=2409-7JJJ | AppType=电脑系统
2026-08-06 12:09:29 [QUANJU] HTTP Status = 200
2026-08-06 12:09:29 [QUANJU] ✅ Total = 5
2026-08-06 12:09:29 [QUANJU] 
2026-08-06 12:09:29 [QUANJU] ============================================================
2026-08-06 12:09:29 [QUANJU] 开始获取： 923-33NN
2026-08-06 12:09:29 [QUANJU] ============================================================
2026-08-06 12:09:29 [QUANJU] gameRecord: 200
2026-08-06 12:09:29 [QUANJU] dashboard: 200
2026-08-06 12:09:29 [QUANJU] assetsChange: 200
2026-08-06 12:09:29 [QUANJU] 
2026-08-06 12:09:29 [QUANJU] ➡️ Website=928-44WW | AppType=全部
2026-08-06 12:09:29 [QUANJU] HTTP Status = 200
2026-08-06 12:09:29 [QUANJU] ✅ Total = 204
2026-08-06 12:09:29 [QUANJU] 
2026-08-06 12:09:29 [QUANJU] ============================================================
2026-08-06 12:09:29 [QUANJU] 开始获取： 913-RR66
2026-08-06 12:09:29 [QUANJU] ============================================================
2026-08-06 12:09:29 [QUANJU] gameRecord: 200
2026-08-06 12:09:29 [QUANJU] dashboard: 200
2026-08-06 12:09:29 [QUANJU] assetsChange: 200
2026-08-06 12:09:29 [QUANJU] 
2026-08-06 12:09:29 [QUANJU] ➡️ Website=923-33NN | AppType=全部
2026-08-06 12:09:29 [QUANJU] gameRecord: 200
2026-08-06 12:09:29 [QUANJU] HTTP Status = 200
2026-08-06 12:09:29 [QUANJU] ✅ Total = 30798
2026-08-06 12:09:29 [QUANJU] 
2026-08-06 12:09:29 [QUANJU] ➡️ Website=928-44WW | AppType=安卓H5
2026-08-06 12:09:29 [QUANJU] assetsChange: 200
2026-08-06 12:09:29 [QUANJU] 
2026-08-06 12:09:29 [QUANJU] ➡️ Website=913-RR66 | AppType=全部
2026-08-06 12:09:29 [QUANJU] HTTP Status = 200
2026-08-06 12:09:29 [QUANJU] ✅ Total = 60295
2026-08-06 12:09:29 [QUANJU] 
2026-08-06 12:09:29 [QUANJU] ➡️ Website=923-33NN | AppType=安卓H5
2026-08-06 12:09:29 [QUANJU] HTTP Status = 200
2026-08-06 12:09:29 [QUANJU] ✅ Total = 267
2026-08-06 12:09:29 [QUANJU] 
2026-08-06 12:09:29 [QUANJU] ➡️ Website=928-44WW | AppType=苹果H5
2026-08-06 12:09:29 [QUANJU] HTTP Status = 200
2026-08-06 12:09:29 [QUANJU] ✅ Total = 350
2026-08-06 12:09:29 [QUANJU] 
2026-08-06 12:09:29 [QUANJU] ➡️ Website=923-33NN | AppType=苹果H5
2026-08-06 12:09:29 [QUANJU] HTTP Status = 200
2026-08-06 12:09:29 [QUANJU] ✅ Total = 51502
2026-08-06 12:09:29 [QUANJU] 
2026-08-06 12:09:29 [QUANJU] ➡️ Website=913-RR66 | AppType=安卓H5
2026-08-06 12:09:29 [QUANJU] HTTP Status = 200
2026-08-06 12:09:29 [QUANJU] ✅ Total = 37
2026-08-06 12:09:29 [QUANJU] 
2026-08-06 12:09:29 [QUANJU] ➡️ Website=928-44WW | AppType=PWA
2026-08-06 12:09:29 [QUANJU] HTTP Status = 200
2026-08-06 12:09:29 [QUANJU] ✅ Total = 50
2026-08-06 12:09:29 [QUANJU] 
2026-08-06 12:09:29 [QUANJU] ➡️ Website=923-33NN | AppType=PWA
2026-08-06 12:09:29 [QUANJU] HTTP Status = 200
2026-08-06 12:09:29 [QUANJU] ✅ Total = 379
2026-08-06 12:09:29 [QUANJU] 
2026-08-06 12:09:29 [QUANJU] ➡️ Website=913-RR66 | AppType=苹果H5
2026-08-06 12:09:29 [QUANJU] HTTP Status = 200
2026-08-06 12:09:29 [QUANJU] ✅ Total = 7602
2026-08-06 12:09:29 [QUANJU] 
2026-08-06 12:09:29 [QUANJU] ➡️ Website=928-44WW | AppType=APK
2026-08-06 12:09:29 [QUANJU] HTTP Status = 200
2026-08-06 12:09:29 [QUANJU] ✅ Total = 47623
2026-08-06 12:09:29 [QUANJU] 
2026-08-06 12:09:29 [QUANJU] ➡️ Website=923-33NN | AppType=APK
2026-08-06 12:09:29 [QUANJU] HTTP Status = 200
2026-08-06 12:09:29 [QUANJU] ✅ Total = 10856
2026-08-06 12:09:29 [QUANJU] 
2026-08-06 12:09:29 [QUANJU] ➡️ Website=923-33NN | AppType=苹果APP
2026-08-06 12:09:29 [QUANJU] HTTP Status = 200
2026-08-06 12:09:29 [QUANJU] ✅ Total = 1407
2026-08-06 12:09:29 [QUANJU] 
2026-08-06 12:09:29 [QUANJU] ➡️ Website=923-33NN | AppType=电脑系统
2026-08-06 12:09:29 [QUANJU] HTTP Status = 429
2026-08-06 12:09:29 [QUANJU] ⚠️ 操作太频繁，3 giây sau thử lại...
2026-08-06 12:09:29 [QUANJU] HTTP Status = 200
2026-08-06 12:09:29 [QUANJU] ✅ Total = 21856
2026-08-06 12:09:29 [QUANJU] 
2026-08-06 12:09:29 [QUANJU] ➡️ Website=928-44WW | AppType=苹果APP
2026-08-06 12:09:29 [QUANJU] HTTP Status = 200
2026-08-06 12:09:29 [QUANJU] ✅ Total = 56
2026-08-06 12:09:29 [QUANJU] 
2026-08-06 12:09:29 [QUANJU] ➡️ Website=913-RR66 | AppType=PWA
2026-08-06 12:09:29 [QUANJU] HTTP Status = 200
2026-08-06 12:09:29 [QUANJU] ✅ Total = 1027
2026-08-06 12:09:29 [QUANJU] 
2026-08-06 12:09:29 [QUANJU] ➡️ Website=928-44WW | AppType=电脑系统
2026-08-06 12:09:29 [QUANJU] HTTP Status = 200
2026-08-06 12:09:29 [QUANJU] ✅ Total = 40561
2026-08-06 12:09:29 [QUANJU] 
2026-08-06 12:09:29 [QUANJU] ➡️ Website=913-RR66 | AppType=APK
2026-08-06 12:09:29 [QUANJU] HTTP Status = 200
2026-08-06 12:09:29 [QUANJU] ✅ Total = 5
2026-08-06 12:09:29 [QUANJU] 
2026-08-06 12:09:29 [QUANJU] ============================================================
2026-08-06 12:09:29 [QUANJU] 开始获取： 915-KK44
2026-08-06 12:09:29 [QUANJU] ============================================================
2026-08-06 12:09:29 [QUANJU] HTTP Status = 200
2026-08-06 12:09:29 [QUANJU] ✅ Total = 7
2026-08-06 12:09:29 [QUANJU] 
2026-08-06 12:09:29 [QUANJU] ============================================================
2026-08-06 12:09:29 [QUANJU] 开始获取： 907-33CC
2026-08-06 12:09:29 [QUANJU] ============================================================
2026-08-06 12:09:29 [QUANJU] HTTP Status = 200
2026-08-06 12:09:29 [QUANJU] ✅ Total = 9042
2026-08-06 12:09:29 [QUANJU] 
2026-08-06 12:09:29 [QUANJU] ➡️ Website=913-RR66 | AppType=苹果APP
2026-08-06 12:09:29 [QUANJU] dashboard: 200
2026-08-06 12:09:29 [QUANJU] dashboard: 200
2026-08-06 12:09:29 [QUANJU] gameRecord: 200
2026-08-06 12:09:29 [QUANJU] gameRecord: 200
2026-08-06 12:09:29 [QUANJU] HTTP Status = 200
2026-08-06 12:09:29 [QUANJU] ✅ Total = 1212
2026-08-06 12:09:29 [QUANJU] 
2026-08-06 12:09:29 [QUANJU] ➡️ Website=913-RR66 | AppType=电脑系统
2026-08-06 12:09:29 [QUANJU] assetsChange: 200
2026-08-06 12:09:29 [QUANJU] 
2026-08-06 12:09:29 [QUANJU] ➡️ Website=915-KK44 | AppType=全部
2026-08-06 12:09:29 [QUANJU] assetsChange: 200
2026-08-06 12:09:29 [QUANJU] 
2026-08-06 12:09:29 [QUANJU] ➡️ Website=907-33CC | AppType=全部
2026-08-06 12:09:29 [QUANJU] HTTP Status = 200
2026-08-06 12:09:29 [QUANJU] ✅ Total = 245
2026-08-06 12:09:29 [QUANJU] 
2026-08-06 12:09:29 [QUANJU] ============================================================
2026-08-06 12:09:29 [QUANJU] 开始获取： 517-22CC
2026-08-06 12:09:29 [QUANJU] ============================================================
2026-08-06 12:09:29 [QUANJU] dashboard: 200
2026-08-06 12:09:29 [QUANJU] HTTP Status = 200
2026-08-06 12:09:29 [QUANJU] ✅ Total = 32677
2026-08-06 12:09:29 [QUANJU] 
2026-08-06 12:09:29 [QUANJU] ➡️ Website=915-KK44 | AppType=安卓H5
2026-08-06 12:09:29 [QUANJU] gameRecord: 200
2026-08-06 12:09:29 [QUANJU] HTTP Status = 200
2026-08-06 12:09:29 [QUANJU] ✅ Total = 57019
2026-08-06 12:09:29 [QUANJU] 
2026-08-06 12:09:29 [QUANJU] ➡️ Website=907-33CC | AppType=安卓H5
2026-08-06 12:09:29 [QUANJU] HTTP Status = 200
2026-08-06 12:09:29 [QUANJU] ✅ Total = 400
2026-08-06 12:09:29 [QUANJU] 
2026-08-06 12:09:29 [QUANJU] ➡️ Website=915-KK44 | AppType=苹果H5
2026-08-06 12:09:29 [QUANJU] assetsChange: 200
2026-08-06 12:09:29 [QUANJU] 
2026-08-06 12:09:29 [QUANJU] ➡️ Website=517-22CC | AppType=全部
2026-08-06 12:09:29 [QUANJU] HTTP Status = 200
2026-08-06 12:09:29 [QUANJU] ✅ Total = 367
2026-08-06 12:09:29 [QUANJU] 
2026-08-06 12:09:29 [QUANJU] ➡️ Website=907-33CC | AppType=苹果H5
2026-08-06 12:09:29 [QUANJU] HTTP Status = 200
2026-08-06 12:09:29 [QUANJU] ✅ Total = 34
2026-08-06 12:09:29 [QUANJU] 
2026-08-06 12:09:29 [QUANJU] ➡️ Website=915-KK44 | AppType=PWA
2026-08-06 12:09:29 [QUANJU] HTTP Status = 200
2026-08-06 12:09:29 [QUANJU] ✅ Total = 41
2026-08-06 12:09:29 [QUANJU] 
2026-08-06 12:09:29 [QUANJU] ➡️ Website=907-33CC | AppType=PWA
2026-08-06 12:09:29 [QUANJU] HTTP Status = 200
2026-08-06 12:09:29 [QUANJU] ✅ Total = 35579
2026-08-06 12:09:29 [QUANJU] 
2026-08-06 12:09:29 [QUANJU] ➡️ Website=517-22CC | AppType=安卓H5
2026-08-06 12:09:29 [QUANJU] HTTP Status = 200
2026-08-06 12:09:29 [QUANJU] ✅ Total = 6364
2026-08-06 12:09:29 [QUANJU] 
2026-08-06 12:09:29 [QUANJU] ➡️ Website=915-KK44 | AppType=APK
2026-08-06 12:09:29 [QUANJU] HTTP Status = 200
2026-08-06 12:09:29 [QUANJU] ✅ Total = 45420
2026-08-06 12:09:29 [QUANJU] 
2026-08-06 12:09:29 [QUANJU] ➡️ Website=907-33CC | AppType=APK
2026-08-06 12:09:29 [QUANJU] HTTP Status = 200
2026-08-06 12:09:29 [QUANJU] ✅ Total = 24873
2026-08-06 12:09:29 [QUANJU] 
2026-08-06 12:09:29 [QUANJU] ➡️ Website=915-KK44 | AppType=苹果APP
2026-08-06 12:09:29 [QUANJU] HTTP Status = 429
2026-08-06 12:09:29 [QUANJU] ⚠️ 操作太频繁，3 giây sau thử lại...
2026-08-06 12:09:29 [QUANJU] HTTP Status = 200
2026-08-06 12:09:29 [QUANJU] ✅ Total = 227
2026-08-06 12:09:29 [QUANJU] 
2026-08-06 12:09:29 [QUANJU] ➡️ Website=517-22CC | AppType=苹果H5
2026-08-06 12:09:29 [QUANJU] HTTP Status = 200
2026-08-06 12:09:29 [QUANJU] ✅ Total = 9920
2026-08-06 12:09:29 [QUANJU] 
2026-08-06 12:09:29 [QUANJU] ➡️ Website=907-33CC | AppType=苹果APP
2026-08-06 12:09:29 [QUANJU] HTTP Status = 429
2026-08-06 12:09:29 [QUANJU] ⚠️ 操作太频繁，3 giây sau thử lại...
2026-08-06 12:09:29 [QUANJU] HTTP Status = 200
2026-08-06 12:09:29 [QUANJU] ✅ Total = 33
2026-08-06 12:09:29 [QUANJU] 
2026-08-06 12:09:29 [QUANJU] ➡️ Website=517-22CC | AppType=PWA
2026-08-06 12:09:29 [QUANJU] HTTP Status = 200
2026-08-06 12:09:29 [QUANJU] ✅ Total = 28175
2026-08-06 12:09:29 [QUANJU] 
2026-08-06 12:09:29 [QUANJU] ➡️ Website=517-22CC | AppType=APK
2026-08-06 12:09:29 [QUANJU] HTTP Status = 200
2026-08-06 12:09:29 [QUANJU] ✅ Total = 993
2026-08-06 12:09:29 [QUANJU] 
2026-08-06 12:09:29 [QUANJU] ➡️ Website=915-KK44 | AppType=电脑系统
2026-08-06 12:09:29 [QUANJU] HTTP Status = 200
2026-08-06 12:09:29 [QUANJU] ✅ Total = 1261
2026-08-06 12:09:29 [QUANJU] 
2026-08-06 12:09:29 [QUANJU] ➡️ Website=907-33CC | AppType=电脑系统
2026-08-06 12:09:29 [QUANJU] HTTP Status = 200
2026-08-06 12:09:29 [QUANJU] ✅ Total = 12
2026-08-06 12:09:29 [QUANJU] 
2026-08-06 12:09:29 [QUANJU] ============================================================
2026-08-06 12:09:29 [QUANJU] 开始获取： 713-77SS
2026-08-06 12:09:29 [QUANJU] ============================================================
2026-08-06 12:09:29 [QUANJU] HTTP Status = 200
2026-08-06 12:09:29 [QUANJU] ✅ Total = 6710
2026-08-06 12:09:29 [QUANJU] 
2026-08-06 12:09:29 [QUANJU] ➡️ Website=517-22CC | AppType=苹果APP
2026-08-06 12:09:29 [QUANJU] HTTP Status = 200
2026-08-06 12:09:29 [QUANJU] ✅ Total = 9
2026-08-06 12:09:29 [QUANJU] 
2026-08-06 12:09:29 [QUANJU] ============================================================
2026-08-06 12:09:29 [QUANJU] 开始获取： 707-11CC
2026-08-06 12:09:29 [QUANJU] ============================================================
2026-08-06 12:09:29 [QUANJU] dashboard: 200
2026-08-06 12:09:29 [QUANJU] dashboard: 200
2026-08-06 12:09:29 [QUANJU] gameRecord: 200
2026-08-06 12:09:29 [QUANJU] HTTP Status = 200
2026-08-06 12:09:29 [QUANJU] ✅ Total = 427
2026-08-06 12:09:29 [QUANJU] 
2026-08-06 12:09:29 [QUANJU] ➡️ Website=517-22CC | AppType=电脑系统
2026-08-06 12:09:29 [QUANJU] gameRecord: 200
2026-08-06 12:09:29 [QUANJU] assetsChange: 200
2026-08-06 12:09:29 [QUANJU] 
2026-08-06 12:09:29 [QUANJU] ➡️ Website=713-77SS | AppType=全部
2026-08-06 12:09:29 [QUANJU] assetsChange: 200
2026-08-06 12:09:29 [QUANJU] 
2026-08-06 12:09:29 [QUANJU] ➡️ Website=707-11CC | AppType=全部
2026-08-06 12:09:29 [QUANJU] HTTP Status = 200
2026-08-06 12:09:29 [QUANJU] ✅ Total = 4
2026-08-06 12:09:29 [QUANJU] 
2026-08-06 12:09:29 [QUANJU] ============================================================
2026-08-06 12:09:29 [QUANJU] 开始获取： 706-99SS
2026-08-06 12:09:29 [QUANJU] ============================================================
2026-08-06 12:09:29 [QUANJU] dashboard: 200
2026-08-06 12:09:29 [QUANJU] gameRecord: 200
2026-08-06 12:09:29 [QUANJU] HTTP Status = 200
2026-08-06 12:09:29 [QUANJU] ✅ Total = 43964
2026-08-06 12:09:29 [QUANJU] 
2026-08-06 12:09:29 [QUANJU] ➡️ Website=713-77SS | AppType=安卓H5
2026-08-06 12:09:29 [QUANJU] HTTP Status = 200
2026-08-06 12:09:29 [QUANJU] ✅ Total = 76936
2026-08-06 12:09:29 [QUANJU] 
2026-08-06 12:09:29 [QUANJU] ➡️ Website=707-11CC | AppType=安卓H5
2026-08-06 12:09:29 [QUANJU] assetsChange: 200
2026-08-06 12:09:29 [QUANJU] 
2026-08-06 12:09:29 [QUANJU] ➡️ Website=706-99SS | AppType=全部
2026-08-06 12:09:29 [QUANJU] HTTP Status = 200
2026-08-06 12:09:29 [QUANJU] ✅ Total = 364
2026-08-06 12:09:29 [QUANJU] 
2026-08-06 12:09:29 [QUANJU] ➡️ Website=707-11CC | AppType=苹果H5
2026-08-06 12:09:29 [QUANJU] HTTP Status = 200
2026-08-06 12:09:29 [QUANJU] ✅ Total = 330
2026-08-06 12:09:29 [QUANJU] 
2026-08-06 12:09:29 [QUANJU] ➡️ Website=713-77SS | AppType=苹果H5
2026-08-06 12:09:29 [QUANJU] HTTP Status = 200
2026-08-06 12:09:29 [QUANJU] ✅ Total = 32284
2026-08-06 12:09:29 [QUANJU] 
2026-08-06 12:09:29 [QUANJU] ➡️ Website=706-99SS | AppType=安卓H5
2026-08-06 12:09:29 [QUANJU] HTTP Status = 200
2026-08-06 12:09:29 [QUANJU] ✅ Total = 54
2026-08-06 12:09:29 [QUANJU] 
2026-08-06 12:09:29 [QUANJU] ➡️ Website=707-11CC | AppType=PWA
2026-08-06 12:09:29 [QUANJU] HTTP Status = 200
2026-08-06 12:09:29 [QUANJU] ✅ Total = 33
2026-08-06 12:09:29 [QUANJU] 
2026-08-06 12:09:29 [QUANJU] ➡️ Website=713-77SS | AppType=PWA
2026-08-06 12:09:29 [QUANJU] HTTP Status = 200
2026-08-06 12:09:29 [QUANJU] ✅ Total = 128
2026-08-06 12:09:29 [QUANJU] 
2026-08-06 12:09:29 [QUANJU] ➡️ Website=706-99SS | AppType=苹果H5
2026-08-06 12:09:29 [QUANJU] HTTP Status = 200
2026-08-06 12:09:29 [QUANJU] ✅ Total = 54754
2026-08-06 12:09:29 [QUANJU] 
2026-08-06 12:09:29 [QUANJU] ➡️ Website=707-11CC | AppType=APK
2026-08-06 12:09:29 [QUANJU] HTTP Status = 200
2026-08-06 12:09:29 [QUANJU] ✅ Total = 12787
2026-08-06 12:09:29 [QUANJU] 
2026-08-06 12:09:29 [QUANJU] ➡️ Website=713-77SS | AppType=APK
2026-08-06 12:09:29 [QUANJU] HTTP Status = 200
2026-08-06 12:09:29 [QUANJU] ✅ Total = 25
2026-08-06 12:09:29 [QUANJU] 
2026-08-06 12:09:29 [QUANJU] ➡️ Website=706-99SS | AppType=PWA
2026-08-06 12:09:29 [QUANJU] HTTP Status = 200
2026-08-06 12:09:29 [QUANJU] ✅ Total = 29784
2026-08-06 12:09:29 [QUANJU] 
2026-08-06 12:09:29 [QUANJU] ➡️ Website=713-77SS | AppType=苹果APP
2026-08-06 12:09:29 [QUANJU] HTTP Status = 200
2026-08-06 12:09:29 [QUANJU] ✅ Total = 20316
2026-08-06 12:09:29 [QUANJU] 
2026-08-06 12:09:29 [QUANJU] ➡️ Website=707-11CC | AppType=苹果APP
2026-08-06 12:09:29 [QUANJU] HTTP Status = 200
2026-08-06 12:09:29 [QUANJU] ✅ Total = 7670
2026-08-06 12:09:29 [QUANJU] 
2026-08-06 12:09:29 [QUANJU] ➡️ Website=706-99SS | AppType=APK
2026-08-06 12:09:29 [QUANJU] HTTP Status = 200
2026-08-06 12:09:29 [QUANJU] ✅ Total = 1019
2026-08-06 12:09:29 [QUANJU] 
2026-08-06 12:09:29 [QUANJU] ➡️ Website=713-77SS | AppType=电脑系统
2026-08-06 12:09:29 [QUANJU] HTTP Status = 429
2026-08-06 12:09:29 [QUANJU] ⚠️ 操作太频繁，3 giây sau thử lại...
2026-08-06 12:09:29 [QUANJU] HTTP Status = 200
2026-08-06 12:09:29 [QUANJU] ✅ Total = 826
2026-08-06 12:09:29 [QUANJU] 
2026-08-06 12:09:29 [QUANJU] ➡️ Website=707-11CC | AppType=电脑系统
2026-08-06 12:09:29 [QUANJU] HTTP Status = 429
2026-08-06 12:09:29 [QUANJU] ⚠️ 操作太频繁，3 giây sau thử lại...
2026-08-06 12:09:29 [QUANJU] HTTP Status = 200
2026-08-06 12:09:29 [QUANJU] ✅ Total = 24114
2026-08-06 12:09:29 [QUANJU] 
2026-08-06 12:09:29 [QUANJU] ➡️ Website=706-99SS | AppType=苹果APP
2026-08-06 12:09:29 [QUANJU] HTTP Status = 200
2026-08-06 12:09:29 [QUANJU] ✅ Total = 339
2026-08-06 12:09:29 [QUANJU] 
2026-08-06 12:09:29 [QUANJU] ➡️ Website=706-99SS | AppType=电脑系统
2026-08-06 12:09:29 [QUANJU] HTTP Status = 200
2026-08-06 12:09:29 [QUANJU] ✅ Total = 616
2026-08-06 12:09:29 [QUANJU] 
2026-08-06 12:09:29 [QUANJU] ============================================================
2026-08-06 12:09:29 [QUANJU] 开始获取： 704-66AA
2026-08-06 12:09:29 [QUANJU] ============================================================
2026-08-06 12:09:29 [QUANJU] HTTP Status = 200
2026-08-06 12:09:29 [QUANJU] ✅ Total = 3
2026-08-06 12:09:29 [QUANJU] 
2026-08-06 12:09:29 [QUANJU] ============================================================
2026-08-06 12:09:29 [QUANJU] 开始获取： 650-77GG
2026-08-06 12:09:29 [QUANJU] ============================================================
2026-08-06 12:09:29 [QUANJU] dashboard: 200
2026-08-06 12:09:29 [QUANJU] dashboard: 200
2026-08-06 12:09:29 [QUANJU] gameRecord: 200
2026-08-06 12:09:29 [QUANJU] gameRecord: 200
2026-08-06 12:09:29 [QUANJU] HTTP Status = 200
2026-08-06 12:09:29 [QUANJU] ✅ Total = 6
2026-08-06 12:09:29 [QUANJU] 
2026-08-06 12:09:29 [QUANJU] ============================================================
2026-08-06 12:09:29 [QUANJU] 开始获取： 619-77BB
2026-08-06 12:09:29 [QUANJU] ============================================================
2026-08-06 12:09:29 [QUANJU] assetsChange: 200
2026-08-06 12:09:29 [QUANJU] 
2026-08-06 12:09:29 [QUANJU] ➡️ Website=704-66AA | AppType=全部
2026-08-06 12:09:29 [QUANJU] assetsChange: 200
2026-08-06 12:09:29 [QUANJU] 
2026-08-06 12:09:29 [QUANJU] ➡️ Website=650-77GG | AppType=全部
2026-08-06 12:09:29 [QUANJU] dashboard: 200
2026-08-06 12:09:29 [QUANJU] gameRecord: 200
2026-08-06 12:09:29 [QUANJU] HTTP Status = 200
2026-08-06 12:09:29 [QUANJU] ✅ Total = 142173
2026-08-06 12:09:29 [QUANJU] 
2026-08-06 12:09:29 [QUANJU] ➡️ Website=704-66AA | AppType=安卓H5
2026-08-06 12:09:29 [QUANJU] assetsChange: 200
2026-08-06 12:09:29 [QUANJU] 
2026-08-06 12:09:29 [QUANJU] ➡️ Website=619-77BB | AppType=全部
2026-08-06 12:09:29 [QUANJU] HTTP Status = 200
2026-08-06 12:09:29 [QUANJU] ✅ Total = 86832
2026-08-06 12:09:29 [QUANJU] 
2026-08-06 12:09:29 [QUANJU] ➡️ Website=650-77GG | AppType=安卓H5
2026-08-06 12:09:29 [QUANJU] HTTP Status = 200
2026-08-06 12:09:29 [QUANJU] ✅ Total = 329
2026-08-06 12:09:29 [QUANJU] 
2026-08-06 12:09:29 [QUANJU] ➡️ Website=650-77GG | AppType=苹果H5
2026-08-06 12:09:29 [QUANJU] HTTP Status = 200
2026-08-06 12:09:29 [QUANJU] ✅ Total = 138311
2026-08-06 12:09:29 [QUANJU] 
2026-08-06 12:09:29 [QUANJU] ➡️ Website=619-77BB | AppType=安卓H5
2026-08-06 12:09:29 [QUANJU] HTTP Status = 200
2026-08-06 12:09:29 [QUANJU] ✅ Total = 495
2026-08-06 12:09:29 [QUANJU] 
2026-08-06 12:09:29 [QUANJU] ➡️ Website=704-66AA | AppType=苹果H5
2026-08-06 12:09:29 [QUANJU] HTTP Status = 200
2026-08-06 12:09:29 [QUANJU] ✅ Total = 129
2026-08-06 12:09:29 [QUANJU] 
2026-08-06 12:09:29 [QUANJU] ➡️ Website=650-77GG | AppType=PWA
2026-08-06 12:09:29 [QUANJU] HTTP Status = 200
2026-08-06 12:09:29 [QUANJU] ✅ Total = 110
2026-08-06 12:09:29 [QUANJU] 
2026-08-06 12:09:29 [QUANJU] ➡️ Website=704-66AA | AppType=PWA
2026-08-06 12:09:29 [QUANJU] HTTP Status = 200
2026-08-06 12:09:29 [QUANJU] ✅ Total = 95842
2026-08-06 12:09:29 [QUANJU] 
2026-08-06 12:09:29 [QUANJU] ➡️ Website=704-66AA | AppType=APK
2026-08-06 12:09:29 [QUANJU] HTTP Status = 200
2026-08-06 12:09:29 [QUANJU] ✅ Total = 44254
2026-08-06 12:09:29 [QUANJU] 
2026-08-06 12:09:29 [QUANJU] ➡️ Website=704-66AA | AppType=苹果APP
2026-08-06 12:09:29 [QUANJU] HTTP Status = 200
2026-08-06 12:09:29 [QUANJU] ✅ Total = 62492
2026-08-06 12:09:29 [QUANJU] 
2026-08-06 12:09:29 [QUANJU] ➡️ Website=650-77GG | AppType=APK
2026-08-06 12:09:29 [QUANJU] HTTP Status = 200
2026-08-06 12:09:29 [QUANJU] ✅ Total = 1142
2026-08-06 12:09:29 [QUANJU] 
2026-08-06 12:09:29 [QUANJU] ➡️ Website=704-66AA | AppType=电脑系统
2026-08-06 12:09:29 [QUANJU] HTTP Status = 200
2026-08-06 12:09:29 [QUANJU] ✅ Total = 22885
2026-08-06 12:09:29 [QUANJU] 
2026-08-06 12:09:29 [QUANJU] ➡️ Website=650-77GG | AppType=苹果APP
2026-08-06 12:09:29 [QUANJU] HTTP Status = 200
2026-08-06 12:09:29 [QUANJU] ✅ Total = 685
2026-08-06 12:09:29 [QUANJU] 
2026-08-06 12:09:29 [QUANJU] ➡️ Website=650-77GG | AppType=电脑系统
2026-08-06 12:09:29 [QUANJU] HTTP Status = 200
2026-08-06 12:09:29 [QUANJU] ✅ Total = 312
2026-08-06 12:09:29 [QUANJU] HTTP Status = 200
2026-08-06 12:09:29 [QUANJU] ✅ Total = 302
2026-08-06 12:09:29 [QUANJU] HTTP Status = 200
2026-08-06 12:09:29 [QUANJU] ✅ Total = 2407
2026-08-06 12:09:29 [QUANJU] 
2026-08-06 12:09:29 [QUANJU] ➡️ Website=619-77BB | AppType=苹果H5
2026-08-06 12:09:29 [QUANJU] HTTP Status = 200
2026-08-06 12:09:29 [QUANJU] ✅ Total = 682
2026-08-06 12:09:29 [QUANJU] 
2026-08-06 12:09:29 [QUANJU] ➡️ Website=619-77BB | AppType=PWA
2026-08-06 12:09:29 [QUANJU] HTTP Status = 200
2026-08-06 12:09:29 [QUANJU] ✅ Total = 101232
2026-08-06 12:09:29 [QUANJU] 
2026-08-06 12:09:29 [QUANJU] ➡️ Website=619-77BB | AppType=APK
2026-08-06 12:09:29 [QUANJU] HTTP Status = 200
2026-08-06 12:09:29 [QUANJU] ✅ Total = 30997
2026-08-06 12:09:29 [QUANJU] 
2026-08-06 12:09:29 [QUANJU] ➡️ Website=619-77BB | AppType=苹果APP
2026-08-06 12:09:29 [QUANJU] HTTP Status = 200
2026-08-06 12:09:29 [QUANJU] ✅ Total = 2931
2026-08-06 12:09:29 [QUANJU] 
2026-08-06 12:09:29 [QUANJU] ➡️ Website=619-77BB | AppType=电脑系统
2026-08-06 12:09:29 [QUANJU] HTTP Status = 200
2026-08-06 12:09:29 [QUANJU] ✅ Total = 19
2026-08-06 12:09:29 [QUANJU] 
2026-08-06 12:09:29 [QUANJU] ✅ API全部获取完成
2026-08-06 12:09:29 [QUANJU] 
2026-08-06 12:09:29 [QUANJU] 📤 开始写入Google Sheet...
2026-08-06 12:09:29 [QUANJU] ✅ 15016-73J 上传成功
2026-08-06 12:09:29 [QUANJU] ✅ 16028-23E 上传成功
2026-08-06 12:09:29 [QUANJU] ✅ 16021-23A 上传成功
2026-08-06 12:09:29 [QUANJU] ✅ 16011-NN22 上传成功
2026-08-06 12:09:29 [QUANJU] ✅ 2306-76B 上传成功
2026-08-06 12:09:29 [QUANJU] ✅ 2300-5BBB 上传成功
2026-08-06 12:09:29 [QUANJU] ✅ 2527-XXX7 上传成功
2026-08-06 12:09:29 [QUANJU] ✅ 15008-WW33 上传成功
2026-08-06 12:09:29 [QUANJU] ✅ 2502-55UU 上传成功
2026-08-06 12:09:29 [QUANJU] ✅ 2515-EE44 上传成功
2026-08-06 12:09:29 [QUANJU] ✅ 720-BB22 上传成功
2026-08-06 12:09:29 [QUANJU] ✅ 2409-7JJJ 上传成功
2026-08-06 12:09:29 [QUANJU] ✅ 2501-XX11 上传成功
2026-08-06 12:09:29 [QUANJU] ✅ 928-44WW 上传成功
2026-08-06 12:09:29 [QUANJU] ✅ 923-33NN 上传成功
2026-08-06 12:09:29 [QUANJU] ✅ 913-RR66 上传成功
2026-08-06 12:09:29 [QUANJU] ✅ 915-KK44 上传成功
2026-08-06 12:09:29 [QUANJU] ✅ 907-33CC 上传成功
2026-08-06 12:09:29 [QUANJU] ✅ 517-22CC 上传成功
2026-08-06 12:09:29 [QUANJU] ✅ 713-77SS 上传成功
2026-08-06 12:09:29 [QUANJU] ✅ 707-11CC 上传成功
2026-08-06 12:09:29 [QUANJU] ✅ 706-99SS 上传成功
2026-08-06 12:09:29 [QUANJU] ✅ 704-66AA 上传成功
2026-08-06 12:09:29 [QUANJU] ✅ 650-77GG 上传成功
2026-08-06 12:09:29 [QUANJU] ✅ 619-77BB 上传成功
2026-08-06 12:09:29 [QUANJU] 
2026-08-06 12:09:29 [QUANJU] ================================================================================
2026-08-06 12:09:29 [QUANJU] 全部完成
2026-08-06 12:09:29 [QUANJU] 成功: 25 / 25
2026-08-06 12:09:29 [QUANJU] ================================================================================
2026-08-06 12:09:29 [QUANJU] ✅ Finish
2026-08-06 12:09:29 [QUANJU] ✅ 全站汇总更新完成
2026-08-06 13:00:00 [DASHBOARD] 🚀 Run: 2026-08-06 13:00:00.126638
2026-08-06 13:00:50 [DASHBOARD] ✅ ALL_TOTAL success
2026-08-06 13:00:50 [DASHBOARD] ✅ kwai-pwa success
2026-08-06 13:00:50 [DASHBOARD] ✅ fb-h5-b success
2026-08-06 13:00:50 [DASHBOARD] ✅ 上架包 success
2026-08-06 13:00:50 [DASHBOARD] ✅ fb-pwa-b success
2026-08-06 13:00:50 [DASHBOARD] ✅ tt-h5 success
2026-08-06 13:00:50 [DASHBOARD] ✅ fb-h5-a success
2026-08-06 13:00:50 [DASHBOARD] ✅ fb-pwa-a success
2026-08-06 13:00:50 [DASHBOARD] ✅ fb-ios success
2026-08-06 13:00:50 [DASHBOARD] ✅ tt-pwa success
2026-08-06 13:00:50 [DASHBOARD] ✅ fb-pwa success
2026-08-06 13:00:50 [DASHBOARD] ✅ 其他 success
2026-08-06 13:00:50 [DASHBOARD] ✅ DL success
2026-08-06 13:00:50 [DASHBOARD] Brazil now : 2026-08-06 02:00:00.309157-03:00
2026-08-06 13:00:50 [DASHBOARD] Report day : 2026-08-06
2026-08-06 13:00:50 [DASHBOARD] Yesterday  : 2026-08-05
2026-08-06 13:00:50 [DASHBOARD] Hour start : 2026-08-05 03:00:00+00:00
2026-08-06 13:00:50 [DASHBOARD] Hour end   : 2026-08-05 04:59:59+00:00
2026-08-06 13:00:50 [DASHBOARD] Brazil now : 2026-08-06 02:00:00.309157-03:00
2026-08-06 13:00:50 [DASHBOARD] Hour start : 2026-08-05 03:00:00+00:00
2026-08-06 13:00:50 [DASHBOARD] Hour end   : 2026-08-05 04:59:59+00:00
2026-08-06 13:00:50 [DASHBOARD] ✅ hour ALL_TOTAL
2026-08-06 13:00:50 [DASHBOARD] ✅ hour fb-h5-a
2026-08-06 13:00:50 [DASHBOARD] ✅ hour tt-pwa
2026-08-06 13:00:50 [DASHBOARD] ✅ hour fb-pwa
2026-08-06 13:00:50 [DASHBOARD] ✅ hour fb-ios
2026-08-06 13:00:50 [DASHBOARD] ✅ hour kwai-pwa
2026-08-06 13:00:50 [DASHBOARD] ✅ hour 上架包
2026-08-06 13:00:50 [DASHBOARD] ✅ hour fb-h5-b
2026-08-06 13:00:50 [DASHBOARD] ✅ hour tt-h5
2026-08-06 13:00:50 [DASHBOARD] ✅ hour fb-pwa-a
2026-08-06 13:00:50 [DASHBOARD] ✅ hour fb-pwa-b
2026-08-06 13:00:50 [DASHBOARD] ✅ hour DL
2026-08-06 13:00:50 [DASHBOARD] ✅ hour 其他
2026-08-06 13:00:50 [DASHBOARD] ✅ retention ALL
2026-08-06 13:00:50 [DASHBOARD] ✅ retention fb-h5-b
2026-08-06 13:00:50 [DASHBOARD] ✅ retention fb-pwa
2026-08-06 13:00:50 [DASHBOARD] ✅ retention fb-pwa-a
2026-08-06 13:00:50 [DASHBOARD] ✅ retention fb-pwa-b
2026-08-06 13:00:50 [DASHBOARD] ✅ retention fb-h5-a
2026-08-06 13:00:50 [DASHBOARD] ✅ retention 上架包
2026-08-06 13:00:50 [DASHBOARD] ✅ retention kwai-pwa
2026-08-06 13:00:50 [DASHBOARD] ✅ retention fb-ios
2026-08-06 13:00:50 [DASHBOARD] ✅ retention tt-h5
2026-08-06 13:00:50 [DASHBOARD] ✅ retention tt-pwa
2026-08-06 13:00:50 [DASHBOARD] ✅ retention DL
2026-08-06 13:00:50 [DASHBOARD] ✅ retention 其他
2026-08-06 13:00:50 [DASHBOARD] Loading realtime data...
2026-08-06 13:00:50 [DASHBOARD] ✅ realtime 2026-08-06
2026-08-06 13:00:50 [DASHBOARD] ✅ realtime 2026-08-05
2026-08-06 13:00:50 [DASHBOARD] ✅ realtime 2026-08-04
2026-08-06 13:00:50 [DASHBOARD] ✅ realtime 2026-08-03
2026-08-06 13:00:50 [DASHBOARD] ✅ Saved: /Users/xiaoruan/Documents/76b-getdata/data.json
2026-08-06 13:00:50 [DASHBOARD] ✅ Commit success
2026-08-06 13:00:50 [DASHBOARD] ✅ GitHub updated
2026-08-06 13:01:24 [DASHBOARD] ✅ ALL_TOTAL success
2026-08-06 13:01:24 [DASHBOARD] ✅ fb-h5 success
2026-08-06 13:01:24 [DASHBOARD] ✅ 回访 success
2026-08-06 13:01:24 [DASHBOARD] ✅ dsp-h5 success
2026-08-06 13:01:24 [DASHBOARD] ✅ kwai-pwa success
2026-08-06 13:01:24 [DASHBOARD] ✅ tt-pwa success
2026-08-06 13:01:24 [DASHBOARD] ✅ fb-pwa success
2026-08-06 13:01:24 [DASHBOARD] ✅ fb-pwa-a success
2026-08-06 13:01:24 [DASHBOARD] ✅ ws-h5 success
2026-08-06 13:01:24 [DASHBOARD] ✅ 其他 success
2026-08-06 13:01:24 [DASHBOARD] ✅ fb-ios success
2026-08-06 13:01:24 [DASHBOARD] ✅ fb-h5-a success
2026-08-06 13:01:24 [DASHBOARD] Brazil now : 2026-08-06 02:00:50.533886-03:00
2026-08-06 13:01:24 [DASHBOARD] Report day : 2026-08-06
2026-08-06 13:01:24 [DASHBOARD] Yesterday  : 2026-08-05
2026-08-06 13:01:24 [DASHBOARD] Hour start : 2026-08-05 03:00:00+00:00
2026-08-06 13:01:24 [DASHBOARD] Hour end   : 2026-08-05 04:59:59+00:00
2026-08-06 13:01:24 [DASHBOARD] Brazil now : 2026-08-06 02:00:50.533886-03:00
2026-08-06 13:01:24 [DASHBOARD] Hour start : 2026-08-05 03:00:00+00:00
2026-08-06 13:01:24 [DASHBOARD] Hour end   : 2026-08-05 04:59:59+00:00
2026-08-06 13:01:24 [DASHBOARD] ✅ hour ALL_TOTAL
2026-08-06 13:01:24 [DASHBOARD] ✅ hour fb-ios
2026-08-06 13:01:24 [DASHBOARD] ✅ hour 其他
2026-08-06 13:01:24 [DASHBOARD] ✅ hour dsp-h5
2026-08-06 13:01:24 [DASHBOARD] ✅ hour fb-pwa
2026-08-06 13:01:24 [DASHBOARD] ✅ hour kwai-pwa
2026-08-06 13:01:24 [DASHBOARD] ✅ hour 回访
2026-08-06 13:01:24 [DASHBOARD] ✅ hour tt-pwa
2026-08-06 13:01:24 [DASHBOARD] ✅ hour fb-h5-a
2026-08-06 13:01:24 [DASHBOARD] ✅ hour fb-h5
2026-08-06 13:01:24 [DASHBOARD] ✅ hour fb-pwa-a
2026-08-06 13:01:24 [DASHBOARD] ✅ hour ws-h5
2026-08-06 13:01:24 [DASHBOARD] ✅ retention ALL
2026-08-06 13:01:24 [DASHBOARD] ✅ retention 回访
2026-08-06 13:01:24 [DASHBOARD] ✅ retention fb-h5-a
2026-08-06 13:01:24 [DASHBOARD] ✅ retention kwai-pwa
2026-08-06 13:01:24 [DASHBOARD] ✅ retention fb-h5
2026-08-06 13:01:24 [DASHBOARD] ✅ retention tt-pwa
2026-08-06 13:01:24 [DASHBOARD] ✅ retention fb-pwa-a
2026-08-06 13:01:24 [DASHBOARD] ✅ retention 其他
2026-08-06 13:01:24 [DASHBOARD] ✅ retention fb-pwa
2026-08-06 13:01:24 [DASHBOARD] ✅ retention dsp-h5
2026-08-06 13:01:24 [DASHBOARD] ✅ retention ws-h5
2026-08-06 13:01:24 [DASHBOARD] ✅ retention fb-ios
2026-08-06 13:01:24 [DASHBOARD] Loading realtime data...
2026-08-06 13:01:24 [DASHBOARD] ✅ realtime 2026-08-06
2026-08-06 13:01:24 [DASHBOARD] ✅ realtime 2026-08-05
2026-08-06 13:01:24 [DASHBOARD] ✅ realtime 2026-08-04
2026-08-06 13:01:24 [DASHBOARD] ✅ realtime 2026-08-03
2026-08-06 13:01:24 [DASHBOARD] ✅ Saved: /Users/xiaoruan/Documents/76b-getdata/nn22.json
2026-08-06 13:01:24 [DASHBOARD] ✅ Commit success
2026-08-06 13:01:24 [DASHBOARD] ✅ GitHub updated
2026-08-06 13:02:00 [DASHBOARD] ✅ ALL_TOTAL success
2026-08-06 13:02:00 [DASHBOARD] ✅ DL success
2026-08-06 13:02:00 [DASHBOARD] ✅ fb-pwa success
2026-08-06 13:02:00 [DASHBOARD] ✅ fb-pwa-b success
2026-08-06 13:02:00 [DASHBOARD] ✅ fb-h5-a success
2026-08-06 13:02:00 [DASHBOARD] ✅ fb-pwa-a success
2026-08-06 13:02:00 [DASHBOARD] ✅ fb-ios success
2026-08-06 13:02:00 [DASHBOARD] ✅ fb-h5 success
2026-08-06 13:02:00 [DASHBOARD] ✅ 其他 success
2026-08-06 13:02:00 [DASHBOARD] ✅ tt-pwa success
2026-08-06 13:02:00 [DASHBOARD] ✅ 上架包 success
2026-08-06 13:02:00 [DASHBOARD] ✅ kwai-pwa success
2026-08-06 13:02:00 [DASHBOARD] ✅ ws-h5 success
2026-08-06 13:02:00 [DASHBOARD] Brazil now : 2026-08-06 02:01:24.918060-03:00
2026-08-06 13:02:00 [DASHBOARD] Report day : 2026-08-06
2026-08-06 13:02:00 [DASHBOARD] Yesterday  : 2026-08-05
2026-08-06 13:02:00 [DASHBOARD] Hour start : 2026-08-05 03:00:00+00:00
2026-08-06 13:02:00 [DASHBOARD] Hour end   : 2026-08-05 04:59:59+00:00
2026-08-06 13:02:00 [DASHBOARD] Brazil now : 2026-08-06 02:01:24.918060-03:00
2026-08-06 13:02:00 [DASHBOARD] Hour start : 2026-08-05 03:00:00+00:00
2026-08-06 13:02:00 [DASHBOARD] Hour end   : 2026-08-05 04:59:59+00:00
2026-08-06 13:02:00 [DASHBOARD] ✅ hour ALL_TOTAL
2026-08-06 13:02:00 [DASHBOARD] ✅ hour fb-ios
2026-08-06 13:02:00 [DASHBOARD] ✅ hour DL
2026-08-06 13:02:00 [DASHBOARD] ✅ hour tt-pwa
2026-08-06 13:02:00 [DASHBOARD] ✅ hour fb-pwa-a
2026-08-06 13:02:00 [DASHBOARD] ✅ hour fb-pwa
2026-08-06 13:02:00 [DASHBOARD] ✅ hour 其他
2026-08-06 13:02:00 [DASHBOARD] ✅ hour ws-h5
2026-08-06 13:02:00 [DASHBOARD] ✅ hour kwai-pwa
2026-08-06 13:02:00 [DASHBOARD] ✅ hour fb-h5-a
2026-08-06 13:02:00 [DASHBOARD] ✅ hour fb-h5
2026-08-06 13:02:00 [DASHBOARD] ✅ hour 上架包
2026-08-06 13:02:00 [DASHBOARD] ✅ hour fb-pwa-b
2026-08-06 13:02:00 [DASHBOARD] ✅ retention ALL
2026-08-06 13:02:00 [DASHBOARD] ✅ retention fb-h5
2026-08-06 13:02:00 [DASHBOARD] ✅ retention tt-pwa
2026-08-06 13:02:00 [DASHBOARD] ✅ retention kwai-pwa
2026-08-06 13:02:00 [DASHBOARD] ✅ retention fb-ios
2026-08-06 13:02:00 [DASHBOARD] ✅ retention 上架包
2026-08-06 13:02:00 [DASHBOARD] ✅ retention fb-pwa
2026-08-06 13:02:00 [DASHBOARD] ✅ retention fb-pwa-b
2026-08-06 13:02:00 [DASHBOARD] ✅ retention DL
2026-08-06 13:02:00 [DASHBOARD] ✅ retention fb-pwa-a
2026-08-06 13:02:00 [DASHBOARD] ✅ retention fb-h5-a
2026-08-06 13:02:00 [DASHBOARD] ✅ retention ws-h5
2026-08-06 13:02:00 [DASHBOARD] ✅ retention 其他
2026-08-06 13:02:00 [DASHBOARD] Loading realtime data...
2026-08-06 13:02:00 [DASHBOARD] ✅ realtime 2026-08-06
2026-08-06 13:02:00 [DASHBOARD] ✅ realtime 2026-08-05
2026-08-06 13:02:00 [DASHBOARD] ✅ realtime 2026-08-04
2026-08-06 13:02:00 [DASHBOARD] ✅ realtime 2026-08-03
2026-08-06 13:02:00 [DASHBOARD] ✅ Saved: /Users/xiaoruan/Documents/76b-getdata/23a.json
2026-08-06 13:02:00 [DASHBOARD] ✅ Commit success
2026-08-06 13:02:00 [DASHBOARD] ✅ GitHub updated
2026-08-06 13:02:23 [DASHBOARD] ✅ ALL_TOTAL success
2026-08-06 13:02:23 [DASHBOARD] ✅ fb-ios success
2026-08-06 13:02:23 [DASHBOARD] ✅ tt-pwa success
2026-08-06 13:02:23 [DASHBOARD] ✅ fb-pwa success
2026-08-06 13:02:23 [DASHBOARD] ✅ kwai-pwa success
2026-08-06 13:02:23 [DASHBOARD] ✅ 上架包 success
2026-08-06 13:02:23 [DASHBOARD] ✅ DL success
2026-08-06 13:02:23 [DASHBOARD] ✅ fb-pwa-b success
2026-08-06 13:02:23 [DASHBOARD] ✅ fb-pwa-a success
2026-08-06 13:02:23 [DASHBOARD] ✅ fb-h5 success
2026-08-06 13:02:23 [DASHBOARD] ✅ 其他 success
2026-08-06 13:02:23 [DASHBOARD] Brazil now : 2026-08-06 02:02:00.786173-03:00
2026-08-06 13:02:23 [DASHBOARD] Report day : 2026-08-06
2026-08-06 13:02:23 [DASHBOARD] Yesterday  : 2026-08-05
2026-08-06 13:02:23 [DASHBOARD] Hour start : 2026-08-05 03:00:00+00:00
2026-08-06 13:02:23 [DASHBOARD] Hour end   : 2026-08-05 04:59:59+00:00
2026-08-06 13:02:23 [DASHBOARD] Brazil now : 2026-08-06 02:02:00.786173-03:00
2026-08-06 13:02:23 [DASHBOARD] Hour start : 2026-08-05 03:00:00+00:00
2026-08-06 13:02:23 [DASHBOARD] Hour end   : 2026-08-05 04:59:59+00:00
2026-08-06 13:02:23 [DASHBOARD] ✅ hour ALL_TOTAL
2026-08-06 13:02:23 [DASHBOARD] ✅ hour fb-pwa
2026-08-06 13:02:23 [DASHBOARD] ✅ hour fb-pwa-a
2026-08-06 13:02:23 [DASHBOARD] ✅ hour fb-h5
2026-08-06 13:02:23 [DASHBOARD] ✅ hour tt-pwa
2026-08-06 13:02:23 [DASHBOARD] ✅ hour 上架包
2026-08-06 13:02:23 [DASHBOARD] ✅ hour DL
2026-08-06 13:02:23 [DASHBOARD] ✅ hour 其他
2026-08-06 13:02:23 [DASHBOARD] ✅ hour fb-ios
2026-08-06 13:02:23 [DASHBOARD] ✅ hour fb-pwa-b
2026-08-06 13:02:23 [DASHBOARD] ✅ hour kwai-pwa
2026-08-06 13:02:23 [DASHBOARD] ✅ retention ALL
2026-08-06 13:02:23 [DASHBOARD] ✅ retention fb-ios
2026-08-06 13:02:23 [DASHBOARD] ✅ retention fb-pwa-b
2026-08-06 13:02:23 [DASHBOARD] ✅ retention 其他
2026-08-06 13:02:23 [DASHBOARD] ✅ retention tt-pwa
2026-08-06 13:02:23 [DASHBOARD] ✅ retention DL
2026-08-06 13:02:23 [DASHBOARD] ✅ retention fb-pwa
2026-08-06 13:02:23 [DASHBOARD] ✅ retention kwai-pwa
2026-08-06 13:02:23 [DASHBOARD] ✅ retention 上架包
2026-08-06 13:02:23 [DASHBOARD] ✅ retention fb-h5
2026-08-06 13:02:23 [DASHBOARD] ✅ retention fb-pwa-a
2026-08-06 13:02:23 [DASHBOARD] Loading realtime data...
2026-08-06 13:02:23 [DASHBOARD] ✅ realtime 2026-08-06
2026-08-06 13:02:23 [DASHBOARD] ✅ realtime 2026-08-05
2026-08-06 13:02:23 [DASHBOARD] ✅ realtime 2026-08-04
2026-08-06 13:02:23 [DASHBOARD] ✅ realtime 2026-08-03
2026-08-06 13:02:23 [DASHBOARD] ✅ Saved: /Users/xiaoruan/Documents/76b-getdata/23e.json
2026-08-06 13:02:23 [DASHBOARD] ✅ Commit success
2026-08-06 13:02:23 [DASHBOARD] ✅ GitHub updated
2026-08-06 13:02:23 [DASHBOARD] ✅ Done
2026-08-06 13:02:23 [DASHBOARD] ✅ 推广汇总更新完成
2026-08-06 13:12:48 [shujugenjin] ---> [1/25] 正在处理: Site 73J
2026-08-06 13:12:53 [shujugenjin] ---> [2/25] 正在处理: Site 23E
2026-08-06 13:12:56 [shujugenjin] ---> [3/25] 正在处理: Site 23A
2026-08-06 13:12:59 [shujugenjin] ---> [4/25] 正在处理: Site NN22
2026-08-06 13:13:02 [shujugenjin] ---> [5/25] 正在处理: Site 76B
2026-08-06 13:13:05 [shujugenjin] ---> [6/25] 正在处理: Site 5BBB
2026-08-06 13:13:08 [shujugenjin] ---> [7/25] 正在处理: Site XXX7
2026-08-06 13:13:10 [shujugenjin] ---> [8/25] 正在处理: Site WW33
2026-08-06 13:13:13 [shujugenjin] ---> [9/25] 正在处理: Site 55UU
2026-08-06 13:13:17 [shujugenjin] ---> [10/25] 正在处理: Site EE44
2026-08-06 13:13:20 [shujugenjin] ---> [11/25] 正在处理: Site BB22
2026-08-06 13:13:24 [shujugenjin] ---> [12/25] 正在处理: Site 7JJJ
2026-08-06 13:13:26 [shujugenjin] ---> [13/25] 正在处理: Site XXX1
2026-08-06 13:13:29 [shujugenjin] ---> [14/25] 正在处理: Site 44WW
2026-08-06 13:13:32 [shujugenjin] ---> [15/25] 正在处理: Site 33NN
2026-08-06 13:13:35 [shujugenjin] ---> [16/25] 正在处理: Site RR66
2026-08-06 13:13:38 [shujugenjin] ---> [17/25] 正在处理: Site KK44
2026-08-06 13:13:41 [shujugenjin] ---> [18/25] 正在处理: Site 33CC
2026-08-06 13:13:44 [shujugenjin] ---> [19/25] 正在处理: Site 22CC
2026-08-06 13:13:47 [shujugenjin] ---> [20/25] 正在处理: Site 77SS
2026-08-06 13:13:50 [shujugenjin] ---> [21/25] 正在处理: Site 11CC
2026-08-06 13:13:54 [shujugenjin] ---> [22/25] 正在处理: Site 99SS
2026-08-06 13:13:58 [shujugenjin] ---> [23/25] 正在处理: Site 66AA
2026-08-06 13:14:01 [shujugenjin] ---> [24/25] 正在处理: Site 77GG
2026-08-06 13:14:04 [shujugenjin] ---> [25/25] 正在处理: Site 77BB
2026-08-06 13:14:30 [shujugenjin] 🎉所有站点综合分析图片及文字报告已成功发送至 Telegram！
2026-08-06 14:00:00 [DASHBOARD] 🚀 Run: 2026-08-06 14:00:00.081610
2026-08-06 14:00:50 [DASHBOARD] ✅ ALL_TOTAL success
2026-08-06 14:00:50 [DASHBOARD] ✅ fb-pwa-a success
2026-08-06 14:00:50 [DASHBOARD] ✅ tt-pwa success
2026-08-06 14:00:50 [DASHBOARD] ✅ 上架包 success
2026-08-06 14:00:50 [DASHBOARD] ✅ fb-pwa success
2026-08-06 14:00:50 [DASHBOARD] ✅ kwai-pwa success
2026-08-06 14:00:50 [DASHBOARD] ✅ fb-h5-a success
2026-08-06 14:00:50 [DASHBOARD] ✅ fb-h5-b success
2026-08-06 14:00:50 [DASHBOARD] ✅ fb-pwa-b success
2026-08-06 14:00:50 [DASHBOARD] ✅ tt-h5 success
2026-08-06 14:00:50 [DASHBOARD] ✅ fb-ios success
2026-08-06 14:00:50 [DASHBOARD] ✅ 其他 success
2026-08-06 14:00:50 [DASHBOARD] ✅ DL success
2026-08-06 14:00:50 [DASHBOARD] Brazil now : 2026-08-06 03:00:00.313552-03:00
2026-08-06 14:00:50 [DASHBOARD] Report day : 2026-08-06
2026-08-06 14:00:50 [DASHBOARD] Yesterday  : 2026-08-05
2026-08-06 14:00:50 [DASHBOARD] Hour start : 2026-08-05 03:00:00+00:00
2026-08-06 14:00:50 [DASHBOARD] Hour end   : 2026-08-05 05:59:59+00:00
2026-08-06 14:00:50 [DASHBOARD] Brazil now : 2026-08-06 03:00:00.313552-03:00
2026-08-06 14:00:50 [DASHBOARD] Hour start : 2026-08-05 03:00:00+00:00
2026-08-06 14:00:50 [DASHBOARD] Hour end   : 2026-08-05 05:59:59+00:00
2026-08-06 14:00:50 [DASHBOARD] ✅ hour ALL_TOTAL
2026-08-06 14:00:50 [DASHBOARD] ✅ hour fb-h5-a
2026-08-06 14:00:50 [DASHBOARD] ✅ hour tt-pwa
2026-08-06 14:00:50 [DASHBOARD] ✅ hour fb-pwa
2026-08-06 14:00:50 [DASHBOARD] ✅ hour fb-ios
2026-08-06 14:00:50 [DASHBOARD] ✅ hour fb-h5-b
2026-08-06 14:00:50 [DASHBOARD] ✅ hour kwai-pwa
2026-08-06 14:00:50 [DASHBOARD] ✅ hour fb-pwa-a
2026-08-06 14:00:50 [DASHBOARD] ✅ hour 上架包
2026-08-06 14:00:50 [DASHBOARD] ✅ hour tt-h5
2026-08-06 14:00:50 [DASHBOARD] ✅ hour fb-pwa-b
2026-08-06 14:00:50 [DASHBOARD] ✅ hour 其他
2026-08-06 14:00:50 [DASHBOARD] ✅ hour DL
2026-08-06 14:00:50 [DASHBOARD] ✅ retention ALL
2026-08-06 14:00:50 [DASHBOARD] ✅ retention tt-h5
2026-08-06 14:00:50 [DASHBOARD] ✅ retention 上架包
2026-08-06 14:00:50 [DASHBOARD] ✅ retention fb-pwa-a
2026-08-06 14:00:50 [DASHBOARD] ✅ retention fb-ios
2026-08-06 14:00:50 [DASHBOARD] ✅ retention fb-h5-b
2026-08-06 14:00:50 [DASHBOARD] ✅ retention fb-pwa-b
2026-08-06 14:00:50 [DASHBOARD] ✅ retention kwai-pwa
2026-08-06 14:00:50 [DASHBOARD] ✅ retention fb-h5-a
2026-08-06 14:00:50 [DASHBOARD] ✅ retention tt-pwa
2026-08-06 14:00:50 [DASHBOARD] ✅ retention fb-pwa
2026-08-06 14:00:50 [DASHBOARD] ✅ retention 其他
2026-08-06 14:00:50 [DASHBOARD] ✅ retention DL
2026-08-06 14:00:50 [DASHBOARD] Loading realtime data...
2026-08-06 14:00:50 [DASHBOARD] ✅ realtime 2026-08-06
2026-08-06 14:00:50 [DASHBOARD] ✅ realtime 2026-08-05
2026-08-06 14:00:50 [DASHBOARD] ✅ realtime 2026-08-04
2026-08-06 14:00:50 [DASHBOARD] ✅ realtime 2026-08-03
2026-08-06 14:00:50 [DASHBOARD] ✅ Saved: /Users/xiaoruan/Documents/76b-getdata/data.json
2026-08-06 14:00:50 [DASHBOARD] ✅ Commit success
2026-08-06 14:00:50 [DASHBOARD] ✅ GitHub updated
2026-08-06 14:01:18 [DASHBOARD] ✅ ALL_TOTAL success
2026-08-06 14:01:18 [DASHBOARD] ✅ tt-pwa success
2026-08-06 14:01:18 [DASHBOARD] ✅ fb-h5-a success
2026-08-06 14:01:18 [DASHBOARD] ✅ fb-ios success
2026-08-06 14:01:18 [DASHBOARD] ✅ fb-h5 success
2026-08-06 14:01:18 [DASHBOARD] ✅ 回访 success
2026-08-06 14:01:18 [DASHBOARD] ✅ kwai-pwa success
2026-08-06 14:01:18 [DASHBOARD] ✅ 其他 success
2026-08-06 14:01:18 [DASHBOARD] ✅ fb-pwa success
2026-08-06 14:01:18 [DASHBOARD] ✅ dsp-h5 success
2026-08-06 14:01:18 [DASHBOARD] ✅ ws-h5 success
2026-08-06 14:01:18 [DASHBOARD] ✅ fb-pwa-a success
2026-08-06 14:01:18 [DASHBOARD] Brazil now : 2026-08-06 03:00:50.469554-03:00
2026-08-06 14:01:18 [DASHBOARD] Report day : 2026-08-06
2026-08-06 14:01:18 [DASHBOARD] Yesterday  : 2026-08-05
2026-08-06 14:01:18 [DASHBOARD] Hour start : 2026-08-05 03:00:00+00:00
2026-08-06 14:01:18 [DASHBOARD] Hour end   : 2026-08-05 05:59:59+00:00
2026-08-06 14:01:18 [DASHBOARD] Brazil now : 2026-08-06 03:00:50.469554-03:00
2026-08-06 14:01:18 [DASHBOARD] Hour start : 2026-08-05 03:00:00+00:00
2026-08-06 14:01:18 [DASHBOARD] Hour end   : 2026-08-05 05:59:59+00:00
2026-08-06 14:01:18 [DASHBOARD] ✅ hour ALL_TOTAL
2026-08-06 14:01:18 [DASHBOARD] ✅ hour 其他
2026-08-06 14:01:18 [DASHBOARD] ✅ hour fb-ios
2026-08-06 14:01:18 [DASHBOARD] ✅ hour kwai-pwa
2026-08-06 14:01:18 [DASHBOARD] ✅ hour fb-h5
2026-08-06 14:01:18 [DASHBOARD] ✅ hour tt-pwa
2026-08-06 14:01:18 [DASHBOARD] ✅ hour fb-pwa
2026-08-06 14:01:18 [DASHBOARD] ✅ hour fb-pwa-a
2026-08-06 14:01:18 [DASHBOARD] ✅ hour ws-h5
2026-08-06 14:01:18 [DASHBOARD] ✅ hour 回访
2026-08-06 14:01:18 [DASHBOARD] ✅ hour dsp-h5
2026-08-06 14:01:18 [DASHBOARD] ✅ hour fb-h5-a
2026-08-06 14:01:18 [DASHBOARD] ✅ retention ALL
2026-08-06 14:01:18 [DASHBOARD] ✅ retention fb-h5-a
2026-08-06 14:01:18 [DASHBOARD] ✅ retention fb-h5
2026-08-06 14:01:18 [DASHBOARD] ✅ retention fb-pwa
2026-08-06 14:01:18 [DASHBOARD] ✅ retention dsp-h5
2026-08-06 14:01:18 [DASHBOARD] ✅ retention kwai-pwa
2026-08-06 14:01:18 [DASHBOARD] ✅ retention tt-pwa
2026-08-06 14:01:18 [DASHBOARD] ✅ retention 回访
2026-08-06 14:01:18 [DASHBOARD] ✅ retention 其他
2026-08-06 14:01:18 [DASHBOARD] ✅ retention fb-ios
2026-08-06 14:01:18 [DASHBOARD] ✅ retention fb-pwa-a
2026-08-06 14:01:18 [DASHBOARD] ✅ retention ws-h5
2026-08-06 14:01:18 [DASHBOARD] Loading realtime data...
2026-08-06 14:01:18 [DASHBOARD] ✅ realtime 2026-08-06
2026-08-06 14:01:18 [DASHBOARD] ✅ realtime 2026-08-05
2026-08-06 14:01:18 [DASHBOARD] ✅ realtime 2026-08-04
2026-08-06 14:01:18 [DASHBOARD] ✅ realtime 2026-08-03
2026-08-06 14:01:18 [DASHBOARD] ✅ Saved: /Users/xiaoruan/Documents/76b-getdata/nn22.json
2026-08-06 14:01:18 [DASHBOARD] ✅ Commit success
2026-08-06 14:01:18 [DASHBOARD] ✅ GitHub updated
2026-08-06 14:01:42 [DASHBOARD] ✅ ALL_TOTAL success
2026-08-06 14:01:42 [DASHBOARD] ✅ fb-h5 success
2026-08-06 14:01:42 [DASHBOARD] ✅ fb-ios success
2026-08-06 14:01:42 [DASHBOARD] ✅ fb-h5-a success
2026-08-06 14:01:42 [DASHBOARD] ✅ kwai-pwa success
2026-08-06 14:01:42 [DASHBOARD] ✅ fb-pwa-b success
2026-08-06 14:01:42 [DASHBOARD] ✅ fb-pwa success
2026-08-06 14:01:42 [DASHBOARD] ✅ fb-pwa-a success
2026-08-06 14:01:42 [DASHBOARD] ✅ DL success
2026-08-06 14:01:42 [DASHBOARD] ✅ 上架包 success
2026-08-06 14:01:42 [DASHBOARD] ✅ tt-pwa success
2026-08-06 14:01:42 [DASHBOARD] ✅ ws-h5 success
2026-08-06 14:01:42 [DASHBOARD] ✅ 其他 success
2026-08-06 14:01:42 [DASHBOARD] Brazil now : 2026-08-06 03:01:18.249336-03:00
2026-08-06 14:01:42 [DASHBOARD] Report day : 2026-08-06
2026-08-06 14:01:42 [DASHBOARD] Yesterday  : 2026-08-05
2026-08-06 14:01:42 [DASHBOARD] Hour start : 2026-08-05 03:00:00+00:00
2026-08-06 14:01:42 [DASHBOARD] Hour end   : 2026-08-05 05:59:59+00:00
2026-08-06 14:01:42 [DASHBOARD] Brazil now : 2026-08-06 03:01:18.249336-03:00
2026-08-06 14:01:42 [DASHBOARD] Hour start : 2026-08-05 03:00:00+00:00
2026-08-06 14:01:42 [DASHBOARD] Hour end   : 2026-08-05 05:59:59+00:00
2026-08-06 14:01:42 [DASHBOARD] ✅ hour ALL_TOTAL
2026-08-06 14:01:42 [DASHBOARD] ✅ hour fb-h5-a
2026-08-06 14:01:42 [DASHBOARD] ✅ hour fb-h5
2026-08-06 14:01:42 [DASHBOARD] ✅ hour DL
2026-08-06 14:01:42 [DASHBOARD] ✅ hour 上架包
2026-08-06 14:01:42 [DASHBOARD] ✅ hour kwai-pwa
2026-08-06 14:01:42 [DASHBOARD] ✅ hour fb-pwa-b
2026-08-06 14:01:42 [DASHBOARD] ✅ hour fb-ios
2026-08-06 14:01:42 [DASHBOARD] ✅ hour fb-pwa
2026-08-06 14:01:42 [DASHBOARD] ✅ hour fb-pwa-a
2026-08-06 14:01:42 [DASHBOARD] ✅ hour tt-pwa
2026-08-06 14:01:42 [DASHBOARD] ✅ hour ws-h5
2026-08-06 14:01:42 [DASHBOARD] ✅ hour 其他
2026-08-06 14:01:42 [DASHBOARD] ✅ retention ALL
2026-08-06 14:01:42 [DASHBOARD] ✅ retention fb-pwa
2026-08-06 14:01:42 [DASHBOARD] ✅ retention DL
2026-08-06 14:01:42 [DASHBOARD] ✅ retention fb-pwa-a
2026-08-06 14:01:42 [DASHBOARD] ✅ retention fb-ios
2026-08-06 14:01:42 [DASHBOARD] ✅ retention kwai-pwa
2026-08-06 14:01:42 [DASHBOARD] ✅ retention 上架包
2026-08-06 14:01:42 [DASHBOARD] ✅ retention tt-pwa
2026-08-06 14:01:42 [DASHBOARD] ✅ retention fb-h5-a
2026-08-06 14:01:42 [DASHBOARD] ✅ retention fb-pwa-b
2026-08-06 14:01:42 [DASHBOARD] ✅ retention fb-h5
2026-08-06 14:01:42 [DASHBOARD] ✅ retention ws-h5
2026-08-06 14:01:42 [DASHBOARD] ✅ retention 其他
2026-08-06 14:01:42 [DASHBOARD] Loading realtime data...
2026-08-06 14:01:42 [DASHBOARD] ✅ realtime 2026-08-06
2026-08-06 14:01:42 [DASHBOARD] ✅ realtime 2026-08-05
2026-08-06 14:01:42 [DASHBOARD] ✅ realtime 2026-08-04
2026-08-06 14:01:42 [DASHBOARD] ✅ realtime 2026-08-03
2026-08-06 14:01:42 [DASHBOARD] ✅ Saved: /Users/xiaoruan/Documents/76b-getdata/23a.json
2026-08-06 14:01:42 [DASHBOARD] ✅ Commit success
2026-08-06 14:01:42 [DASHBOARD] ✅ GitHub updated
2026-08-06 14:02:06 [DASHBOARD] ✅ ALL_TOTAL success
2026-08-06 14:02:06 [DASHBOARD] ✅ fb-pwa-b success
2026-08-06 14:02:06 [DASHBOARD] ✅ fb-ios success
2026-08-06 14:02:06 [DASHBOARD] ✅ fb-pwa success
2026-08-06 14:02:06 [DASHBOARD] ✅ kwai-pwa success
2026-08-06 14:02:06 [DASHBOARD] ✅ 上架包 success
2026-08-06 14:02:06 [DASHBOARD] ✅ fb-h5 success
2026-08-06 14:02:06 [DASHBOARD] ✅ fb-pwa-a success
2026-08-06 14:02:06 [DASHBOARD] ✅ DL success
2026-08-06 14:02:06 [DASHBOARD] ✅ tt-pwa success
2026-08-06 14:02:06 [DASHBOARD] ✅ 其他 success
2026-08-06 14:02:06 [DASHBOARD] Brazil now : 2026-08-06 03:01:42.557052-03:00
2026-08-06 14:02:06 [DASHBOARD] Report day : 2026-08-06
2026-08-06 14:02:06 [DASHBOARD] Yesterday  : 2026-08-05
2026-08-06 14:02:06 [DASHBOARD] Hour start : 2026-08-05 03:00:00+00:00
2026-08-06 14:02:06 [DASHBOARD] Hour end   : 2026-08-05 05:59:59+00:00
2026-08-06 14:02:06 [DASHBOARD] Brazil now : 2026-08-06 03:01:42.557052-03:00
2026-08-06 14:02:06 [DASHBOARD] Hour start : 2026-08-05 03:00:00+00:00
2026-08-06 14:02:06 [DASHBOARD] Hour end   : 2026-08-05 05:59:59+00:00
2026-08-06 14:02:06 [DASHBOARD] ✅ hour ALL_TOTAL
2026-08-06 14:02:06 [DASHBOARD] ✅ hour DL
2026-08-06 14:02:06 [DASHBOARD] ✅ hour tt-pwa
2026-08-06 14:02:06 [DASHBOARD] ✅ hour fb-pwa-b
2026-08-06 14:02:06 [DASHBOARD] ✅ hour 上架包
2026-08-06 14:02:06 [DASHBOARD] ✅ hour 其他
2026-08-06 14:02:06 [DASHBOARD] ✅ hour fb-h5
2026-08-06 14:02:06 [DASHBOARD] ✅ hour kwai-pwa
2026-08-06 14:02:06 [DASHBOARD] ✅ hour fb-pwa-a
2026-08-06 14:02:06 [DASHBOARD] ✅ hour fb-ios
2026-08-06 14:02:06 [DASHBOARD] ✅ hour fb-pwa
2026-08-06 14:02:06 [DASHBOARD] ✅ retention ALL
2026-08-06 14:02:06 [DASHBOARD] ✅ retention fb-ios
2026-08-06 14:02:06 [DASHBOARD] ✅ retention DL
2026-08-06 14:02:06 [DASHBOARD] ✅ retention kwai-pwa
2026-08-06 14:02:06 [DASHBOARD] ✅ retention fb-pwa-b
2026-08-06 14:02:06 [DASHBOARD] ✅ retention 其他
2026-08-06 14:02:06 [DASHBOARD] ✅ retention fb-pwa-a
2026-08-06 14:02:06 [DASHBOARD] ✅ retention fb-h5
2026-08-06 14:02:06 [DASHBOARD] ✅ retention fb-pwa
2026-08-06 14:02:06 [DASHBOARD] ✅ retention 上架包
2026-08-06 14:02:06 [DASHBOARD] ✅ retention tt-pwa
2026-08-06 14:02:06 [DASHBOARD] Loading realtime data...
2026-08-06 14:02:06 [DASHBOARD] ✅ realtime 2026-08-06
2026-08-06 14:02:06 [DASHBOARD] ✅ realtime 2026-08-05
2026-08-06 14:02:06 [DASHBOARD] ✅ realtime 2026-08-04
2026-08-06 14:02:06 [DASHBOARD] ✅ realtime 2026-08-03
2026-08-06 14:02:06 [DASHBOARD] ✅ Saved: /Users/xiaoruan/Documents/76b-getdata/23e.json
2026-08-06 14:02:06 [DASHBOARD] ✅ Commit success
2026-08-06 14:02:06 [DASHBOARD] ✅ GitHub updated
2026-08-06 14:02:06 [DASHBOARD] ✅ Done
2026-08-06 14:02:06 [DASHBOARD] ✅ 推广汇总更新完成
2026-08-06 14:02:25 [shujugenjin] ---> [1/25] 正在处理: Site 73J
2026-08-06 14:02:30 [shujugenjin] ---> [2/25] 正在处理: Site 23E
2026-08-06 14:02:33 [shujugenjin] ---> [3/25] 正在处理: Site 23A
2026-08-06 14:02:36 [shujugenjin] ---> [4/25] 正在处理: Site NN22
2026-08-06 14:02:39 [shujugenjin] ---> [5/25] 正在处理: Site 76B
2026-08-06 14:02:42 [shujugenjin] ---> [6/25] 正在处理: Site 5BBB
2026-08-06 14:02:46 [shujugenjin] ---> [7/25] 正在处理: Site XXX7
2026-08-06 14:02:50 [shujugenjin] ---> [8/25] 正在处理: Site WW33
2026-08-06 14:02:54 [shujugenjin] ---> [9/25] 正在处理: Site 55UU
2026-08-06 14:02:57 [shujugenjin] ---> [10/25] 正在处理: Site EE44
2026-08-06 14:03:00 [shujugenjin] ---> [11/25] 正在处理: Site BB22
2026-08-06 14:03:05 [shujugenjin] ---> [12/25] 正在处理: Site 7JJJ
2026-08-06 14:03:09 [shujugenjin] ---> [13/25] 正在处理: Site XXX1
2026-08-06 14:03:12 [shujugenjin] ---> [14/25] 正在处理: Site 44WW
2026-08-06 14:03:17 [shujugenjin] ---> [15/25] 正在处理: Site 33NN
2026-08-06 14:03:21 [shujugenjin] ---> [16/25] 正在处理: Site RR66
2026-08-06 14:03:25 [shujugenjin] ---> [17/25] 正在处理: Site KK44
2026-08-06 14:03:28 [shujugenjin] ---> [18/25] 正在处理: Site 33CC
2026-08-06 14:03:35 [shujugenjin] ---> [19/25] 正在处理: Site 22CC
2026-08-06 14:03:37 [shujugenjin] ---> [20/25] 正在处理: Site 77SS
2026-08-06 14:03:42 [shujugenjin] ---> [21/25] 正在处理: Site 11CC
2026-08-06 14:03:45 [shujugenjin] ---> [22/25] 正在处理: Site 99SS
2026-08-06 14:03:48 [shujugenjin] ---> [23/25] 正在处理: Site 66AA
2026-08-06 14:03:51 [shujugenjin] ---> [24/25] 正在处理: Site 77GG
2026-08-06 14:03:54 [shujugenjin] ---> [25/25] 正在处理: Site 77BB
2026-08-06 14:04:22 [shujugenjin] 🎉所有站点综合分析图片及文字报告已成功发送至 Telegram！
2026-08-06 15:00:00 [DASHBOARD] 🚀 Run: 2026-08-06 15:00:00.029689
2026-08-06 15:00:51 [DASHBOARD] ✅ ALL_TOTAL success
2026-08-06 15:00:51 [DASHBOARD] ✅ fb-pwa success
2026-08-06 15:00:51 [DASHBOARD] ✅ fb-pwa-b success
2026-08-06 15:00:51 [DASHBOARD] ✅ fb-h5-b success
2026-08-06 15:00:51 [DASHBOARD] ✅ tt-pwa success
2026-08-06 15:00:51 [DASHBOARD] ✅ fb-h5-a success
2026-08-06 15:00:51 [DASHBOARD] ✅ fb-ios success
2026-08-06 15:00:51 [DASHBOARD] ✅ fb-pwa-a success
2026-08-06 15:00:51 [DASHBOARD] ✅ kwai-pwa success
2026-08-06 15:00:51 [DASHBOARD] ✅ tt-h5 success
2026-08-06 15:00:51 [DASHBOARD] ✅ 上架包 success
2026-08-06 15:00:51 [DASHBOARD] ✅ DL success
2026-08-06 15:00:51 [DASHBOARD] ✅ 其他 success
2026-08-06 15:00:51 [DASHBOARD] Brazil now : 2026-08-06 04:00:00.194394-03:00
2026-08-06 15:00:51 [DASHBOARD] Report day : 2026-08-06
2026-08-06 15:00:51 [DASHBOARD] Yesterday  : 2026-08-05
2026-08-06 15:00:51 [DASHBOARD] Hour start : 2026-08-05 03:00:00+00:00
2026-08-06 15:00:51 [DASHBOARD] Hour end   : 2026-08-05 06:59:59+00:00
2026-08-06 15:00:51 [DASHBOARD] Brazil now : 2026-08-06 04:00:00.194394-03:00
2026-08-06 15:00:51 [DASHBOARD] Hour start : 2026-08-05 03:00:00+00:00
2026-08-06 15:00:51 [DASHBOARD] Hour end   : 2026-08-05 06:59:59+00:00
2026-08-06 15:00:51 [DASHBOARD] ✅ hour ALL_TOTAL
2026-08-06 15:00:51 [DASHBOARD] ✅ hour fb-pwa-a
2026-08-06 15:00:51 [DASHBOARD] ✅ hour tt-pwa
2026-08-06 15:00:51 [DASHBOARD] ✅ hour fb-h5-a
2026-08-06 15:00:51 [DASHBOARD] ✅ hour fb-pwa
2026-08-06 15:00:51 [DASHBOARD] ✅ hour fb-h5-b
2026-08-06 15:00:51 [DASHBOARD] ✅ hour 上架包
2026-08-06 15:00:51 [DASHBOARD] ✅ hour fb-ios
2026-08-06 15:00:51 [DASHBOARD] ✅ hour fb-pwa-b
2026-08-06 15:00:51 [DASHBOARD] ✅ hour tt-h5
2026-08-06 15:00:51 [DASHBOARD] ✅ hour kwai-pwa
2026-08-06 15:00:51 [DASHBOARD] ✅ hour DL
2026-08-06 15:00:51 [DASHBOARD] ✅ hour 其他
2026-08-06 15:00:51 [DASHBOARD] ✅ retention ALL
2026-08-06 15:00:51 [DASHBOARD] ✅ retention 上架包
2026-08-06 15:00:51 [DASHBOARD] ✅ retention fb-h5-a
2026-08-06 15:00:51 [DASHBOARD] ✅ retention fb-pwa
2026-08-06 15:00:51 [DASHBOARD] ✅ retention fb-h5-b
2026-08-06 15:00:51 [DASHBOARD] ✅ retention tt-pwa
2026-08-06 15:00:51 [DASHBOARD] ✅ retention tt-h5
2026-08-06 15:00:51 [DASHBOARD] ✅ retention fb-ios
2026-08-06 15:00:51 [DASHBOARD] ✅ retention fb-pwa-b
2026-08-06 15:00:51 [DASHBOARD] ✅ retention kwai-pwa
2026-08-06 15:00:51 [DASHBOARD] ✅ retention fb-pwa-a
2026-08-06 15:00:51 [DASHBOARD] ✅ retention 其他
2026-08-06 15:00:51 [DASHBOARD] ✅ retention DL
2026-08-06 15:00:51 [DASHBOARD] Loading realtime data...
2026-08-06 15:00:51 [DASHBOARD] ✅ realtime 2026-08-06
2026-08-06 15:00:51 [DASHBOARD] ✅ realtime 2026-08-05
2026-08-06 15:00:51 [DASHBOARD] ✅ realtime 2026-08-04
2026-08-06 15:00:51 [DASHBOARD] ✅ realtime 2026-08-03
2026-08-06 15:00:51 [DASHBOARD] ✅ Saved: /Users/xiaoruan/Documents/76b-getdata/data.json
2026-08-06 15:00:51 [DASHBOARD] ✅ Commit success
2026-08-06 15:00:51 [DASHBOARD] ✅ GitHub updated
2026-08-06 15:01:18 [DASHBOARD] ✅ ALL_TOTAL success
2026-08-06 15:01:18 [DASHBOARD] ✅ fb-pwa-a success
2026-08-06 15:01:18 [DASHBOARD] ✅ kwai-pwa success
2026-08-06 15:01:18 [DASHBOARD] ✅ fb-h5 success
2026-08-06 15:01:18 [DASHBOARD] ✅ 其他 success
2026-08-06 15:01:18 [DASHBOARD] ✅ fb-pwa success
2026-08-06 15:01:18 [DASHBOARD] ✅ tt-pwa success
2026-08-06 15:01:18 [DASHBOARD] ✅ fb-h5-a success
2026-08-06 15:01:18 [DASHBOARD] ✅ 回访 success
2026-08-06 15:01:18 [DASHBOARD] ✅ fb-ios success
2026-08-06 15:01:18 [DASHBOARD] ✅ dsp-h5 success
2026-08-06 15:01:18 [DASHBOARD] ✅ ws-h5 success
2026-08-06 15:01:18 [DASHBOARD] Brazil now : 2026-08-06 04:00:52.038688-03:00
2026-08-06 15:01:18 [DASHBOARD] Report day : 2026-08-06
2026-08-06 15:01:18 [DASHBOARD] Yesterday  : 2026-08-05
2026-08-06 15:01:18 [DASHBOARD] Hour start : 2026-08-05 03:00:00+00:00
2026-08-06 15:01:18 [DASHBOARD] Hour end   : 2026-08-05 06:59:59+00:00
2026-08-06 15:01:18 [DASHBOARD] Brazil now : 2026-08-06 04:00:52.038688-03:00
2026-08-06 15:01:18 [DASHBOARD] Hour start : 2026-08-05 03:00:00+00:00
2026-08-06 15:01:18 [DASHBOARD] Hour end   : 2026-08-05 06:59:59+00:00
2026-08-06 15:01:18 [DASHBOARD] ✅ hour ALL_TOTAL
2026-08-06 15:01:18 [DASHBOARD] ✅ hour fb-h5
2026-08-06 15:01:18 [DASHBOARD] ✅ hour fb-ios
2026-08-06 15:01:18 [DASHBOARD] ✅ hour tt-pwa
2026-08-06 15:01:18 [DASHBOARD] ✅ hour dsp-h5
2026-08-06 15:01:18 [DASHBOARD] ✅ hour fb-pwa-a
2026-08-06 15:01:18 [DASHBOARD] ✅ hour kwai-pwa
2026-08-06 15:01:18 [DASHBOARD] ✅ hour 其他
2026-08-06 15:01:18 [DASHBOARD] ✅ hour fb-pwa
2026-08-06 15:01:18 [DASHBOARD] ✅ hour fb-h5-a
2026-08-06 15:01:18 [DASHBOARD] ✅ hour 回访
2026-08-06 15:01:18 [DASHBOARD] ✅ hour ws-h5
2026-08-06 15:01:18 [DASHBOARD] ✅ retention ALL
2026-08-06 15:01:18 [DASHBOARD] ✅ retention fb-ios
2026-08-06 15:01:18 [DASHBOARD] ✅ retention dsp-h5
2026-08-06 15:01:18 [DASHBOARD] ✅ retention 回访
2026-08-06 15:01:18 [DASHBOARD] ✅ retention 其他
2026-08-06 15:01:18 [DASHBOARD] ✅ retention fb-pwa-a
2026-08-06 15:01:18 [DASHBOARD] ✅ retention fb-h5
2026-08-06 15:01:18 [DASHBOARD] ✅ retention tt-pwa
2026-08-06 15:01:18 [DASHBOARD] ✅ retention fb-h5-a
2026-08-06 15:01:18 [DASHBOARD] ✅ retention fb-pwa
2026-08-06 15:01:18 [DASHBOARD] ✅ retention kwai-pwa
2026-08-06 15:01:18 [DASHBOARD] ✅ retention ws-h5
2026-08-06 15:01:18 [DASHBOARD] Loading realtime data...
2026-08-06 15:01:18 [DASHBOARD] ✅ realtime 2026-08-06
2026-08-06 15:01:18 [DASHBOARD] ✅ realtime 2026-08-05
2026-08-06 15:01:18 [DASHBOARD] ✅ realtime 2026-08-04
2026-08-06 15:01:18 [DASHBOARD] ✅ realtime 2026-08-03
2026-08-06 15:01:18 [DASHBOARD] ✅ Saved: /Users/xiaoruan/Documents/76b-getdata/nn22.json
2026-08-06 15:01:18 [DASHBOARD] ✅ Commit success
2026-08-06 15:01:18 [DASHBOARD] ✅ GitHub updated
2026-08-06 15:01:43 [DASHBOARD] ✅ ALL_TOTAL success
2026-08-06 15:01:43 [DASHBOARD] ✅ fb-pwa-a success
2026-08-06 15:01:43 [DASHBOARD] ✅ DL success
2026-08-06 15:01:43 [DASHBOARD] ✅ fb-h5 success
2026-08-06 15:01:43 [DASHBOARD] ✅ fb-pwa success
2026-08-06 15:01:43 [DASHBOARD] ✅ fb-ios success
2026-08-06 15:01:43 [DASHBOARD] ✅ fb-pwa-b success
2026-08-06 15:01:43 [DASHBOARD] ✅ kwai-pwa success
2026-08-06 15:01:43 [DASHBOARD] ✅ fb-h5-a success
2026-08-06 15:01:43 [DASHBOARD] ✅ 上架包 success
2026-08-06 15:01:43 [DASHBOARD] ✅ tt-pwa success
2026-08-06 15:01:43 [DASHBOARD] ✅ ws-h5 success
2026-08-06 15:01:43 [DASHBOARD] ✅ 其他 success
2026-08-06 15:01:43 [DASHBOARD] Brazil now : 2026-08-06 04:01:18.845891-03:00
2026-08-06 15:01:43 [DASHBOARD] Report day : 2026-08-06
2026-08-06 15:01:43 [DASHBOARD] Yesterday  : 2026-08-05
2026-08-06 15:01:43 [DASHBOARD] Hour start : 2026-08-05 03:00:00+00:00
2026-08-06 15:01:43 [DASHBOARD] Hour end   : 2026-08-05 06:59:59+00:00
2026-08-06 15:01:43 [DASHBOARD] Brazil now : 2026-08-06 04:01:18.845891-03:00
2026-08-06 15:01:43 [DASHBOARD] Hour start : 2026-08-05 03:00:00+00:00
2026-08-06 15:01:43 [DASHBOARD] Hour end   : 2026-08-05 06:59:59+00:00
2026-08-06 15:01:43 [DASHBOARD] ✅ hour ALL_TOTAL
2026-08-06 15:01:43 [DASHBOARD] ✅ hour fb-pwa-a
2026-08-06 15:01:43 [DASHBOARD] ✅ hour DL
2026-08-06 15:01:43 [DASHBOARD] ✅ hour tt-pwa
2026-08-06 15:01:43 [DASHBOARD] ✅ hour kwai-pwa
2026-08-06 15:01:43 [DASHBOARD] ✅ hour fb-pwa-b
2026-08-06 15:01:43 [DASHBOARD] ✅ hour fb-h5-a
2026-08-06 15:01:43 [DASHBOARD] ✅ hour 上架包
2026-08-06 15:01:43 [DASHBOARD] ✅ hour fb-ios
2026-08-06 15:01:43 [DASHBOARD] ✅ hour fb-pwa
2026-08-06 15:01:43 [DASHBOARD] ✅ hour fb-h5
2026-08-06 15:01:43 [DASHBOARD] ✅ hour ws-h5
2026-08-06 15:01:43 [DASHBOARD] ✅ hour 其他
2026-08-06 15:01:43 [DASHBOARD] ✅ retention ALL
2026-08-06 15:01:43 [DASHBOARD] ✅ retention fb-ios
2026-08-06 15:01:43 [DASHBOARD] ✅ retention tt-pwa
2026-08-06 15:01:43 [DASHBOARD] ✅ retention DL
2026-08-06 15:01:43 [DASHBOARD] ✅ retention fb-pwa-a
2026-08-06 15:01:43 [DASHBOARD] ✅ retention fb-h5
2026-08-06 15:01:43 [DASHBOARD] ✅ retention fb-h5-a
2026-08-06 15:01:43 [DASHBOARD] ✅ retention fb-pwa
2026-08-06 15:01:43 [DASHBOARD] ✅ retention fb-pwa-b
2026-08-06 15:01:43 [DASHBOARD] ✅ retention kwai-pwa
2026-08-06 15:01:43 [DASHBOARD] ✅ retention 上架包
2026-08-06 15:01:43 [DASHBOARD] ✅ retention 其他
2026-08-06 15:01:43 [DASHBOARD] ✅ retention ws-h5
2026-08-06 15:01:43 [DASHBOARD] Loading realtime data...
2026-08-06 15:01:43 [DASHBOARD] ✅ realtime 2026-08-06
2026-08-06 15:01:43 [DASHBOARD] ✅ realtime 2026-08-05
2026-08-06 15:01:43 [DASHBOARD] ✅ realtime 2026-08-04
2026-08-06 15:01:43 [DASHBOARD] ✅ realtime 2026-08-03
2026-08-06 15:01:43 [DASHBOARD] ✅ Saved: /Users/xiaoruan/Documents/76b-getdata/23a.json
2026-08-06 15:01:43 [DASHBOARD] ✅ Commit success
2026-08-06 15:01:43 [DASHBOARD] ✅ GitHub updated
2026-08-06 15:02:04 [DASHBOARD] ✅ ALL_TOTAL success
2026-08-06 15:02:04 [DASHBOARD] ✅ fb-pwa-a success
2026-08-06 15:02:04 [DASHBOARD] ✅ DL success
2026-08-06 15:02:04 [DASHBOARD] ✅ 其他 success
2026-08-06 15:02:04 [DASHBOARD] ✅ fb-h5 success
2026-08-06 15:02:04 [DASHBOARD] ✅ kwai-pwa success
2026-08-06 15:02:04 [DASHBOARD] ✅ fb-pwa-b success
2026-08-06 15:02:04 [DASHBOARD] ✅ fb-ios success
2026-08-06 15:02:04 [DASHBOARD] ✅ tt-pwa success
2026-08-06 15:02:04 [DASHBOARD] ✅ fb-pwa success
2026-08-06 15:02:04 [DASHBOARD] ✅ 上架包 success
2026-08-06 15:02:04 [DASHBOARD] Brazil now : 2026-08-06 04:01:43.889936-03:00
2026-08-06 15:02:04 [DASHBOARD] Report day : 2026-08-06
2026-08-06 15:02:04 [DASHBOARD] Yesterday  : 2026-08-05
2026-08-06 15:02:04 [DASHBOARD] Hour start : 2026-08-05 03:00:00+00:00
2026-08-06 15:02:04 [DASHBOARD] Hour end   : 2026-08-05 06:59:59+00:00
2026-08-06 15:02:04 [DASHBOARD] Brazil now : 2026-08-06 04:01:43.889936-03:00
2026-08-06 15:02:04 [DASHBOARD] Hour start : 2026-08-05 03:00:00+00:00
2026-08-06 15:02:04 [DASHBOARD] Hour end   : 2026-08-05 06:59:59+00:00
2026-08-06 15:02:04 [DASHBOARD] ✅ hour ALL_TOTAL
2026-08-06 15:02:04 [DASHBOARD] ✅ hour fb-ios
2026-08-06 15:02:04 [DASHBOARD] ✅ hour 其他
2026-08-06 15:02:04 [DASHBOARD] ✅ hour fb-pwa-a
2026-08-06 15:02:04 [DASHBOARD] ✅ hour 上架包
2026-08-06 15:02:04 [DASHBOARD] ✅ hour kwai-pwa
2026-08-06 15:02:04 [DASHBOARD] ✅ hour fb-pwa
2026-08-06 15:02:04 [DASHBOARD] ✅ hour fb-pwa-b
2026-08-06 15:02:04 [DASHBOARD] ✅ hour tt-pwa
2026-08-06 15:02:04 [DASHBOARD] ✅ hour DL
2026-08-06 15:02:04 [DASHBOARD] ✅ hour fb-h5
2026-08-06 15:02:04 [DASHBOARD] ✅ retention ALL
2026-08-06 15:02:04 [DASHBOARD] ✅ retention fb-h5
2026-08-06 15:02:04 [DASHBOARD] ✅ retention fb-pwa-a
2026-08-06 15:02:04 [DASHBOARD] ✅ retention tt-pwa
2026-08-06 15:02:04 [DASHBOARD] ✅ retention kwai-pwa
2026-08-06 15:02:04 [DASHBOARD] ✅ retention DL
2026-08-06 15:02:04 [DASHBOARD] ✅ retention fb-pwa
2026-08-06 15:02:04 [DASHBOARD] ✅ retention fb-ios
2026-08-06 15:02:04 [DASHBOARD] ✅ retention 上架包
2026-08-06 15:02:04 [DASHBOARD] ✅ retention fb-pwa-b
2026-08-06 15:02:04 [DASHBOARD] ✅ retention 其他
2026-08-06 15:02:04 [DASHBOARD] Loading realtime data...
2026-08-06 15:02:04 [DASHBOARD] ✅ realtime 2026-08-06
2026-08-06 15:02:04 [DASHBOARD] ✅ realtime 2026-08-05
2026-08-06 15:02:04 [DASHBOARD] ✅ realtime 2026-08-04
2026-08-06 15:02:04 [DASHBOARD] ✅ realtime 2026-08-03
2026-08-06 15:02:04 [DASHBOARD] ✅ Saved: /Users/xiaoruan/Documents/76b-getdata/23e.json
2026-08-06 15:02:04 [DASHBOARD] ✅ Commit success
2026-08-06 15:02:04 [DASHBOARD] ✅ GitHub updated
2026-08-06 15:02:04 [DASHBOARD] ✅ Done
2026-08-06 15:02:04 [DASHBOARD] ✅ 推广汇总更新完成
2026-08-06 16:00:00 [DASHBOARD] 🚀 Run: 2026-08-06 15:59:59.998064
2026-08-06 16:00:53 [DASHBOARD] ✅ ALL_TOTAL success
2026-08-06 16:00:53 [DASHBOARD] ✅ fb-h5-a success
2026-08-06 16:00:53 [DASHBOARD] ✅ fb-pwa-a success
2026-08-06 16:00:53 [DASHBOARD] ✅ 上架包 success
2026-08-06 16:00:53 [DASHBOARD] ✅ tt-pwa success
2026-08-06 16:00:53 [DASHBOARD] ✅ fb-pwa-b success
2026-08-06 16:00:53 [DASHBOARD] ✅ fb-ios success
2026-08-06 16:00:53 [DASHBOARD] ✅ kwai-pwa success
2026-08-06 16:00:53 [DASHBOARD] ✅ fb-h5-b success
2026-08-06 16:00:53 [DASHBOARD] ✅ fb-pwa success
2026-08-06 16:00:53 [DASHBOARD] ✅ tt-h5 success
2026-08-06 16:00:53 [DASHBOARD] ✅ 其他 success
2026-08-06 16:00:53 [DASHBOARD] ✅ DL success
2026-08-06 16:00:53 [DASHBOARD] Brazil now : 2026-08-06 05:00:00.253140-03:00
2026-08-06 16:00:53 [DASHBOARD] Report day : 2026-08-06
2026-08-06 16:00:53 [DASHBOARD] Yesterday  : 2026-08-05
2026-08-06 16:00:53 [DASHBOARD] Hour start : 2026-08-05 03:00:00+00:00
2026-08-06 16:00:53 [DASHBOARD] Hour end   : 2026-08-05 07:59:59+00:00
2026-08-06 16:00:53 [DASHBOARD] Brazil now : 2026-08-06 05:00:00.253140-03:00
2026-08-06 16:00:53 [DASHBOARD] Hour start : 2026-08-05 03:00:00+00:00
2026-08-06 16:00:53 [DASHBOARD] Hour end   : 2026-08-05 07:59:59+00:00
2026-08-06 16:00:53 [DASHBOARD] ✅ hour ALL_TOTAL
2026-08-06 16:00:53 [DASHBOARD] ✅ hour 上架包
2026-08-06 16:00:53 [DASHBOARD] ✅ hour tt-h5
2026-08-06 16:00:53 [DASHBOARD] ✅ hour fb-pwa-b
2026-08-06 16:00:53 [DASHBOARD] ✅ hour fb-pwa-a
2026-08-06 16:00:53 [DASHBOARD] ✅ hour fb-pwa
2026-08-06 16:00:53 [DASHBOARD] ✅ hour tt-pwa
2026-08-06 16:00:53 [DASHBOARD] ✅ hour kwai-pwa
2026-08-06 16:00:53 [DASHBOARD] ✅ hour fb-ios
2026-08-06 16:00:53 [DASHBOARD] ✅ hour fb-h5-b
2026-08-06 16:00:53 [DASHBOARD] ✅ hour fb-h5-a
2026-08-06 16:00:53 [DASHBOARD] ✅ hour DL
2026-08-06 16:00:53 [DASHBOARD] ✅ hour 其他
2026-08-06 16:00:53 [DASHBOARD] ✅ retention ALL
2026-08-06 16:00:53 [DASHBOARD] ✅ retention fb-pwa-a
2026-08-06 16:00:53 [DASHBOARD] ✅ retention tt-h5
2026-08-06 16:00:53 [DASHBOARD] ✅ retention kwai-pwa
2026-08-06 16:00:53 [DASHBOARD] ✅ retention fb-pwa-b
2026-08-06 16:00:53 [DASHBOARD] ✅ retention fb-ios
2026-08-06 16:00:53 [DASHBOARD] ✅ retention 上架包
2026-08-06 16:00:53 [DASHBOARD] ✅ retention fb-pwa
2026-08-06 16:00:53 [DASHBOARD] ✅ retention fb-h5-a
2026-08-06 16:00:53 [DASHBOARD] ✅ retention fb-h5-b
2026-08-06 16:00:53 [DASHBOARD] ✅ retention tt-pwa
2026-08-06 16:00:53 [DASHBOARD] ✅ retention 其他
2026-08-06 16:00:53 [DASHBOARD] ✅ retention DL
2026-08-06 16:00:53 [DASHBOARD] Loading realtime data...
2026-08-06 16:00:53 [DASHBOARD] ✅ realtime 2026-08-06
2026-08-06 16:00:53 [DASHBOARD] ✅ realtime 2026-08-05
2026-08-06 16:00:53 [DASHBOARD] ✅ realtime 2026-08-04
2026-08-06 16:00:53 [DASHBOARD] ✅ realtime 2026-08-03
2026-08-06 16:00:53 [DASHBOARD] ✅ Saved: /Users/xiaoruan/Documents/76b-getdata/data.json
2026-08-06 16:00:53 [DASHBOARD] ✅ Commit success
2026-08-06 16:00:53 [DASHBOARD] ✅ GitHub updated
2026-08-06 16:01:18 [DASHBOARD] ✅ ALL_TOTAL success
2026-08-06 16:01:18 [DASHBOARD] ✅ fb-h5 success
2026-08-06 16:01:18 [DASHBOARD] ✅ 回访 success
2026-08-06 16:01:18 [DASHBOARD] ✅ fb-pwa success
2026-08-06 16:01:18 [DASHBOARD] ✅ tt-pwa success
2026-08-06 16:01:18 [DASHBOARD] ✅ dsp-h5 success
2026-08-06 16:01:18 [DASHBOARD] ✅ fb-h5-a success
2026-08-06 16:01:18 [DASHBOARD] ✅ fb-ios success
2026-08-06 16:01:18 [DASHBOARD] ✅ kwai-pwa success
2026-08-06 16:01:18 [DASHBOARD] ✅ fb-pwa-a success
2026-08-06 16:01:18 [DASHBOARD] ✅ 其他 success
2026-08-06 16:01:18 [DASHBOARD] ✅ ws-h5 success
2026-08-06 16:01:18 [DASHBOARD] Brazil now : 2026-08-06 05:00:53.162813-03:00
2026-08-06 16:01:18 [DASHBOARD] Report day : 2026-08-06
2026-08-06 16:01:18 [DASHBOARD] Yesterday  : 2026-08-05
2026-08-06 16:01:18 [DASHBOARD] Hour start : 2026-08-05 03:00:00+00:00
2026-08-06 16:01:18 [DASHBOARD] Hour end   : 2026-08-05 07:59:59+00:00
2026-08-06 16:01:18 [DASHBOARD] Brazil now : 2026-08-06 05:00:53.162813-03:00
2026-08-06 16:01:18 [DASHBOARD] Hour start : 2026-08-05 03:00:00+00:00
2026-08-06 16:01:18 [DASHBOARD] Hour end   : 2026-08-05 07:59:59+00:00
2026-08-06 16:01:18 [DASHBOARD] ✅ hour ALL_TOTAL
2026-08-06 16:01:18 [DASHBOARD] ✅ hour 其他
2026-08-06 16:01:18 [DASHBOARD] ✅ hour 回访
2026-08-06 16:01:18 [DASHBOARD] ✅ hour kwai-pwa
2026-08-06 16:01:18 [DASHBOARD] ✅ hour fb-pwa
2026-08-06 16:01:18 [DASHBOARD] ✅ hour fb-h5-a
2026-08-06 16:01:18 [DASHBOARD] ✅ hour fb-h5
2026-08-06 16:01:18 [DASHBOARD] ✅ hour fb-ios
2026-08-06 16:01:18 [DASHBOARD] ✅ hour tt-pwa
2026-08-06 16:01:18 [DASHBOARD] ✅ hour fb-pwa-a
2026-08-06 16:01:18 [DASHBOARD] ✅ hour ws-h5
2026-08-06 16:01:18 [DASHBOARD] ✅ hour dsp-h5
2026-08-06 16:01:18 [DASHBOARD] ✅ retention ALL
2026-08-06 16:01:18 [DASHBOARD] ✅ retention fb-h5
2026-08-06 16:01:18 [DASHBOARD] ✅ retention tt-pwa
2026-08-06 16:01:18 [DASHBOARD] ✅ retention dsp-h5
2026-08-06 16:01:18 [DASHBOARD] ✅ retention kwai-pwa
2026-08-06 16:01:18 [DASHBOARD] ✅ retention fb-ios
2026-08-06 16:01:18 [DASHBOARD] ✅ retention 其他
2026-08-06 16:01:18 [DASHBOARD] ✅ retention 回访
2026-08-06 16:01:18 [DASHBOARD] ✅ retention fb-pwa
2026-08-06 16:01:18 [DASHBOARD] ✅ retention fb-pwa-a
2026-08-06 16:01:18 [DASHBOARD] ✅ retention ws-h5
2026-08-06 16:01:18 [DASHBOARD] ✅ retention fb-h5-a
2026-08-06 16:01:18 [DASHBOARD] Loading realtime data...
2026-08-06 16:01:18 [DASHBOARD] ✅ realtime 2026-08-06
2026-08-06 16:01:18 [DASHBOARD] ✅ realtime 2026-08-05
2026-08-06 16:01:18 [DASHBOARD] ✅ realtime 2026-08-04
2026-08-06 16:01:18 [DASHBOARD] ✅ realtime 2026-08-03
2026-08-06 16:01:18 [DASHBOARD] ✅ Saved: /Users/xiaoruan/Documents/76b-getdata/nn22.json
2026-08-06 16:01:18 [DASHBOARD] ✅ Commit success
2026-08-06 16:01:18 [DASHBOARD] ✅ GitHub updated
2026-08-06 16:01:44 [DASHBOARD] ✅ ALL_TOTAL success
2026-08-06 16:01:44 [DASHBOARD] ✅ fb-h5-a success
2026-08-06 16:01:44 [DASHBOARD] ✅ fb-pwa success
2026-08-06 16:01:44 [DASHBOARD] ✅ kwai-pwa success
2026-08-06 16:01:44 [DASHBOARD] ✅ tt-pwa success
2026-08-06 16:01:44 [DASHBOARD] ✅ fb-pwa-b success
2026-08-06 16:01:44 [DASHBOARD] ✅ fb-h5 success
2026-08-06 16:01:44 [DASHBOARD] ✅ fb-pwa-a success
2026-08-06 16:01:44 [DASHBOARD] ✅ 上架包 success
2026-08-06 16:01:44 [DASHBOARD] ✅ fb-ios success
2026-08-06 16:01:44 [DASHBOARD] ✅ 其他 success
2026-08-06 16:01:44 [DASHBOARD] ✅ DL success
2026-08-06 16:01:44 [DASHBOARD] ✅ ws-h5 success
2026-08-06 16:01:44 [DASHBOARD] Brazil now : 2026-08-06 05:01:18.285514-03:00
2026-08-06 16:01:44 [DASHBOARD] Report day : 2026-08-06
2026-08-06 16:01:44 [DASHBOARD] Yesterday  : 2026-08-05
2026-08-06 16:01:44 [DASHBOARD] Hour start : 2026-08-05 03:00:00+00:00
2026-08-06 16:01:44 [DASHBOARD] Hour end   : 2026-08-05 07:59:59+00:00
2026-08-06 16:01:44 [DASHBOARD] Brazil now : 2026-08-06 05:01:18.285514-03:00
2026-08-06 16:01:44 [DASHBOARD] Hour start : 2026-08-05 03:00:00+00:00
2026-08-06 16:01:44 [DASHBOARD] Hour end   : 2026-08-05 07:59:59+00:00
2026-08-06 16:01:44 [DASHBOARD] ✅ hour ALL_TOTAL
2026-08-06 16:01:44 [DASHBOARD] ✅ hour 上架包
2026-08-06 16:01:44 [DASHBOARD] ✅ hour kwai-pwa
2026-08-06 16:01:44 [DASHBOARD] ✅ hour fb-pwa-b
2026-08-06 16:01:44 [DASHBOARD] ✅ hour fb-ios
2026-08-06 16:01:44 [DASHBOARD] ✅ hour tt-pwa
2026-08-06 16:01:44 [DASHBOARD] ✅ hour DL
2026-08-06 16:01:44 [DASHBOARD] ✅ hour fb-h5-a
2026-08-06 16:01:44 [DASHBOARD] ✅ hour 其他
2026-08-06 16:01:44 [DASHBOARD] ✅ hour fb-pwa
2026-08-06 16:01:44 [DASHBOARD] ✅ hour ws-h5
2026-08-06 16:01:44 [DASHBOARD] ✅ hour fb-h5
2026-08-06 16:01:44 [DASHBOARD] ✅ hour fb-pwa-a
2026-08-06 16:01:44 [DASHBOARD] ✅ retention ALL
2026-08-06 16:01:44 [DASHBOARD] ✅ retention tt-pwa
2026-08-06 16:01:44 [DASHBOARD] ✅ retention DL
2026-08-06 16:01:44 [DASHBOARD] ✅ retention fb-pwa-b
2026-08-06 16:01:44 [DASHBOARD] ✅ retention fb-h5
2026-08-06 16:01:44 [DASHBOARD] ✅ retention fb-ios
2026-08-06 16:01:44 [DASHBOARD] ✅ retention fb-h5-a
2026-08-06 16:01:44 [DASHBOARD] ✅ retention kwai-pwa
2026-08-06 16:01:44 [DASHBOARD] ✅ retention fb-pwa-a
2026-08-06 16:01:44 [DASHBOARD] ✅ retention fb-pwa
2026-08-06 16:01:44 [DASHBOARD] ✅ retention 其他
2026-08-06 16:01:44 [DASHBOARD] ✅ retention ws-h5
2026-08-06 16:01:44 [DASHBOARD] ✅ retention 上架包
2026-08-06 16:01:44 [DASHBOARD] Loading realtime data...
2026-08-06 16:01:44 [DASHBOARD] ✅ realtime 2026-08-06
2026-08-06 16:01:44 [DASHBOARD] ✅ realtime 2026-08-05
2026-08-06 16:01:44 [DASHBOARD] ✅ realtime 2026-08-04
2026-08-06 16:01:44 [DASHBOARD] ✅ realtime 2026-08-03
2026-08-06 16:01:44 [DASHBOARD] ✅ Saved: /Users/xiaoruan/Documents/76b-getdata/23a.json
2026-08-06 16:01:44 [DASHBOARD] ✅ Commit success
2026-08-06 16:01:44 [DASHBOARD] ✅ GitHub updated
2026-08-06 16:02:07 [DASHBOARD] ✅ ALL_TOTAL success
2026-08-06 16:02:07 [DASHBOARD] ✅ fb-pwa-b success
2026-08-06 16:02:07 [DASHBOARD] ✅ fb-ios success
2026-08-06 16:02:07 [DASHBOARD] ✅ 其他 success
2026-08-06 16:02:07 [DASHBOARD] ✅ fb-pwa-a success
2026-08-06 16:02:07 [DASHBOARD] ✅ fb-h5 success
2026-08-06 16:02:07 [DASHBOARD] ✅ fb-pwa success
2026-08-06 16:02:07 [DASHBOARD] ✅ DL success
2026-08-06 16:02:07 [DASHBOARD] ✅ tt-pwa success
2026-08-06 16:02:07 [DASHBOARD] ✅ 上架包 success
2026-08-06 16:02:07 [DASHBOARD] ✅ kwai-pwa success
2026-08-06 16:02:07 [DASHBOARD] Brazil now : 2026-08-06 05:01:45.016637-03:00
2026-08-06 16:02:07 [DASHBOARD] Report day : 2026-08-06
2026-08-06 16:02:07 [DASHBOARD] Yesterday  : 2026-08-05
2026-08-06 16:02:07 [DASHBOARD] Hour start : 2026-08-05 03:00:00+00:00
2026-08-06 16:02:07 [DASHBOARD] Hour end   : 2026-08-05 07:59:59+00:00
2026-08-06 16:02:07 [DASHBOARD] Brazil now : 2026-08-06 05:01:45.016637-03:00
2026-08-06 16:02:07 [DASHBOARD] Hour start : 2026-08-05 03:00:00+00:00
2026-08-06 16:02:07 [DASHBOARD] Hour end   : 2026-08-05 07:59:59+00:00
2026-08-06 16:02:07 [DASHBOARD] ✅ hour ALL_TOTAL
2026-08-06 16:02:07 [DASHBOARD] ✅ hour 上架包
2026-08-06 16:02:07 [DASHBOARD] ✅ hour fb-h5
2026-08-06 16:02:07 [DASHBOARD] ✅ hour DL
2026-08-06 16:02:07 [DASHBOARD] ✅ hour fb-pwa-a
2026-08-06 16:02:07 [DASHBOARD] ✅ hour fb-pwa
2026-08-06 16:02:07 [DASHBOARD] ✅ hour fb-pwa-b
2026-08-06 16:02:07 [DASHBOARD] ✅ hour 其他
2026-08-06 16:02:07 [DASHBOARD] ✅ hour fb-ios
2026-08-06 16:02:07 [DASHBOARD] ✅ hour kwai-pwa
2026-08-06 16:02:07 [DASHBOARD] ✅ hour tt-pwa
2026-08-06 16:02:07 [DASHBOARD] ✅ retention ALL
2026-08-06 16:02:07 [DASHBOARD] ✅ retention fb-ios
2026-08-06 16:02:07 [DASHBOARD] ✅ retention DL
2026-08-06 16:02:07 [DASHBOARD] ✅ retention fb-pwa
2026-08-06 16:02:07 [DASHBOARD] ✅ retention fb-pwa-a
2026-08-06 16:02:07 [DASHBOARD] ✅ retention fb-pwa-b
2026-08-06 16:02:07 [DASHBOARD] ✅ retention 上架包
2026-08-06 16:02:07 [DASHBOARD] ✅ retention kwai-pwa
2026-08-06 16:02:07 [DASHBOARD] ✅ retention tt-pwa
2026-08-06 16:02:07 [DASHBOARD] ✅ retention 其他
2026-08-06 16:02:07 [DASHBOARD] ✅ retention fb-h5
2026-08-06 16:02:07 [DASHBOARD] Loading realtime data...
2026-08-06 16:02:07 [DASHBOARD] ✅ realtime 2026-08-06
2026-08-06 16:02:07 [DASHBOARD] ✅ realtime 2026-08-05
2026-08-06 16:02:07 [DASHBOARD] ✅ realtime 2026-08-04
2026-08-06 16:02:07 [DASHBOARD] ✅ realtime 2026-08-03
2026-08-06 16:02:07 [DASHBOARD] ✅ Saved: /Users/xiaoruan/Documents/76b-getdata/23e.json
2026-08-06 16:02:07 [DASHBOARD] ✅ Commit success
2026-08-06 16:02:07 [DASHBOARD] ✅ GitHub updated
2026-08-06 16:02:07 [DASHBOARD] ✅ Done
2026-08-06 16:02:07 [DASHBOARD] ✅ 推广汇总更新完成
2026-08-06 17:00:00 [DASHBOARD] 🚀 Run: 2026-08-06 17:00:00.070313
2026-08-06 17:00:58 [DASHBOARD] ✅ ALL_TOTAL success
2026-08-06 17:00:58 [DASHBOARD] ✅ tt-h5 success
2026-08-06 17:00:58 [DASHBOARD] ✅ fb-ios success
2026-08-06 17:00:58 [DASHBOARD] ✅ 上架包 success
2026-08-06 17:00:58 [DASHBOARD] ✅ fb-h5-b success
2026-08-06 17:00:58 [DASHBOARD] ✅ fb-pwa success
2026-08-06 17:00:58 [DASHBOARD] ✅ fb-h5-a success
2026-08-06 17:00:58 [DASHBOARD] ✅ fb-pwa-a success
2026-08-06 17:00:58 [DASHBOARD] ✅ fb-pwa-b success
2026-08-06 17:00:58 [DASHBOARD] ✅ kwai-pwa success
2026-08-06 17:00:58 [DASHBOARD] ✅ tt-pwa success
2026-08-06 17:00:58 [DASHBOARD] ✅ DL success
2026-08-06 17:00:58 [DASHBOARD] ✅ 其他 success
2026-08-06 17:00:58 [DASHBOARD] Brazil now : 2026-08-06 06:00:00.220903-03:00
2026-08-06 17:00:58 [DASHBOARD] Report day : 2026-08-06
2026-08-06 17:00:58 [DASHBOARD] Yesterday  : 2026-08-05
2026-08-06 17:00:58 [DASHBOARD] Hour start : 2026-08-05 03:00:00+00:00
2026-08-06 17:00:58 [DASHBOARD] Hour end   : 2026-08-05 08:59:59+00:00
2026-08-06 17:00:58 [DASHBOARD] Brazil now : 2026-08-06 06:00:00.220903-03:00
2026-08-06 17:00:58 [DASHBOARD] Hour start : 2026-08-05 03:00:00+00:00
2026-08-06 17:00:58 [DASHBOARD] Hour end   : 2026-08-05 08:59:59+00:00
2026-08-06 17:00:58 [DASHBOARD] ✅ hour ALL_TOTAL
2026-08-06 17:00:58 [DASHBOARD] ✅ hour fb-pwa
2026-08-06 17:00:58 [DASHBOARD] ✅ hour tt-h5
2026-08-06 17:00:58 [DASHBOARD] ✅ hour fb-ios
2026-08-06 17:00:58 [DASHBOARD] ✅ hour fb-h5-b
2026-08-06 17:00:58 [DASHBOARD] ✅ hour 上架包
2026-08-06 17:00:58 [DASHBOARD] ✅ hour kwai-pwa
2026-08-06 17:00:58 [DASHBOARD] ✅ hour tt-pwa
2026-08-06 17:00:58 [DASHBOARD] ✅ hour fb-h5-a
2026-08-06 17:00:58 [DASHBOARD] ✅ hour fb-pwa-a
2026-08-06 17:00:58 [DASHBOARD] ✅ hour fb-pwa-b
2026-08-06 17:00:58 [DASHBOARD] ✅ hour 其他
2026-08-06 17:00:58 [DASHBOARD] ✅ hour DL
2026-08-06 17:00:58 [DASHBOARD] ✅ retention ALL
2026-08-06 17:00:58 [DASHBOARD] ✅ retention fb-pwa-b
2026-08-06 17:00:58 [DASHBOARD] ✅ retention fb-h5-a
2026-08-06 17:00:58 [DASHBOARD] ✅ retention tt-h5
2026-08-06 17:00:58 [DASHBOARD] ✅ retention fb-h5-b
2026-08-06 17:00:58 [DASHBOARD] ✅ retention fb-pwa
2026-08-06 17:00:58 [DASHBOARD] ✅ retention kwai-pwa
2026-08-06 17:00:58 [DASHBOARD] ✅ retention fb-ios
2026-08-06 17:00:58 [DASHBOARD] ✅ retention fb-pwa-a
2026-08-06 17:00:58 [DASHBOARD] ✅ retention tt-pwa
2026-08-06 17:00:58 [DASHBOARD] ✅ retention 上架包
2026-08-06 17:00:58 [DASHBOARD] ✅ retention DL
2026-08-06 17:00:58 [DASHBOARD] ✅ retention 其他
2026-08-06 17:00:58 [DASHBOARD] Loading realtime data...
2026-08-06 17:00:58 [DASHBOARD] ✅ realtime 2026-08-06
2026-08-06 17:00:58 [DASHBOARD] ✅ realtime 2026-08-05
2026-08-06 17:00:58 [DASHBOARD] ✅ realtime 2026-08-04
2026-08-06 17:00:58 [DASHBOARD] ✅ realtime 2026-08-03
2026-08-06 17:00:58 [DASHBOARD] ✅ Saved: /Users/xiaoruan/Documents/76b-getdata/data.json
2026-08-06 17:00:58 [DASHBOARD] ✅ Commit success
2026-08-06 17:00:58 [DASHBOARD] ✅ GitHub updated
2026-08-06 17:01:30 [DASHBOARD] ✅ ALL_TOTAL success
2026-08-06 17:01:30 [DASHBOARD] ✅ 回访 success
2026-08-06 17:01:30 [DASHBOARD] ✅ 其他 success
2026-08-06 17:01:30 [DASHBOARD] ✅ fb-pwa success
2026-08-06 17:01:30 [DASHBOARD] ✅ fb-h5-a success
2026-08-06 17:01:30 [DASHBOARD] ✅ tt-pwa success
2026-08-06 17:01:30 [DASHBOARD] ✅ kwai-pwa success
2026-08-06 17:01:30 [DASHBOARD] ✅ dsp-h5 success
2026-08-06 17:01:30 [DASHBOARD] ✅ fb-h5 success
2026-08-06 17:01:30 [DASHBOARD] ✅ fb-ios success
2026-08-06 17:01:30 [DASHBOARD] ✅ fb-pwa-a success
2026-08-06 17:01:30 [DASHBOARD] ✅ ws-h5 success
2026-08-06 17:01:30 [DASHBOARD] Brazil now : 2026-08-06 06:00:58.449523-03:00
2026-08-06 17:01:30 [DASHBOARD] Report day : 2026-08-06
2026-08-06 17:01:30 [DASHBOARD] Yesterday  : 2026-08-05
2026-08-06 17:01:30 [DASHBOARD] Hour start : 2026-08-05 03:00:00+00:00
2026-08-06 17:01:30 [DASHBOARD] Hour end   : 2026-08-05 08:59:59+00:00
2026-08-06 17:01:30 [DASHBOARD] Brazil now : 2026-08-06 06:00:58.449523-03:00
2026-08-06 17:01:30 [DASHBOARD] Hour start : 2026-08-05 03:00:00+00:00
2026-08-06 17:01:30 [DASHBOARD] Hour end   : 2026-08-05 08:59:59+00:00
2026-08-06 17:01:30 [DASHBOARD] ✅ hour ALL_TOTAL
2026-08-06 17:01:30 [DASHBOARD] ✅ hour kwai-pwa
2026-08-06 17:01:30 [DASHBOARD] ✅ hour fb-pwa
2026-08-06 17:01:30 [DASHBOARD] ✅ hour 其他
2026-08-06 17:01:30 [DASHBOARD] ✅ hour fb-h5-a
2026-08-06 17:01:30 [DASHBOARD] ✅ hour dsp-h5
2026-08-06 17:01:30 [DASHBOARD] ✅ hour 回访
2026-08-06 17:01:30 [DASHBOARD] ✅ hour fb-ios
2026-08-06 17:01:30 [DASHBOARD] ✅ hour tt-pwa
2026-08-06 17:01:30 [DASHBOARD] ✅ hour fb-h5
2026-08-06 17:01:30 [DASHBOARD] ✅ hour ws-h5
2026-08-06 17:01:30 [DASHBOARD] ✅ hour fb-pwa-a
2026-08-06 17:01:30 [DASHBOARD] ✅ retention ALL
2026-08-06 17:01:30 [DASHBOARD] ✅ retention kwai-pwa
2026-08-06 17:01:30 [DASHBOARD] ✅ retention dsp-h5
2026-08-06 17:01:30 [DASHBOARD] ✅ retention tt-pwa
2026-08-06 17:01:30 [DASHBOARD] ✅ retention fb-pwa-a
2026-08-06 17:01:30 [DASHBOARD] ✅ retention 其他
2026-08-06 17:01:30 [DASHBOARD] ✅ retention fb-ios
2026-08-06 17:01:30 [DASHBOARD] ✅ retention fb-h5-a
2026-08-06 17:01:30 [DASHBOARD] ✅ retention 回访
2026-08-06 17:01:30 [DASHBOARD] ✅ retention fb-pwa
2026-08-06 17:01:30 [DASHBOARD] ✅ retention fb-h5
2026-08-06 17:01:30 [DASHBOARD] ✅ retention ws-h5
2026-08-06 17:01:30 [DASHBOARD] Loading realtime data...
2026-08-06 17:01:30 [DASHBOARD] ✅ realtime 2026-08-06
2026-08-06 17:01:30 [DASHBOARD] ✅ realtime 2026-08-05
2026-08-06 17:01:30 [DASHBOARD] ✅ realtime 2026-08-04
2026-08-06 17:01:30 [DASHBOARD] ✅ realtime 2026-08-03
2026-08-06 17:01:30 [DASHBOARD] ✅ Saved: /Users/xiaoruan/Documents/76b-getdata/nn22.json
2026-08-06 17:01:30 [DASHBOARD] ✅ Commit success
2026-08-06 17:01:30 [DASHBOARD] ✅ GitHub updated
2026-08-06 17:01:56 [DASHBOARD] ✅ ALL_TOTAL success
2026-08-06 17:01:56 [DASHBOARD] ✅ tt-pwa success
2026-08-06 17:01:56 [DASHBOARD] ✅ DL success
2026-08-06 17:01:56 [DASHBOARD] ✅ fb-h5 success
2026-08-06 17:01:56 [DASHBOARD] ✅ fb-h5-a success
2026-08-06 17:01:56 [DASHBOARD] ✅ fb-ios success
2026-08-06 17:01:56 [DASHBOARD] ✅ fb-pwa-a success
2026-08-06 17:01:56 [DASHBOARD] ✅ kwai-pwa success
2026-08-06 17:01:56 [DASHBOARD] ✅ 上架包 success
2026-08-06 17:01:56 [DASHBOARD] ✅ fb-pwa success
2026-08-06 17:01:56 [DASHBOARD] ✅ fb-pwa-b success
2026-08-06 17:01:56 [DASHBOARD] ✅ ws-h5 success
2026-08-06 17:01:56 [DASHBOARD] ✅ 其他 success
2026-08-06 17:01:56 [DASHBOARD] Brazil now : 2026-08-06 06:01:30.294383-03:00
2026-08-06 17:01:56 [DASHBOARD] Report day : 2026-08-06
2026-08-06 17:01:56 [DASHBOARD] Yesterday  : 2026-08-05
2026-08-06 17:01:56 [DASHBOARD] Hour start : 2026-08-05 03:00:00+00:00
2026-08-06 17:01:56 [DASHBOARD] Hour end   : 2026-08-05 08:59:59+00:00
2026-08-06 17:01:56 [DASHBOARD] Brazil now : 2026-08-06 06:01:30.294383-03:00
2026-08-06 17:01:56 [DASHBOARD] Hour start : 2026-08-05 03:00:00+00:00
2026-08-06 17:01:56 [DASHBOARD] Hour end   : 2026-08-05 08:59:59+00:00
2026-08-06 17:01:56 [DASHBOARD] ✅ hour ALL_TOTAL
2026-08-06 17:01:56 [DASHBOARD] ✅ hour fb-pwa
2026-08-06 17:01:56 [DASHBOARD] ✅ hour fb-h5-a
2026-08-06 17:01:56 [DASHBOARD] ✅ hour DL
2026-08-06 17:01:56 [DASHBOARD] ✅ hour fb-pwa-a
2026-08-06 17:01:56 [DASHBOARD] ✅ hour fb-h5
2026-08-06 17:01:56 [DASHBOARD] ✅ hour kwai-pwa
2026-08-06 17:01:56 [DASHBOARD] ✅ hour tt-pwa
2026-08-06 17:01:56 [DASHBOARD] ✅ hour 其他
2026-08-06 17:01:56 [DASHBOARD] ✅ hour fb-ios
2026-08-06 17:01:56 [DASHBOARD] ✅ hour fb-pwa-b
2026-08-06 17:01:56 [DASHBOARD] ✅ hour 上架包
2026-08-06 17:01:56 [DASHBOARD] ✅ hour ws-h5
2026-08-06 17:01:56 [DASHBOARD] ✅ retention ALL
2026-08-06 17:01:56 [DASHBOARD] ✅ retention fb-pwa-a
2026-08-06 17:01:56 [DASHBOARD] ✅ retention DL
2026-08-06 17:01:56 [DASHBOARD] ✅ retention fb-h5
2026-08-06 17:01:56 [DASHBOARD] ✅ retention fb-pwa
2026-08-06 17:01:56 [DASHBOARD] ✅ retention tt-pwa
2026-08-06 17:01:56 [DASHBOARD] ✅ retention kwai-pwa
2026-08-06 17:01:56 [DASHBOARD] ✅ retention fb-h5-a
2026-08-06 17:01:56 [DASHBOARD] ✅ retention fb-ios
2026-08-06 17:01:56 [DASHBOARD] ✅ retention 上架包
2026-08-06 17:01:56 [DASHBOARD] ✅ retention fb-pwa-b
2026-08-06 17:01:56 [DASHBOARD] ✅ retention 其他
2026-08-06 17:01:56 [DASHBOARD] ✅ retention ws-h5
2026-08-06 17:01:56 [DASHBOARD] Loading realtime data...
2026-08-06 17:01:56 [DASHBOARD] ✅ realtime 2026-08-06
2026-08-06 17:01:56 [DASHBOARD] ✅ realtime 2026-08-05
2026-08-06 17:01:56 [DASHBOARD] ✅ realtime 2026-08-04
2026-08-06 17:01:56 [DASHBOARD] ✅ realtime 2026-08-03
2026-08-06 17:01:56 [DASHBOARD] ✅ Saved: /Users/xiaoruan/Documents/76b-getdata/23a.json
2026-08-06 17:01:56 [DASHBOARD] ✅ Commit success
2026-08-06 17:01:56 [DASHBOARD] ✅ GitHub updated
2026-08-06 17:02:20 [DASHBOARD] ✅ ALL_TOTAL success
2026-08-06 17:02:20 [DASHBOARD] ✅ fb-pwa success
2026-08-06 17:02:20 [DASHBOARD] ✅ tt-pwa success
2026-08-06 17:02:20 [DASHBOARD] ✅ fb-h5 success
2026-08-06 17:02:20 [DASHBOARD] ✅ 其他 success
2026-08-06 17:02:20 [DASHBOARD] ✅ fb-pwa-b success
2026-08-06 17:02:20 [DASHBOARD] ✅ 上架包 success
2026-08-06 17:02:20 [DASHBOARD] ✅ fb-ios success
2026-08-06 17:02:20 [DASHBOARD] ✅ fb-pwa-a success
2026-08-06 17:02:20 [DASHBOARD] ✅ kwai-pwa success
2026-08-06 17:02:20 [DASHBOARD] ✅ DL success
2026-08-06 17:02:20 [DASHBOARD] Brazil now : 2026-08-06 06:01:57.016461-03:00
2026-08-06 17:02:20 [DASHBOARD] Report day : 2026-08-06
2026-08-06 17:02:20 [DASHBOARD] Yesterday  : 2026-08-05
2026-08-06 17:02:20 [DASHBOARD] Hour start : 2026-08-05 03:00:00+00:00
2026-08-06 17:02:20 [DASHBOARD] Hour end   : 2026-08-05 08:59:59+00:00
2026-08-06 17:02:20 [DASHBOARD] Brazil now : 2026-08-06 06:01:57.016461-03:00
2026-08-06 17:02:20 [DASHBOARD] Hour start : 2026-08-05 03:00:00+00:00
2026-08-06 17:02:20 [DASHBOARD] Hour end   : 2026-08-05 08:59:59+00:00
2026-08-06 17:02:20 [DASHBOARD] ✅ hour ALL_TOTAL
2026-08-06 17:02:20 [DASHBOARD] ✅ hour fb-pwa-a
2026-08-06 17:02:20 [DASHBOARD] ✅ hour 上架包
2026-08-06 17:02:20 [DASHBOARD] ✅ hour DL
2026-08-06 17:02:20 [DASHBOARD] ✅ hour 其他
2026-08-06 17:02:20 [DASHBOARD] ✅ hour fb-ios
2026-08-06 17:02:20 [DASHBOARD] ✅ hour tt-pwa
2026-08-06 17:02:20 [DASHBOARD] ✅ hour fb-pwa-b
2026-08-06 17:02:20 [DASHBOARD] ✅ hour fb-pwa
2026-08-06 17:02:20 [DASHBOARD] ✅ hour fb-h5
2026-08-06 17:02:20 [DASHBOARD] ✅ hour kwai-pwa
2026-08-06 17:02:20 [DASHBOARD] ✅ retention ALL
2026-08-06 17:02:20 [DASHBOARD] ✅ retention fb-pwa
2026-08-06 17:02:20 [DASHBOARD] ✅ retention kwai-pwa
2026-08-06 17:02:20 [DASHBOARD] ✅ retention fb-pwa-a
2026-08-06 17:02:20 [DASHBOARD] ✅ retention tt-pwa
2026-08-06 17:02:20 [DASHBOARD] ✅ retention fb-ios
2026-08-06 17:02:20 [DASHBOARD] ✅ retention DL
2026-08-06 17:02:20 [DASHBOARD] ✅ retention fb-h5
2026-08-06 17:02:20 [DASHBOARD] ✅ retention 上架包
2026-08-06 17:02:20 [DASHBOARD] ✅ retention fb-pwa-b
2026-08-06 17:02:20 [DASHBOARD] ✅ retention 其他
2026-08-06 17:02:20 [DASHBOARD] Loading realtime data...
2026-08-06 17:02:20 [DASHBOARD] ✅ realtime 2026-08-06
2026-08-06 17:02:20 [DASHBOARD] ✅ realtime 2026-08-05
2026-08-06 17:02:20 [DASHBOARD] ✅ realtime 2026-08-04
2026-08-06 17:02:20 [DASHBOARD] ✅ realtime 2026-08-03
2026-08-06 17:02:20 [DASHBOARD] ✅ Saved: /Users/xiaoruan/Documents/76b-getdata/23e.json
2026-08-06 17:02:20 [DASHBOARD] ✅ Commit success
2026-08-06 17:02:20 [DASHBOARD] ✅ GitHub updated
2026-08-06 17:02:20 [DASHBOARD] ✅ Done
2026-08-06 17:02:20 [DASHBOARD] ✅ 推广汇总更新完成
2026-08-06 17:02:50 [shujugenjin] ---> [1/25] 正在处理: Site 73J
2026-08-06 17:02:54 [shujugenjin] ---> [2/25] 正在处理: Site 23E
2026-08-06 17:02:57 [shujugenjin] ---> [3/25] 正在处理: Site 23A
2026-08-06 17:02:59 [shujugenjin] ---> [4/25] 正在处理: Site NN22
2026-08-06 17:03:02 [shujugenjin] ---> [5/25] 正在处理: Site 76B
2026-08-06 17:03:06 [shujugenjin] ---> [6/25] 正在处理: Site 5BBB
2026-08-06 17:03:09 [shujugenjin] ---> [7/25] 正在处理: Site XXX7
2026-08-06 17:03:13 [shujugenjin] ---> [8/25] 正在处理: Site WW33
2026-08-06 17:03:16 [shujugenjin] ---> [9/25] 正在处理: Site 55UU
2026-08-06 17:03:19 [shujugenjin] ---> [10/25] 正在处理: Site EE44
2026-08-06 17:03:22 [shujugenjin] ---> [11/25] 正在处理: Site BB22
2026-08-06 17:03:25 [shujugenjin] ---> [12/25] 正在处理: Site 7JJJ
2026-08-06 17:03:28 [shujugenjin] ---> [13/25] 正在处理: Site XXX1
2026-08-06 17:03:31 [shujugenjin] ---> [14/25] 正在处理: Site 44WW
2026-08-06 17:03:34 [shujugenjin] ---> [15/25] 正在处理: Site 33NN
2026-08-06 17:03:37 [shujugenjin] ---> [16/25] 正在处理: Site RR66
2026-08-06 17:03:40 [shujugenjin] ---> [17/25] 正在处理: Site KK44
2026-08-06 17:03:43 [shujugenjin] ---> [18/25] 正在处理: Site 33CC
2026-08-06 17:03:47 [shujugenjin] ---> [19/25] 正在处理: Site 22CC
2026-08-06 17:03:51 [shujugenjin] ---> [20/25] 正在处理: Site 77SS
2026-08-06 17:03:55 [shujugenjin] ---> [21/25] 正在处理: Site 11CC
2026-08-06 17:03:57 [shujugenjin] ---> [22/25] 正在处理: Site 99SS
2026-08-06 17:04:01 [shujugenjin] ---> [23/25] 正在处理: Site 66AA
2026-08-06 17:04:03 [shujugenjin] ---> [24/25] 正在处理: Site 77GG
2026-08-06 17:04:06 [shujugenjin] ---> [25/25] 正在处理: Site 77BB
2026-08-06 17:04:35 [shujugenjin] 🎉所有站点综合分析图片及文字报告已成功发送至 Telegram！
2026-08-06 18:00:00 [DASHBOARD] 🚀 Run: 2026-08-06 18:00:00.031717
2026-08-06 18:00:44 [DASHBOARD] ✅ ALL_TOTAL success
2026-08-06 18:00:44 [DASHBOARD] ✅ fb-h5-b success
2026-08-06 18:00:44 [DASHBOARD] ✅ tt-h5 success
2026-08-06 18:00:44 [DASHBOARD] ✅ kwai-pwa success
2026-08-06 18:00:44 [DASHBOARD] ✅ tt-pwa success
2026-08-06 18:00:44 [DASHBOARD] ✅ fb-ios success
2026-08-06 18:00:44 [DASHBOARD] ✅ fb-pwa-a success
2026-08-06 18:00:44 [DASHBOARD] ✅ fb-pwa success
2026-08-06 18:00:44 [DASHBOARD] ✅ 上架包 success
2026-08-06 18:00:44 [DASHBOARD] ✅ fb-h5-a success
2026-08-06 18:00:44 [DASHBOARD] ✅ fb-pwa-b success
2026-08-06 18:00:44 [DASHBOARD] ✅ 其他 success
2026-08-06 18:00:44 [DASHBOARD] ✅ DL success
2026-08-06 18:00:44 [DASHBOARD] Brazil now : 2026-08-06 07:00:00.247219-03:00
2026-08-06 18:00:44 [DASHBOARD] Report day : 2026-08-06
2026-08-06 18:00:44 [DASHBOARD] Yesterday  : 2026-08-05
2026-08-06 18:00:44 [DASHBOARD] Hour start : 2026-08-05 03:00:00+00:00
2026-08-06 18:00:44 [DASHBOARD] Hour end   : 2026-08-05 09:59:59+00:00
2026-08-06 18:00:44 [DASHBOARD] Brazil now : 2026-08-06 07:00:00.247219-03:00
2026-08-06 18:00:44 [DASHBOARD] Hour start : 2026-08-05 03:00:00+00:00
2026-08-06 18:00:44 [DASHBOARD] Hour end   : 2026-08-05 09:59:59+00:00
2026-08-06 18:00:44 [DASHBOARD] ✅ hour ALL_TOTAL
2026-08-06 18:00:44 [DASHBOARD] ✅ hour fb-ios
2026-08-06 18:00:44 [DASHBOARD] ✅ hour fb-pwa
2026-08-06 18:00:44 [DASHBOARD] ✅ hour fb-h5-a
2026-08-06 18:00:44 [DASHBOARD] ✅ hour fb-pwa-a
2026-08-06 18:00:44 [DASHBOARD] ✅ hour tt-pwa
2026-08-06 18:00:44 [DASHBOARD] ✅ hour tt-h5
2026-08-06 18:00:44 [DASHBOARD] ✅ hour 上架包
2026-08-06 18:00:44 [DASHBOARD] ✅ hour fb-h5-b
2026-08-06 18:00:44 [DASHBOARD] ✅ hour kwai-pwa
2026-08-06 18:00:44 [DASHBOARD] ✅ hour fb-pwa-b
2026-08-06 18:00:44 [DASHBOARD] ✅ hour 其他
2026-08-06 18:00:44 [DASHBOARD] ✅ hour DL
2026-08-06 18:00:44 [DASHBOARD] ✅ retention ALL
2026-08-06 18:00:44 [DASHBOARD] ✅ retention fb-pwa
2026-08-06 18:00:44 [DASHBOARD] ✅ retention fb-h5-b
2026-08-06 18:00:44 [DASHBOARD] ✅ retention fb-pwa-a
2026-08-06 18:00:44 [DASHBOARD] ✅ retention tt-pwa
2026-08-06 18:00:44 [DASHBOARD] ✅ retention tt-h5
2026-08-06 18:00:44 [DASHBOARD] ✅ retention 上架包
2026-08-06 18:00:44 [DASHBOARD] ✅ retention fb-h5-a
2026-08-06 18:00:44 [DASHBOARD] ✅ retention kwai-pwa
2026-08-06 18:00:44 [DASHBOARD] ✅ retention fb-ios
2026-08-06 18:00:44 [DASHBOARD] ✅ retention fb-pwa-b
2026-08-06 18:00:44 [DASHBOARD] ✅ retention DL
2026-08-06 18:00:44 [DASHBOARD] ✅ retention 其他
2026-08-06 18:00:44 [DASHBOARD] Loading realtime data...
2026-08-06 18:00:44 [DASHBOARD] ✅ realtime 2026-08-06
2026-08-06 18:00:44 [DASHBOARD] ✅ realtime 2026-08-05
2026-08-06 18:00:44 [DASHBOARD] ✅ realtime 2026-08-04
2026-08-06 18:00:44 [DASHBOARD] ✅ realtime 2026-08-03
2026-08-06 18:00:44 [DASHBOARD] ✅ Saved: /Users/xiaoruan/Documents/76b-getdata/data.json
2026-08-06 18:00:44 [DASHBOARD] ✅ Commit success
2026-08-06 18:00:44 [DASHBOARD] ✅ GitHub updated
2026-08-06 18:01:15 [DASHBOARD] ✅ ALL_TOTAL success
2026-08-06 18:01:15 [DASHBOARD] ✅ fb-h5 success
2026-08-06 18:01:15 [DASHBOARD] ✅ tt-pwa success
2026-08-06 18:01:15 [DASHBOARD] ✅ 其他 success
2026-08-06 18:01:15 [DASHBOARD] ✅ dsp-h5 success
2026-08-06 18:01:15 [DASHBOARD] ✅ fb-ios success
2026-08-06 18:01:15 [DASHBOARD] ✅ kwai-pwa success
2026-08-06 18:01:15 [DASHBOARD] ✅ 回访 success
2026-08-06 18:01:15 [DASHBOARD] ✅ fb-pwa success
2026-08-06 18:01:15 [DASHBOARD] ✅ ws-h5 success
2026-08-06 18:01:15 [DASHBOARD] ✅ fb-h5-a success
2026-08-06 18:01:15 [DASHBOARD] ✅ fb-pwa-a success
2026-08-06 18:01:15 [DASHBOARD] Brazil now : 2026-08-06 07:00:44.955584-03:00
2026-08-06 18:01:15 [DASHBOARD] Report day : 2026-08-06
2026-08-06 18:01:15 [DASHBOARD] Yesterday  : 2026-08-05
2026-08-06 18:01:15 [DASHBOARD] Hour start : 2026-08-05 03:00:00+00:00
2026-08-06 18:01:15 [DASHBOARD] Hour end   : 2026-08-05 09:59:59+00:00
2026-08-06 18:01:15 [DASHBOARD] Brazil now : 2026-08-06 07:00:44.955584-03:00
2026-08-06 18:01:15 [DASHBOARD] Hour start : 2026-08-05 03:00:00+00:00
2026-08-06 18:01:15 [DASHBOARD] Hour end   : 2026-08-05 09:59:59+00:00
2026-08-06 18:01:15 [DASHBOARD] ✅ hour ALL_TOTAL
2026-08-06 18:01:15 [DASHBOARD] ✅ hour fb-pwa
2026-08-06 18:01:15 [DASHBOARD] ✅ hour fb-ios
2026-08-06 18:01:15 [DASHBOARD] ✅ hour dsp-h5
2026-08-06 18:01:15 [DASHBOARD] ✅ hour tt-pwa
2026-08-06 18:01:15 [DASHBOARD] ✅ hour kwai-pwa
2026-08-06 18:01:15 [DASHBOARD] ✅ hour fb-pwa-a
2026-08-06 18:01:15 [DASHBOARD] ✅ hour 其他
2026-08-06 18:01:15 [DASHBOARD] ✅ hour 回访
2026-08-06 18:01:15 [DASHBOARD] ✅ hour fb-h5
2026-08-06 18:01:15 [DASHBOARD] ✅ hour fb-h5-a
2026-08-06 18:01:15 [DASHBOARD] ✅ hour ws-h5
2026-08-06 18:01:15 [DASHBOARD] ✅ retention ALL
2026-08-06 18:01:15 [DASHBOARD] ✅ retention 其他
2026-08-06 18:01:15 [DASHBOARD] ✅ retention fb-ios
2026-08-06 18:01:15 [DASHBOARD] ✅ retention fb-h5-a
2026-08-06 18:01:15 [DASHBOARD] ✅ retention fb-h5
2026-08-06 18:01:15 [DASHBOARD] ✅ retention tt-pwa
2026-08-06 18:01:15 [DASHBOARD] ✅ retention kwai-pwa
2026-08-06 18:01:15 [DASHBOARD] ✅ retention dsp-h5
2026-08-06 18:01:15 [DASHBOARD] ✅ retention fb-pwa
2026-08-06 18:01:15 [DASHBOARD] ✅ retention fb-pwa-a
2026-08-06 18:01:15 [DASHBOARD] ✅ retention ws-h5
2026-08-06 18:01:15 [DASHBOARD] ✅ retention 回访
2026-08-06 18:01:15 [DASHBOARD] Loading realtime data...
2026-08-06 18:01:15 [DASHBOARD] ✅ realtime 2026-08-06
2026-08-06 18:01:15 [DASHBOARD] ✅ realtime 2026-08-05
2026-08-06 18:01:15 [DASHBOARD] ✅ realtime 2026-08-04
2026-08-06 18:01:15 [DASHBOARD] ✅ realtime 2026-08-03
2026-08-06 18:01:15 [DASHBOARD] ✅ Saved: /Users/xiaoruan/Documents/76b-getdata/nn22.json
2026-08-06 18:01:15 [DASHBOARD] ✅ Commit success
2026-08-06 18:01:15 [DASHBOARD] ✅ GitHub updated
2026-08-06 18:01:42 [DASHBOARD] ✅ ALL_TOTAL success
2026-08-06 18:01:42 [DASHBOARD] ✅ tt-pwa success
2026-08-06 18:01:42 [DASHBOARD] ✅ fb-h5-a success
2026-08-06 18:01:42 [DASHBOARD] ✅ fb-ios success
2026-08-06 18:01:42 [DASHBOARD] ✅ fb-h5 success
2026-08-06 18:01:42 [DASHBOARD] ✅ DL success
2026-08-06 18:01:42 [DASHBOARD] ✅ 上架包 success
2026-08-06 18:01:42 [DASHBOARD] ✅ fb-pwa success
2026-08-06 18:01:42 [DASHBOARD] ✅ fb-pwa-a success
2026-08-06 18:01:42 [DASHBOARD] ✅ kwai-pwa success
2026-08-06 18:01:42 [DASHBOARD] ✅ fb-pwa-b success
2026-08-06 18:01:42 [DASHBOARD] ✅ 其他 success
2026-08-06 18:01:42 [DASHBOARD] ✅ ws-h5 success
2026-08-06 18:01:42 [DASHBOARD] Brazil now : 2026-08-06 07:01:15.230422-03:00
2026-08-06 18:01:42 [DASHBOARD] Report day : 2026-08-06
2026-08-06 18:01:42 [DASHBOARD] Yesterday  : 2026-08-05
2026-08-06 18:01:42 [DASHBOARD] Hour start : 2026-08-05 03:00:00+00:00
2026-08-06 18:01:42 [DASHBOARD] Hour end   : 2026-08-05 09:59:59+00:00
2026-08-06 18:01:42 [DASHBOARD] Brazil now : 2026-08-06 07:01:15.230422-03:00
2026-08-06 18:01:42 [DASHBOARD] Hour start : 2026-08-05 03:00:00+00:00
2026-08-06 18:01:42 [DASHBOARD] Hour end   : 2026-08-05 09:59:59+00:00
2026-08-06 18:01:42 [DASHBOARD] ✅ hour ALL_TOTAL
2026-08-06 18:01:42 [DASHBOARD] ✅ hour fb-pwa-b
2026-08-06 18:01:42 [DASHBOARD] ✅ hour fb-h5-a
2026-08-06 18:01:42 [DASHBOARD] ✅ hour kwai-pwa
2026-08-06 18:01:42 [DASHBOARD] ✅ hour 上架包
2026-08-06 18:01:42 [DASHBOARD] ✅ hour fb-pwa
2026-08-06 18:01:42 [DASHBOARD] ✅ hour fb-h5
2026-08-06 18:01:42 [DASHBOARD] ✅ hour tt-pwa
2026-08-06 18:01:42 [DASHBOARD] ✅ hour 其他
2026-08-06 18:01:42 [DASHBOARD] ✅ hour fb-ios
2026-08-06 18:01:42 [DASHBOARD] ✅ hour fb-pwa-a
2026-08-06 18:01:42 [DASHBOARD] ✅ hour ws-h5
2026-08-06 18:01:42 [DASHBOARD] ✅ hour DL
2026-08-06 18:01:42 [DASHBOARD] ✅ retention ALL
2026-08-06 18:01:42 [DASHBOARD] ✅ retention fb-pwa-b
2026-08-06 18:01:42 [DASHBOARD] ✅ retention kwai-pwa
2026-08-06 18:01:42 [DASHBOARD] ✅ retention tt-pwa
2026-08-06 18:01:42 [DASHBOARD] ✅ retention fb-ios
2026-08-06 18:01:42 [DASHBOARD] ✅ retention fb-pwa
2026-08-06 18:01:42 [DASHBOARD] ✅ retention fb-h5-a
2026-08-06 18:01:42 [DASHBOARD] ✅ retention DL
2026-08-06 18:01:42 [DASHBOARD] ✅ retention 上架包
2026-08-06 18:01:42 [DASHBOARD] ✅ retention fb-pwa-a
2026-08-06 18:01:42 [DASHBOARD] ✅ retention fb-h5
2026-08-06 18:01:42 [DASHBOARD] ✅ retention ws-h5
2026-08-06 18:01:42 [DASHBOARD] ✅ retention 其他
2026-08-06 18:01:42 [DASHBOARD] Loading realtime data...
2026-08-06 18:01:42 [DASHBOARD] ✅ realtime 2026-08-06
2026-08-06 18:01:42 [DASHBOARD] ✅ realtime 2026-08-05
2026-08-06 18:01:42 [DASHBOARD] ✅ realtime 2026-08-04
2026-08-06 18:01:42 [DASHBOARD] ✅ realtime 2026-08-03
2026-08-06 18:01:42 [DASHBOARD] ✅ Saved: /Users/xiaoruan/Documents/76b-getdata/23a.json
2026-08-06 18:01:42 [DASHBOARD] ✅ Commit success
2026-08-06 18:01:42 [DASHBOARD] ✅ GitHub updated
2026-08-06 18:02:06 [shujugenjin] ---> [1/25] 正在处理: Site 73J
2026-08-06 18:02:06 [DASHBOARD] ✅ ALL_TOTAL success
2026-08-06 18:02:06 [DASHBOARD] ✅ tt-pwa success
2026-08-06 18:02:06 [DASHBOARD] ✅ fb-pwa success
2026-08-06 18:02:06 [DASHBOARD] ✅ fb-pwa-a success
2026-08-06 18:02:06 [DASHBOARD] ✅ 其他 success
2026-08-06 18:02:06 [DASHBOARD] ✅ fb-h5 success
2026-08-06 18:02:06 [DASHBOARD] ✅ fb-ios success
2026-08-06 18:02:06 [DASHBOARD] ✅ fb-pwa-b success
2026-08-06 18:02:06 [DASHBOARD] ✅ kwai-pwa success
2026-08-06 18:02:06 [DASHBOARD] ✅ 上架包 success
2026-08-06 18:02:06 [DASHBOARD] ✅ DL success
2026-08-06 18:02:06 [DASHBOARD] Brazil now : 2026-08-06 07:01:42.263228-03:00
2026-08-06 18:02:06 [DASHBOARD] Report day : 2026-08-06
2026-08-06 18:02:06 [DASHBOARD] Yesterday  : 2026-08-05
2026-08-06 18:02:06 [DASHBOARD] Hour start : 2026-08-05 03:00:00+00:00
2026-08-06 18:02:06 [DASHBOARD] Hour end   : 2026-08-05 09:59:59+00:00
2026-08-06 18:02:06 [DASHBOARD] Brazil now : 2026-08-06 07:01:42.263228-03:00
2026-08-06 18:02:06 [DASHBOARD] Hour start : 2026-08-05 03:00:00+00:00
2026-08-06 18:02:06 [DASHBOARD] Hour end   : 2026-08-05 09:59:59+00:00
2026-08-06 18:02:06 [DASHBOARD] ✅ hour ALL_TOTAL
2026-08-06 18:02:06 [DASHBOARD] ✅ hour fb-h5
2026-08-06 18:02:06 [DASHBOARD] ✅ hour fb-ios
2026-08-06 18:02:06 [DASHBOARD] ✅ hour fb-pwa-a
2026-08-06 18:02:06 [DASHBOARD] ✅ hour tt-pwa
2026-08-06 18:02:06 [DASHBOARD] ✅ hour DL
2026-08-06 18:02:06 [DASHBOARD] ✅ hour kwai-pwa
2026-08-06 18:02:06 [DASHBOARD] ✅ hour 上架包
2026-08-06 18:02:06 [DASHBOARD] ✅ hour fb-pwa
2026-08-06 18:02:06 [DASHBOARD] ✅ hour 其他
2026-08-06 18:02:06 [DASHBOARD] ✅ hour fb-pwa-b
2026-08-06 18:02:06 [DASHBOARD] ✅ retention ALL
2026-08-06 18:02:06 [DASHBOARD] ✅ retention kwai-pwa
2026-08-06 18:02:06 [DASHBOARD] ✅ retention tt-pwa
2026-08-06 18:02:06 [DASHBOARD] ✅ retention fb-ios
2026-08-06 18:02:06 [DASHBOARD] ✅ retention fb-pwa
2026-08-06 18:02:06 [DASHBOARD] ✅ retention fb-pwa-a
2026-08-06 18:02:06 [DASHBOARD] ✅ retention fb-pwa-b
2026-08-06 18:02:06 [DASHBOARD] ✅ retention 上架包
2026-08-06 18:02:06 [DASHBOARD] ✅ retention fb-h5
2026-08-06 18:02:06 [DASHBOARD] ✅ retention DL
2026-08-06 18:02:06 [DASHBOARD] ✅ retention 其他
2026-08-06 18:02:06 [DASHBOARD] Loading realtime data...
2026-08-06 18:02:06 [DASHBOARD] ✅ realtime 2026-08-06
2026-08-06 18:02:06 [DASHBOARD] ✅ realtime 2026-08-05
2026-08-06 18:02:06 [DASHBOARD] ✅ realtime 2026-08-04
2026-08-06 18:02:06 [DASHBOARD] ✅ realtime 2026-08-03
2026-08-06 18:02:06 [DASHBOARD] ✅ Saved: /Users/xiaoruan/Documents/76b-getdata/23e.json
2026-08-06 18:02:06 [DASHBOARD] ✅ Commit success
2026-08-06 18:02:06 [DASHBOARD] ✅ GitHub updated
2026-08-06 18:02:06 [DASHBOARD] ✅ Done
2026-08-06 18:02:06 [DASHBOARD] ✅ 推广汇总更新完成
2026-08-06 18:02:11 [shujugenjin] ---> [2/25] 正在处理: Site 23E
2026-08-06 18:02:14 [shujugenjin] ---> [3/25] 正在处理: Site 23A
2026-08-06 18:02:17 [shujugenjin] ---> [4/25] 正在处理: Site NN22
2026-08-06 18:02:19 [shujugenjin] ---> [5/25] 正在处理: Site 76B
2026-08-06 18:02:23 [shujugenjin] ---> [6/25] 正在处理: Site 5BBB
2026-08-06 18:02:26 [shujugenjin] ---> [7/25] 正在处理: Site XXX7
2026-08-06 18:02:29 [shujugenjin] ---> [8/25] 正在处理: Site WW33
2026-08-06 18:02:32 [shujugenjin] ---> [9/25] 正在处理: Site 55UU
2026-08-06 18:02:35 [shujugenjin] ---> [10/25] 正在处理: Site EE44
2026-08-06 18:02:40 [shujugenjin] ---> [11/25] 正在处理: Site BB22
2026-08-06 18:02:44 [shujugenjin] ---> [12/25] 正在处理: Site 7JJJ
2026-08-06 18:02:47 [shujugenjin] ---> [13/25] 正在处理: Site XXX1
2026-08-06 18:02:50 [shujugenjin] ---> [14/25] 正在处理: Site 44WW
2026-08-06 18:02:54 [shujugenjin] ---> [15/25] 正在处理: Site 33NN
2026-08-06 18:02:56 [shujugenjin] ---> [16/25] 正在处理: Site RR66
2026-08-06 18:02:59 [shujugenjin] ---> [17/25] 正在处理: Site KK44
2026-08-06 18:03:02 [shujugenjin] ---> [18/25] 正在处理: Site 33CC
2026-08-06 18:03:07 [shujugenjin] ---> [19/25] 正在处理: Site 22CC
2026-08-06 18:03:10 [shujugenjin] ---> [20/25] 正在处理: Site 77SS
2026-08-06 18:03:13 [shujugenjin] ---> [21/25] 正在处理: Site 11CC
2026-08-06 18:03:16 [shujugenjin] ---> [22/25] 正在处理: Site 99SS
2026-08-06 18:03:20 [shujugenjin] ---> [23/25] 正在处理: Site 66AA
2026-08-06 18:03:23 [shujugenjin] ---> [24/25] 正在处理: Site 77GG
2026-08-06 18:03:26 [shujugenjin] ---> [25/25] 正在处理: Site 77BB
2026-08-06 18:03:51 [shujugenjin] 🎉所有站点综合分析图片及文字报告已成功发送至 Telegram！
2026-08-06 19:00:00 [DASHBOARD] 🚀 Run: 2026-08-06 18:59:59.990243
2026-08-06 19:00:49 [DASHBOARD] ✅ ALL_TOTAL success
2026-08-06 19:00:49 [DASHBOARD] ✅ tt-pwa success
2026-08-06 19:00:49 [DASHBOARD] ✅ fb-h5-a success
2026-08-06 19:00:49 [DASHBOARD] ✅ 上架包 success
2026-08-06 19:00:49 [DASHBOARD] ✅ tt-h5 success
2026-08-06 19:00:49 [DASHBOARD] ✅ fb-pwa success
2026-08-06 19:00:49 [DASHBOARD] ✅ fb-h5-b success
2026-08-06 19:00:49 [DASHBOARD] ✅ fb-pwa-b success
2026-08-06 19:00:49 [DASHBOARD] ✅ fb-pwa-a success
2026-08-06 19:00:49 [DASHBOARD] ✅ kwai-pwa success
2026-08-06 19:00:49 [DASHBOARD] ✅ fb-ios success
2026-08-06 19:00:49 [DASHBOARD] ✅ 其他 success
2026-08-06 19:00:49 [DASHBOARD] ✅ DL success
2026-08-06 19:00:49 [DASHBOARD] Brazil now : 2026-08-06 08:00:00.209643-03:00
2026-08-06 19:00:49 [DASHBOARD] Report day : 2026-08-06
2026-08-06 19:00:49 [DASHBOARD] Yesterday  : 2026-08-05
2026-08-06 19:00:49 [DASHBOARD] Hour start : 2026-08-05 03:00:00+00:00
2026-08-06 19:00:49 [DASHBOARD] Hour end   : 2026-08-05 10:59:59+00:00
2026-08-06 19:00:49 [DASHBOARD] Brazil now : 2026-08-06 08:00:00.209643-03:00
2026-08-06 19:00:49 [DASHBOARD] Hour start : 2026-08-05 03:00:00+00:00
2026-08-06 19:00:49 [DASHBOARD] Hour end   : 2026-08-05 10:59:59+00:00
2026-08-06 19:00:49 [DASHBOARD] ✅ hour ALL_TOTAL
2026-08-06 19:00:49 [DASHBOARD] ✅ hour fb-h5-b
2026-08-06 19:00:49 [DASHBOARD] ✅ hour fb-h5-a
2026-08-06 19:00:49 [DASHBOARD] ✅ hour fb-pwa
2026-08-06 19:00:49 [DASHBOARD] ✅ hour kwai-pwa
2026-08-06 19:00:49 [DASHBOARD] ✅ hour tt-h5
2026-08-06 19:00:49 [DASHBOARD] ✅ hour fb-pwa-a
2026-08-06 19:00:49 [DASHBOARD] ✅ hour fb-ios
2026-08-06 19:00:49 [DASHBOARD] ✅ hour 上架包
2026-08-06 19:00:49 [DASHBOARD] ✅ hour tt-pwa
2026-08-06 19:00:49 [DASHBOARD] ✅ hour fb-pwa-b
2026-08-06 19:00:49 [DASHBOARD] ✅ hour 其他
2026-08-06 19:00:49 [DASHBOARD] ✅ hour DL
2026-08-06 19:00:49 [DASHBOARD] ✅ retention ALL
2026-08-06 19:00:49 [DASHBOARD] ✅ retention fb-h5-b
2026-08-06 19:00:49 [DASHBOARD] ✅ retention kwai-pwa
2026-08-06 19:00:49 [DASHBOARD] ✅ retention tt-pwa
2026-08-06 19:00:49 [DASHBOARD] ✅ retention fb-pwa
2026-08-06 19:00:49 [DASHBOARD] ✅ retention fb-h5-a
2026-08-06 19:00:49 [DASHBOARD] ✅ retention tt-h5
2026-08-06 19:00:49 [DASHBOARD] ✅ retention 上架包
2026-08-06 19:00:49 [DASHBOARD] ✅ retention fb-ios
2026-08-06 19:00:49 [DASHBOARD] ✅ retention fb-pwa-a
2026-08-06 19:00:49 [DASHBOARD] ✅ retention fb-pwa-b
2026-08-06 19:00:49 [DASHBOARD] ✅ retention DL
2026-08-06 19:00:49 [DASHBOARD] ✅ retention 其他
2026-08-06 19:00:49 [DASHBOARD] Loading realtime data...
2026-08-06 19:00:49 [DASHBOARD] ✅ realtime 2026-08-06
2026-08-06 19:00:49 [DASHBOARD] ✅ realtime 2026-08-05
2026-08-06 19:00:49 [DASHBOARD] ✅ realtime 2026-08-04
2026-08-06 19:00:49 [DASHBOARD] ✅ realtime 2026-08-03
2026-08-06 19:00:49 [DASHBOARD] ✅ Saved: /Users/xiaoruan/Documents/76b-getdata/data.json
2026-08-06 19:00:49 [DASHBOARD] ✅ Commit success
2026-08-06 19:00:49 [DASHBOARD] ✅ GitHub updated
2026-08-06 19:01:22 [DASHBOARD] ✅ ALL_TOTAL success
2026-08-06 19:01:22 [DASHBOARD] ✅ dsp-h5 success
2026-08-06 19:01:22 [DASHBOARD] ✅ kwai-pwa success
2026-08-06 19:01:22 [DASHBOARD] ✅ fb-h5 success
2026-08-06 19:01:22 [DASHBOARD] ✅ 其他 success
2026-08-06 19:01:22 [DASHBOARD] ✅ fb-ios success
2026-08-06 19:01:22 [DASHBOARD] ✅ fb-pwa success
2026-08-06 19:01:22 [DASHBOARD] ✅ tt-pwa success
2026-08-06 19:01:22 [DASHBOARD] ✅ fb-pwa-a success
2026-08-06 19:01:22 [DASHBOARD] ✅ 回访 success
2026-08-06 19:01:22 [DASHBOARD] ✅ fb-h5-a success
2026-08-06 19:01:22 [DASHBOARD] ✅ ws-h5 success
2026-08-06 19:01:22 [DASHBOARD] Brazil now : 2026-08-06 08:00:49.315392-03:00
2026-08-06 19:01:22 [DASHBOARD] Report day : 2026-08-06
2026-08-06 19:01:22 [DASHBOARD] Yesterday  : 2026-08-05
2026-08-06 19:01:22 [DASHBOARD] Hour start : 2026-08-05 03:00:00+00:00
2026-08-06 19:01:22 [DASHBOARD] Hour end   : 2026-08-05 10:59:59+00:00
2026-08-06 19:01:22 [DASHBOARD] Brazil now : 2026-08-06 08:00:49.315392-03:00
2026-08-06 19:01:22 [DASHBOARD] Hour start : 2026-08-05 03:00:00+00:00
2026-08-06 19:01:22 [DASHBOARD] Hour end   : 2026-08-05 10:59:59+00:00
2026-08-06 19:01:22 [DASHBOARD] ✅ hour ALL_TOTAL
2026-08-06 19:01:22 [DASHBOARD] ✅ hour dsp-h5
2026-08-06 19:01:22 [DASHBOARD] ✅ hour fb-pwa
2026-08-06 19:01:22 [DASHBOARD] ✅ hour kwai-pwa
2026-08-06 19:01:22 [DASHBOARD] ✅ hour 其他
2026-08-06 19:01:22 [DASHBOARD] ✅ hour 回访
2026-08-06 19:01:22 [DASHBOARD] ✅ hour fb-pwa-a
2026-08-06 19:01:22 [DASHBOARD] ✅ hour tt-pwa
2026-08-06 19:01:22 [DASHBOARD] ✅ hour fb-ios
2026-08-06 19:01:22 [DASHBOARD] ✅ hour fb-h5-a
2026-08-06 19:01:22 [DASHBOARD] ✅ hour fb-h5
2026-08-06 19:01:22 [DASHBOARD] ✅ hour ws-h5
2026-08-06 19:01:22 [DASHBOARD] ✅ retention ALL
2026-08-06 19:01:22 [DASHBOARD] ✅ retention 回访
2026-08-06 19:01:22 [DASHBOARD] ✅ retention fb-h5
2026-08-06 19:01:22 [DASHBOARD] ✅ retention fb-pwa-a
2026-08-06 19:01:22 [DASHBOARD] ✅ retention fb-ios
2026-08-06 19:01:22 [DASHBOARD] ✅ retention fb-h5-a
2026-08-06 19:01:22 [DASHBOARD] ✅ retention kwai-pwa
2026-08-06 19:01:22 [DASHBOARD] ✅ retention 其他
2026-08-06 19:01:22 [DASHBOARD] ✅ retention tt-pwa
2026-08-06 19:01:22 [DASHBOARD] ✅ retention dsp-h5
2026-08-06 19:01:22 [DASHBOARD] ✅ retention ws-h5
2026-08-06 19:01:22 [DASHBOARD] ✅ retention fb-pwa
2026-08-06 19:01:22 [DASHBOARD] Loading realtime data...
2026-08-06 19:01:22 [DASHBOARD] ✅ realtime 2026-08-06
2026-08-06 19:01:22 [DASHBOARD] ✅ realtime 2026-08-05
2026-08-06 19:01:22 [DASHBOARD] ✅ realtime 2026-08-04
2026-08-06 19:01:22 [DASHBOARD] ✅ realtime 2026-08-03
2026-08-06 19:01:22 [DASHBOARD] ✅ Saved: /Users/xiaoruan/Documents/76b-getdata/nn22.json
2026-08-06 19:01:22 [DASHBOARD] ✅ Commit success
2026-08-06 19:01:22 [DASHBOARD] ✅ GitHub updated
2026-08-06 19:01:48 [DASHBOARD] ✅ ALL_TOTAL success
2026-08-06 19:01:48 [DASHBOARD] ✅ fb-h5-a success
2026-08-06 19:01:48 [DASHBOARD] ✅ 上架包 success
2026-08-06 19:01:48 [DASHBOARD] ✅ fb-pwa-b success
2026-08-06 19:01:48 [DASHBOARD] ✅ fb-ios success
2026-08-06 19:01:48 [DASHBOARD] ✅ DL success
2026-08-06 19:01:48 [DASHBOARD] ✅ fb-pwa success
2026-08-06 19:01:48 [DASHBOARD] ✅ fb-h5 success
2026-08-06 19:01:48 [DASHBOARD] ✅ tt-pwa success
2026-08-06 19:01:48 [DASHBOARD] ✅ kwai-pwa success
2026-08-06 19:01:48 [DASHBOARD] ✅ 其他 success
2026-08-06 19:01:48 [DASHBOARD] ✅ fb-pwa-a success
2026-08-06 19:01:48 [DASHBOARD] ✅ ws-h5 success
2026-08-06 19:01:48 [DASHBOARD] Brazil now : 2026-08-06 08:01:22.226631-03:00
2026-08-06 19:01:48 [DASHBOARD] Report day : 2026-08-06
2026-08-06 19:01:48 [DASHBOARD] Yesterday  : 2026-08-05
2026-08-06 19:01:48 [DASHBOARD] Hour start : 2026-08-05 03:00:00+00:00
2026-08-06 19:01:48 [DASHBOARD] Hour end   : 2026-08-05 10:59:59+00:00
2026-08-06 19:01:48 [DASHBOARD] Brazil now : 2026-08-06 08:01:22.226631-03:00
2026-08-06 19:01:48 [DASHBOARD] Hour start : 2026-08-05 03:00:00+00:00
2026-08-06 19:01:48 [DASHBOARD] Hour end   : 2026-08-05 10:59:59+00:00
2026-08-06 19:01:48 [DASHBOARD] ✅ hour ALL_TOTAL
2026-08-06 19:01:48 [DASHBOARD] ✅ hour fb-h5-a
2026-08-06 19:01:48 [DASHBOARD] ✅ hour fb-pwa-a
2026-08-06 19:01:48 [DASHBOARD] ✅ hour DL
2026-08-06 19:01:48 [DASHBOARD] ✅ hour fb-pwa
2026-08-06 19:01:48 [DASHBOARD] ✅ hour fb-ios
2026-08-06 19:01:48 [DASHBOARD] ✅ hour fb-pwa-b
2026-08-06 19:01:48 [DASHBOARD] ✅ hour kwai-pwa
2026-08-06 19:01:48 [DASHBOARD] ✅ hour 上架包
2026-08-06 19:01:48 [DASHBOARD] ✅ hour fb-h5
2026-08-06 19:01:48 [DASHBOARD] ✅ hour tt-pwa
2026-08-06 19:01:48 [DASHBOARD] ✅ hour ws-h5
2026-08-06 19:01:48 [DASHBOARD] ✅ hour 其他
2026-08-06 19:01:48 [DASHBOARD] ✅ retention ALL
2026-08-06 19:01:48 [DASHBOARD] ✅ retention tt-pwa
2026-08-06 19:01:48 [DASHBOARD] ✅ retention fb-h5-a
2026-08-06 19:01:48 [DASHBOARD] ✅ retention fb-pwa
2026-08-06 19:01:48 [DASHBOARD] ✅ retention fb-pwa-a
2026-08-06 19:01:48 [DASHBOARD] ✅ retention fb-pwa-b
2026-08-06 19:01:48 [DASHBOARD] ✅ retention DL
2026-08-06 19:01:48 [DASHBOARD] ✅ retention 上架包
2026-08-06 19:01:48 [DASHBOARD] ✅ retention fb-h5
2026-08-06 19:01:48 [DASHBOARD] ✅ retention kwai-pwa
2026-08-06 19:01:48 [DASHBOARD] ✅ retention fb-ios
2026-08-06 19:01:48 [DASHBOARD] ✅ retention 其他
2026-08-06 19:01:48 [DASHBOARD] ✅ retention ws-h5
2026-08-06 19:01:48 [DASHBOARD] Loading realtime data...
2026-08-06 19:01:48 [DASHBOARD] ✅ realtime 2026-08-06
2026-08-06 19:01:48 [DASHBOARD] ✅ realtime 2026-08-05
2026-08-06 19:01:48 [DASHBOARD] ✅ realtime 2026-08-04
2026-08-06 19:01:48 [DASHBOARD] ✅ realtime 2026-08-03
2026-08-06 19:01:48 [DASHBOARD] ✅ Saved: /Users/xiaoruan/Documents/76b-getdata/23a.json
2026-08-06 19:01:48 [DASHBOARD] ✅ Commit success
2026-08-06 19:01:48 [DASHBOARD] ✅ GitHub updated
2026-08-06 19:02:07 [shujugenjin] ---> [1/25] 正在处理: Site 73J
2026-08-06 19:02:11 [DASHBOARD] ✅ ALL_TOTAL success
2026-08-06 19:02:11 [DASHBOARD] ✅ fb-pwa-a success
2026-08-06 19:02:11 [DASHBOARD] ✅ fb-ios success
2026-08-06 19:02:11 [DASHBOARD] ✅ 其他 success
2026-08-06 19:02:11 [DASHBOARD] ✅ fb-h5 success
2026-08-06 19:02:11 [DASHBOARD] ✅ DL success
2026-08-06 19:02:11 [DASHBOARD] ✅ tt-pwa success
2026-08-06 19:02:11 [DASHBOARD] ✅ 上架包 success
2026-08-06 19:02:11 [DASHBOARD] ✅ fb-pwa success
2026-08-06 19:02:11 [DASHBOARD] ✅ fb-pwa-b success
2026-08-06 19:02:11 [DASHBOARD] ✅ kwai-pwa success
2026-08-06 19:02:11 [DASHBOARD] Brazil now : 2026-08-06 08:01:48.193487-03:00
2026-08-06 19:02:11 [DASHBOARD] Report day : 2026-08-06
2026-08-06 19:02:11 [DASHBOARD] Yesterday  : 2026-08-05
2026-08-06 19:02:11 [DASHBOARD] Hour start : 2026-08-05 03:00:00+00:00
2026-08-06 19:02:11 [DASHBOARD] Hour end   : 2026-08-05 10:59:59+00:00
2026-08-06 19:02:11 [DASHBOARD] Brazil now : 2026-08-06 08:01:48.193487-03:00
2026-08-06 19:02:11 [DASHBOARD] Hour start : 2026-08-05 03:00:00+00:00
2026-08-06 19:02:11 [DASHBOARD] Hour end   : 2026-08-05 10:59:59+00:00
2026-08-06 19:02:11 [DASHBOARD] ✅ hour ALL_TOTAL
2026-08-06 19:02:11 [DASHBOARD] ✅ hour fb-pwa-b
2026-08-06 19:02:11 [DASHBOARD] ✅ hour kwai-pwa
2026-08-06 19:02:11 [DASHBOARD] ✅ hour 上架包
2026-08-06 19:02:11 [DASHBOARD] ✅ hour fb-h5
2026-08-06 19:02:11 [DASHBOARD] ✅ hour fb-ios
2026-08-06 19:02:11 [DASHBOARD] ✅ hour tt-pwa
2026-08-06 19:02:11 [DASHBOARD] ✅ hour DL
2026-08-06 19:02:11 [DASHBOARD] ✅ hour fb-pwa-a
2026-08-06 19:02:11 [DASHBOARD] ✅ hour fb-pwa
2026-08-06 19:02:11 [DASHBOARD] ✅ hour 其他
2026-08-06 19:02:11 [DASHBOARD] ✅ retention ALL
2026-08-06 19:02:11 [DASHBOARD] ✅ retention fb-pwa-a
2026-08-06 19:02:11 [DASHBOARD] ✅ retention fb-ios
2026-08-06 19:02:11 [DASHBOARD] ✅ retention tt-pwa
2026-08-06 19:02:11 [DASHBOARD] ✅ retention fb-pwa-b
2026-08-06 19:02:11 [DASHBOARD] ✅ retention 上架包
2026-08-06 19:02:11 [DASHBOARD] ✅ retention fb-pwa
2026-08-06 19:02:11 [DASHBOARD] ✅ retention fb-h5
2026-08-06 19:02:11 [DASHBOARD] ✅ retention 其他
2026-08-06 19:02:11 [DASHBOARD] ✅ retention DL
2026-08-06 19:02:11 [DASHBOARD] ✅ retention kwai-pwa
2026-08-06 19:02:11 [DASHBOARD] Loading realtime data...
2026-08-06 19:02:11 [DASHBOARD] ✅ realtime 2026-08-06
2026-08-06 19:02:11 [DASHBOARD] ✅ realtime 2026-08-05
2026-08-06 19:02:11 [DASHBOARD] ✅ realtime 2026-08-04
2026-08-06 19:02:11 [DASHBOARD] ✅ realtime 2026-08-03
2026-08-06 19:02:11 [DASHBOARD] ✅ Saved: /Users/xiaoruan/Documents/76b-getdata/23e.json
2026-08-06 19:02:11 [DASHBOARD] ✅ Commit success
2026-08-06 19:02:11 [DASHBOARD] ✅ GitHub updated
2026-08-06 19:02:11 [DASHBOARD] ✅ Done
2026-08-06 19:02:11 [DASHBOARD] ✅ 推广汇总更新完成
2026-08-06 19:02:11 [shujugenjin] ---> [2/25] 正在处理: Site 23E
2026-08-06 19:02:14 [shujugenjin] ---> [3/25] 正在处理: Site 23A
2026-08-06 19:02:17 [shujugenjin] ---> [4/25] 正在处理: Site NN22
2026-08-06 19:02:20 [shujugenjin] ---> [5/25] 正在处理: Site 76B
2026-08-06 19:02:23 [shujugenjin] ---> [6/25] 正在处理: Site 5BBB
2026-08-06 19:02:26 [shujugenjin] ---> [7/25] 正在处理: Site XXX7
2026-08-06 19:02:30 [shujugenjin] ---> [8/25] 正在处理: Site WW33
2026-08-06 19:02:33 [shujugenjin] ---> [9/25] 正在处理: Site 55UU
2026-08-06 19:02:36 [shujugenjin] ---> [10/25] 正在处理: Site EE44
2026-08-06 19:02:39 [shujugenjin] ---> [11/25] 正在处理: Site BB22
2026-08-06 19:02:43 [shujugenjin] ---> [12/25] 正在处理: Site 7JJJ
2026-08-06 19:02:46 [shujugenjin] ---> [13/25] 正在处理: Site XXX1
2026-08-06 19:02:49 [shujugenjin] ---> [14/25] 正在处理: Site 44WW
2026-08-06 19:02:52 [shujugenjin] ---> [15/25] 正在处理: Site 33NN
2026-08-06 19:02:55 [shujugenjin] ---> [16/25] 正在处理: Site RR66
2026-08-06 19:02:58 [shujugenjin] ---> [17/25] 正在处理: Site KK44
2026-08-06 19:03:01 [shujugenjin] ---> [18/25] 正在处理: Site 33CC
2026-08-06 19:03:05 [shujugenjin] ---> [19/25] 正在处理: Site 22CC
2026-08-06 19:03:10 [shujugenjin] ---> [20/25] 正在处理: Site 77SS
2026-08-06 19:03:14 [shujugenjin] ---> [21/25] 正在处理: Site 11CC
2026-08-06 19:03:17 [shujugenjin] ---> [22/25] 正在处理: Site 99SS
2026-08-06 19:03:20 [shujugenjin] ---> [23/25] 正在处理: Site 66AA
2026-08-06 19:03:23 [shujugenjin] ---> [24/25] 正在处理: Site 77GG
2026-08-06 19:03:26 [shujugenjin] ---> [25/25] 正在处理: Site 77BB
2026-08-06 19:03:55 [shujugenjin] 🎉所有站点综合分析图片及文字报告已成功发送至 Telegram！
2026-08-06 20:00:00 [DASHBOARD] 🚀 Run: 2026-08-06 20:00:00.017620
2026-08-06 20:00:36 [DASHBOARD] ✅ ALL_TOTAL success
2026-08-06 20:00:36 [DASHBOARD] ✅ tt-h5 success
2026-08-06 20:00:36 [DASHBOARD] ✅ fb-ios success
2026-08-06 20:00:36 [DASHBOARD] ✅ fb-h5-a success
2026-08-06 20:00:36 [DASHBOARD] ✅ 上架包 success
2026-08-06 20:00:36 [DASHBOARD] ✅ fb-pwa-a success
2026-08-06 20:00:36 [DASHBOARD] ✅ kwai-pwa success
2026-08-06 20:00:36 [DASHBOARD] ✅ tt-pwa success
2026-08-06 20:00:36 [DASHBOARD] ✅ fb-h5-b success
2026-08-06 20:00:36 [DASHBOARD] ✅ fb-pwa success
2026-08-06 20:00:36 [DASHBOARD] ✅ fb-pwa-b success
2026-08-06 20:00:36 [DASHBOARD] ✅ DL success
2026-08-06 20:00:36 [DASHBOARD] ✅ 其他 success
2026-08-06 20:00:36 [DASHBOARD] Brazil now : 2026-08-06 09:00:00.192755-03:00
2026-08-06 20:00:36 [DASHBOARD] Report day : 2026-08-06
2026-08-06 20:00:36 [DASHBOARD] Yesterday  : 2026-08-05
2026-08-06 20:00:36 [DASHBOARD] Hour start : 2026-08-05 03:00:00+00:00
2026-08-06 20:00:36 [DASHBOARD] Hour end   : 2026-08-05 11:59:59+00:00
2026-08-06 20:00:36 [DASHBOARD] Brazil now : 2026-08-06 09:00:00.192755-03:00
2026-08-06 20:00:36 [DASHBOARD] Hour start : 2026-08-05 03:00:00+00:00
2026-08-06 20:00:36 [DASHBOARD] Hour end   : 2026-08-05 11:59:59+00:00
2026-08-06 20:00:36 [DASHBOARD] ✅ hour ALL_TOTAL
2026-08-06 20:00:36 [DASHBOARD] ✅ hour fb-pwa
2026-08-06 20:00:36 [DASHBOARD] ✅ hour tt-pwa
2026-08-06 20:00:36 [DASHBOARD] ✅ hour fb-h5-b
2026-08-06 20:00:36 [DASHBOARD] ✅ hour 上架包
2026-08-06 20:00:36 [DASHBOARD] ✅ hour fb-pwa-b
2026-08-06 20:00:36 [DASHBOARD] ✅ hour tt-h5
2026-08-06 20:00:36 [DASHBOARD] ✅ hour fb-ios
2026-08-06 20:00:36 [DASHBOARD] ✅ hour fb-h5-a
2026-08-06 20:00:36 [DASHBOARD] ✅ hour DL
2026-08-06 20:00:36 [DASHBOARD] ✅ hour 其他
2026-08-06 20:00:36 [DASHBOARD] ✅ hour kwai-pwa
2026-08-06 20:00:36 [DASHBOARD] ✅ hour fb-pwa-a
2026-08-06 20:00:36 [DASHBOARD] ✅ retention ALL
2026-08-06 20:00:36 [DASHBOARD] ✅ retention kwai-pwa
2026-08-06 20:00:36 [DASHBOARD] ✅ retention fb-pwa
2026-08-06 20:00:36 [DASHBOARD] ✅ retention 上架包
2026-08-06 20:00:36 [DASHBOARD] ✅ retention tt-h5
2026-08-06 20:00:36 [DASHBOARD] ✅ retention fb-h5-a
2026-08-06 20:00:36 [DASHBOARD] ✅ retention tt-pwa
2026-08-06 20:00:36 [DASHBOARD] ✅ retention fb-h5-b
2026-08-06 20:00:36 [DASHBOARD] ✅ retention fb-pwa-b
2026-08-06 20:00:36 [DASHBOARD] ✅ retention fb-ios
2026-08-06 20:00:36 [DASHBOARD] ✅ retention fb-pwa-a
2026-08-06 20:00:36 [DASHBOARD] ✅ retention DL
2026-08-06 20:00:36 [DASHBOARD] ✅ retention 其他
2026-08-06 20:00:36 [DASHBOARD] Loading realtime data...
2026-08-06 20:00:36 [DASHBOARD] ✅ realtime 2026-08-06
2026-08-06 20:00:36 [DASHBOARD] ✅ realtime 2026-08-05
2026-08-06 20:00:36 [DASHBOARD] ✅ realtime 2026-08-04
2026-08-06 20:00:36 [DASHBOARD] ✅ realtime 2026-08-03
2026-08-06 20:00:36 [DASHBOARD] ✅ Saved: /Users/xiaoruan/Documents/76b-getdata/data.json
2026-08-06 20:00:36 [DASHBOARD] ✅ Commit success
2026-08-06 20:00:36 [DASHBOARD] ✅ GitHub updated
2026-08-06 20:01:00 [DASHBOARD] ✅ ALL_TOTAL success
2026-08-06 20:01:00 [DASHBOARD] ✅ fb-ios success
2026-08-06 20:01:00 [DASHBOARD] ✅ fb-h5 success
2026-08-06 20:01:00 [DASHBOARD] ✅ fb-pwa success
2026-08-06 20:01:00 [DASHBOARD] ✅ fb-pwa-a success
2026-08-06 20:01:00 [DASHBOARD] ✅ kwai-pwa success
2026-08-06 20:01:00 [DASHBOARD] ✅ fb-h5-a success
2026-08-06 20:01:00 [DASHBOARD] ✅ tt-pwa success
2026-08-06 20:01:00 [DASHBOARD] ✅ 其他 success
2026-08-06 20:01:00 [DASHBOARD] ✅ dsp-h5 success
2026-08-06 20:01:00 [DASHBOARD] ✅ 回访 success
2026-08-06 20:01:00 [DASHBOARD] ✅ ws-h5 success
2026-08-06 20:01:00 [DASHBOARD] Brazil now : 2026-08-06 09:00:37.098362-03:00
2026-08-06 20:01:00 [DASHBOARD] Report day : 2026-08-06
2026-08-06 20:01:00 [DASHBOARD] Yesterday  : 2026-08-05
2026-08-06 20:01:00 [DASHBOARD] Hour start : 2026-08-05 03:00:00+00:00
2026-08-06 20:01:00 [DASHBOARD] Hour end   : 2026-08-05 11:59:59+00:00
2026-08-06 20:01:00 [DASHBOARD] Brazil now : 2026-08-06 09:00:37.098362-03:00
2026-08-06 20:01:00 [DASHBOARD] Hour start : 2026-08-05 03:00:00+00:00
2026-08-06 20:01:00 [DASHBOARD] Hour end   : 2026-08-05 11:59:59+00:00
2026-08-06 20:01:00 [DASHBOARD] ✅ hour ALL_TOTAL
2026-08-06 20:01:00 [DASHBOARD] ✅ hour fb-h5-a
2026-08-06 20:01:00 [DASHBOARD] ✅ hour tt-pwa
2026-08-06 20:01:00 [DASHBOARD] ✅ hour fb-h5
2026-08-06 20:01:00 [DASHBOARD] ✅ hour kwai-pwa
2026-08-06 20:01:00 [DASHBOARD] ✅ hour 其他
2026-08-06 20:01:00 [DASHBOARD] ✅ hour dsp-h5
2026-08-06 20:01:00 [DASHBOARD] ✅ hour fb-ios
2026-08-06 20:01:00 [DASHBOARD] ✅ hour 回访
2026-08-06 20:01:00 [DASHBOARD] ✅ hour fb-pwa-a
2026-08-06 20:01:00 [DASHBOARD] ✅ hour ws-h5
2026-08-06 20:01:00 [DASHBOARD] ✅ hour fb-pwa
2026-08-06 20:01:00 [DASHBOARD] ✅ retention ALL
2026-08-06 20:01:00 [DASHBOARD] ✅ retention fb-h5-a
2026-08-06 20:01:00 [DASHBOARD] ✅ retention fb-pwa
2026-08-06 20:01:00 [DASHBOARD] ✅ retention tt-pwa
2026-08-06 20:01:00 [DASHBOARD] ✅ retention 其他
2026-08-06 20:01:00 [DASHBOARD] ✅ retention fb-h5
2026-08-06 20:01:00 [DASHBOARD] ✅ retention fb-pwa-a
2026-08-06 20:01:00 [DASHBOARD] ✅ retention kwai-pwa
2026-08-06 20:01:00 [DASHBOARD] ✅ retention fb-ios
2026-08-06 20:01:00 [DASHBOARD] ✅ retention dsp-h5
2026-08-06 20:01:00 [DASHBOARD] ✅ retention ws-h5
2026-08-06 20:01:00 [DASHBOARD] ✅ retention 回访
2026-08-06 20:01:00 [DASHBOARD] Loading realtime data...
2026-08-06 20:01:00 [DASHBOARD] ✅ realtime 2026-08-06
2026-08-06 20:01:00 [DASHBOARD] ✅ realtime 2026-08-05
2026-08-06 20:01:00 [DASHBOARD] ✅ realtime 2026-08-04
2026-08-06 20:01:00 [DASHBOARD] ✅ realtime 2026-08-03
2026-08-06 20:01:00 [DASHBOARD] ✅ Saved: /Users/xiaoruan/Documents/76b-getdata/nn22.json
2026-08-06 20:01:00 [DASHBOARD] ✅ Commit success
2026-08-06 20:01:00 [DASHBOARD] ✅ GitHub updated
2026-08-06 20:01:22 [DASHBOARD] ✅ ALL_TOTAL success
2026-08-06 20:01:22 [DASHBOARD] ✅ fb-h5 success
2026-08-06 20:01:22 [DASHBOARD] ✅ DL success
2026-08-06 20:01:22 [DASHBOARD] ✅ tt-pwa success
2026-08-06 20:01:22 [DASHBOARD] ✅ 上架包 success
2026-08-06 20:01:22 [DASHBOARD] ✅ fb-pwa-b success
2026-08-06 20:01:22 [DASHBOARD] ✅ fb-h5-a success
2026-08-06 20:01:22 [DASHBOARD] ✅ kwai-pwa success
2026-08-06 20:01:22 [DASHBOARD] ✅ fb-ios success
2026-08-06 20:01:22 [DASHBOARD] ✅ fb-pwa success
2026-08-06 20:01:22 [DASHBOARD] ✅ fb-pwa-a success
2026-08-06 20:01:22 [DASHBOARD] ✅ 其他 success
2026-08-06 20:01:22 [DASHBOARD] ✅ ws-h5 success
2026-08-06 20:01:22 [DASHBOARD] Brazil now : 2026-08-06 09:01:00.560642-03:00
2026-08-06 20:01:22 [DASHBOARD] Report day : 2026-08-06
2026-08-06 20:01:22 [DASHBOARD] Yesterday  : 2026-08-05
2026-08-06 20:01:22 [DASHBOARD] Hour start : 2026-08-05 03:00:00+00:00
2026-08-06 20:01:22 [DASHBOARD] Hour end   : 2026-08-05 11:59:59+00:00
2026-08-06 20:01:22 [DASHBOARD] Brazil now : 2026-08-06 09:01:00.560642-03:00
2026-08-06 20:01:22 [DASHBOARD] Hour start : 2026-08-05 03:00:00+00:00
2026-08-06 20:01:22 [DASHBOARD] Hour end   : 2026-08-05 11:59:59+00:00
2026-08-06 20:01:22 [DASHBOARD] ✅ hour ALL_TOTAL
2026-08-06 20:01:22 [DASHBOARD] ✅ hour DL
2026-08-06 20:01:22 [DASHBOARD] ✅ hour 上架包
2026-08-06 20:01:22 [DASHBOARD] ✅ hour fb-pwa-b
2026-08-06 20:01:22 [DASHBOARD] ✅ hour fb-pwa-a
2026-08-06 20:01:22 [DASHBOARD] ✅ hour fb-h5-a
2026-08-06 20:01:22 [DASHBOARD] ✅ hour fb-ios
2026-08-06 20:01:22 [DASHBOARD] ✅ hour fb-pwa
2026-08-06 20:01:22 [DASHBOARD] ✅ hour kwai-pwa
2026-08-06 20:01:22 [DASHBOARD] ✅ hour fb-h5
2026-08-06 20:01:22 [DASHBOARD] ✅ hour 其他
2026-08-06 20:01:22 [DASHBOARD] ✅ hour ws-h5
2026-08-06 20:01:22 [DASHBOARD] ✅ hour tt-pwa
2026-08-06 20:01:22 [DASHBOARD] ✅ retention ALL
2026-08-06 20:01:22 [DASHBOARD] ✅ retention fb-ios
2026-08-06 20:01:22 [DASHBOARD] ✅ retention fb-h5-a
2026-08-06 20:01:22 [DASHBOARD] ✅ retention fb-pwa-b
2026-08-06 20:01:22 [DASHBOARD] ✅ retention tt-pwa
2026-08-06 20:01:22 [DASHBOARD] ✅ retention fb-pwa-a
2026-08-06 20:01:22 [DASHBOARD] ✅ retention kwai-pwa
2026-08-06 20:01:22 [DASHBOARD] ✅ retention fb-h5
2026-08-06 20:01:22 [DASHBOARD] ✅ retention fb-pwa
2026-08-06 20:01:22 [DASHBOARD] ✅ retention 上架包
2026-08-06 20:01:22 [DASHBOARD] ✅ retention DL
2026-08-06 20:01:22 [DASHBOARD] ✅ retention 其他
2026-08-06 20:01:22 [DASHBOARD] ✅ retention ws-h5
2026-08-06 20:01:22 [DASHBOARD] Loading realtime data...
2026-08-06 20:01:22 [DASHBOARD] ✅ realtime 2026-08-06
2026-08-06 20:01:22 [DASHBOARD] ✅ realtime 2026-08-05
2026-08-06 20:01:22 [DASHBOARD] ✅ realtime 2026-08-04
2026-08-06 20:01:22 [DASHBOARD] ✅ realtime 2026-08-03
2026-08-06 20:01:22 [DASHBOARD] ✅ Saved: /Users/xiaoruan/Documents/76b-getdata/23a.json
2026-08-06 20:01:22 [DASHBOARD] ✅ Commit success
2026-08-06 20:01:22 [DASHBOARD] ✅ GitHub updated
2026-08-06 20:01:44 [DASHBOARD] ✅ ALL_TOTAL success
2026-08-06 20:01:44 [DASHBOARD] ✅ fb-ios success
2026-08-06 20:01:44 [DASHBOARD] ✅ fb-pwa success
2026-08-06 20:01:44 [DASHBOARD] ✅ 其他 success
2026-08-06 20:01:44 [DASHBOARD] ✅ kwai-pwa success
2026-08-06 20:01:44 [DASHBOARD] ✅ DL success
2026-08-06 20:01:44 [DASHBOARD] ✅ fb-h5 success
2026-08-06 20:01:44 [DASHBOARD] ✅ fb-pwa-a success
2026-08-06 20:01:44 [DASHBOARD] ✅ 上架包 success
2026-08-06 20:01:44 [DASHBOARD] ✅ tt-pwa success
2026-08-06 20:01:44 [DASHBOARD] ✅ fb-pwa-b success
2026-08-06 20:01:44 [DASHBOARD] Brazil now : 2026-08-06 09:01:22.576246-03:00
2026-08-06 20:01:44 [DASHBOARD] Report day : 2026-08-06
2026-08-06 20:01:44 [DASHBOARD] Yesterday  : 2026-08-05
2026-08-06 20:01:44 [DASHBOARD] Hour start : 2026-08-05 03:00:00+00:00
2026-08-06 20:01:44 [DASHBOARD] Hour end   : 2026-08-05 11:59:59+00:00
2026-08-06 20:01:44 [DASHBOARD] Brazil now : 2026-08-06 09:01:22.576246-03:00
2026-08-06 20:01:44 [DASHBOARD] Hour start : 2026-08-05 03:00:00+00:00
2026-08-06 20:01:44 [DASHBOARD] Hour end   : 2026-08-05 11:59:59+00:00
2026-08-06 20:01:44 [DASHBOARD] ✅ hour ALL_TOTAL
2026-08-06 20:01:44 [DASHBOARD] ✅ hour fb-ios
2026-08-06 20:01:44 [DASHBOARD] ✅ hour fb-pwa-b
2026-08-06 20:01:44 [DASHBOARD] ✅ hour tt-pwa
2026-08-06 20:01:44 [DASHBOARD] ✅ hour fb-pwa-a
2026-08-06 20:01:44 [DASHBOARD] ✅ hour 上架包
2026-08-06 20:01:44 [DASHBOARD] ✅ hour 其他
2026-08-06 20:01:44 [DASHBOARD] ✅ hour DL
2026-08-06 20:01:44 [DASHBOARD] ✅ hour fb-pwa
2026-08-06 20:01:44 [DASHBOARD] ✅ hour kwai-pwa
2026-08-06 20:01:44 [DASHBOARD] ✅ hour fb-h5
2026-08-06 20:01:44 [DASHBOARD] ✅ retention ALL
2026-08-06 20:01:44 [DASHBOARD] ✅ retention 上架包
2026-08-06 20:01:44 [DASHBOARD] ✅ retention fb-pwa
2026-08-06 20:01:44 [DASHBOARD] ✅ retention 其他
2026-08-06 20:01:44 [DASHBOARD] ✅ retention tt-pwa
2026-08-06 20:01:44 [DASHBOARD] ✅ retention fb-pwa-a
2026-08-06 20:01:44 [DASHBOARD] ✅ retention fb-pwa-b
2026-08-06 20:01:44 [DASHBOARD] ✅ retention fb-ios
2026-08-06 20:01:44 [DASHBOARD] ✅ retention DL
2026-08-06 20:01:44 [DASHBOARD] ✅ retention kwai-pwa
2026-08-06 20:01:44 [DASHBOARD] ✅ retention fb-h5
2026-08-06 20:01:44 [DASHBOARD] Loading realtime data...
2026-08-06 20:01:44 [DASHBOARD] ✅ realtime 2026-08-06
2026-08-06 20:01:44 [DASHBOARD] ✅ realtime 2026-08-05
2026-08-06 20:01:44 [DASHBOARD] ✅ realtime 2026-08-04
2026-08-06 20:01:44 [DASHBOARD] ✅ realtime 2026-08-03
2026-08-06 20:01:44 [DASHBOARD] ✅ Saved: /Users/xiaoruan/Documents/76b-getdata/23e.json
2026-08-06 20:01:44 [DASHBOARD] ✅ Commit success
2026-08-06 20:01:44 [DASHBOARD] ✅ GitHub updated
2026-08-06 20:01:44 [DASHBOARD] ✅ Done
2026-08-06 20:01:44 [DASHBOARD] ✅ 推广汇总更新完成
2026-08-06 20:02:10 [shujugenjin] ---> [1/25] 正在处理: Site 73J
2026-08-06 20:02:14 [shujugenjin] ---> [2/25] 正在处理: Site 23E
2026-08-06 20:02:17 [shujugenjin] ---> [3/25] 正在处理: Site 23A
2026-08-06 20:02:21 [shujugenjin] ---> [4/25] 正在处理: Site NN22
2026-08-06 20:02:24 [shujugenjin] ---> [5/25] 正在处理: Site 76B
2026-08-06 20:02:27 [shujugenjin] ---> [6/25] 正在处理: Site 5BBB
2026-08-06 20:02:30 [shujugenjin] ---> [7/25] 正在处理: Site XXX7
2026-08-06 20:02:34 [shujugenjin] ---> [8/25] 正在处理: Site WW33
2026-08-06 20:02:37 [shujugenjin] ---> [9/25] 正在处理: Site 55UU
2026-08-06 20:02:40 [shujugenjin] ---> [10/25] 正在处理: Site EE44
2026-08-06 20:02:43 [shujugenjin] ---> [11/25] 正在处理: Site BB22
2026-08-06 20:02:45 [shujugenjin] ---> [12/25] 正在处理: Site 7JJJ
2026-08-06 20:02:49 [shujugenjin] ---> [13/25] 正在处理: Site XXX1
2026-08-06 20:02:51 [shujugenjin] ---> [14/25] 正在处理: Site 44WW
2026-08-06 20:02:55 [shujugenjin] ---> [15/25] 正在处理: Site 33NN
2026-08-06 20:02:59 [shujugenjin] ---> [16/25] 正在处理: Site RR66
2026-08-06 20:03:02 [shujugenjin] ---> [17/25] 正在处理: Site KK44
2026-08-06 20:03:05 [shujugenjin] ---> [18/25] 正在处理: Site 33CC
2026-08-06 20:03:07 [shujugenjin] ---> [19/25] 正在处理: Site 22CC
2026-08-06 20:03:11 [shujugenjin] ---> [20/25] 正在处理: Site 77SS
2026-08-06 20:03:14 [shujugenjin] ---> [21/25] 正在处理: Site 11CC
2026-08-06 20:03:18 [shujugenjin] ---> [22/25] 正在处理: Site 99SS
2026-08-06 20:03:21 [shujugenjin] ---> [23/25] 正在处理: Site 66AA
2026-08-06 20:03:24 [shujugenjin] ---> [24/25] 正在处理: Site 77GG
2026-08-06 20:03:28 [shujugenjin] ---> [25/25] 正在处理: Site 77BB
2026-08-06 20:03:59 [shujugenjin] 🎉所有站点综合分析图片及文字报告已成功发送至 Telegram！
